SMILES,SMILES_state,Warheads,Linker,NLL
c1([*])cc(C(N2CCC(C#N)([*])CC2)=O)no1,0,C(#Cc1ccccc1)c1cncc(N2CCC3(CNC3)C2)c1,c1([*])cc(C(N2CCC(C#N)([*])CC2)=O)no1,13.92
c1sc(C2(CCCC)CN(S(=O)(=O)[*])CC2)c(OCC[*])c1,0,C1N(C(OC(C)(C)C)=O)CC12CCN(c1cccc(Br)n1)C2,c1sc(C2(CCCC)CN(S(=O)(=O)[*])CC2)c(OCC[*])c1,32.5
[*]c1c(F)cc(N2CCC3(CCN(C(=O)C(F)(F)F)[*])CC3CC2)cc1,0,C1N(C(=O)OC(C)(C)C)CC12CCN(c1cncc(-c3ccc(F)cc3)c1)C2,[*]c1c(F)cc(N2CCC3(CCN(C(=O)C(F)(F)F)[*])CC3CC2)cc1,18.98
C1C(c2n(-c3ncc([*])cc3)c(=O)c([*])cc2)CC1,0,c1(Br)cncc(N2CCC3(CN(C(=O)OC(C)(C)C)C3)C2)c1,C1C(c2n(-c3ncc([*])cc3)c(=O)c([*])cc2)CC1,15.46
n1c2c(ccc(C#CCN3CCC(c4[nH]c(C)c(C[*])c4C)CC3)c2Cl)c(Oc2ccc([*])cc2)nc1,0,C1N(c2cncc(C#Cc3ccccc3)c2)CC2(CN(C(OC(C)(C)C)=O)C2)C1,n1c2c(ccc(C#CCN3CCC(c4[nH]c(C)c(C[*])c4C)CC3)c2Cl)c(Oc2ccc([*])cc2)nc1,38.82
N1(C(c2ccc([*])cc2)=O)CCC([*])CC1,0,O=C(OC(C)(C)C)N1CC2(CN(c3cncc(N4CC(OCCCc5ccccc5)C4)c3)CC2)C1,N1(C(c2ccc([*])cc2)=O)CCC([*])CC1,8.08
O=C(C1C(C#N)=C(N)N(c2ccc([*])cc2)C1c1ccc(C#CC[*])cc1)N,0,c12[nH]cc(CCC(=O)N3CC4(CN(c5cncc(C#CCCCCCC)c5)CC4)C3)c1cccc2,O=C(C1C(C#N)=C(N)N(c2ccc([*])cc2)C1c1ccc(C#CC[*])cc1)N,19.68
C1C(c2ccc([*])cc2)CCN([*])C1,0,C(CCCCC#Cc1cc(N2CCC3(CN(C(c4cc([N+](=O)[O-])cc([N+]([O-])=O)c4)=O)C3)C2)cnc1)C,C1C(c2ccc([*])cc2)CCN([*])C1,5.36
c1c([*])ccc(N2CCC(C[*])CC2)c1,0,c1(C#CCCCCCC)cncc(N2CC3(CC2)CN(C(=O)c2cc4c(cc2[N+]([O-])=O)OCO4)C3)c1,c1c([*])ccc(N2CCC(C[*])CC2)c1,6.07
C(=O)(c1cc([*])[nH]n1)N1CCC(C[*])CC1,0,c1c(C(=O)N2CC3(CN(c4cncc(C#CCCCCCC)c4)CC3)C2)ccc2c1OCO2,C(=O)(c1cc([*])[nH]n1)N1CCC(C[*])CC1,12.59
[*]c1ccc(N2C(=O)CNCC2C(N(C)C)=O)c([*])c1,0,C(CC#Cc1cc(N2CCC3(CN(Cc4cc([N+](=O)[O-])cc([N+]([O-])=O)c4)C3)C2)cnc1)CCCC,[*]c1ccc(N2C(=O)CNCC2C(N(C)C)=O)c([*])c1,12.24
c1([*])cnc(C#Cc2ccc([*])cc2)cc1,0,C12(CN(c3cncc(N4CC(OCCCCCC)C4)c3)CC1)CN(C(OC(C)(C)C)=O)C2,c1([*])cnc(C#Cc2ccc([*])cc2)cc1,5.85
c1([*])ccc(C(N2CCC([*])CC2)=O)nc1,0,C1CC2(CN1c1cc(C#Cc3ccccc3)cnc1)CN(C(c1cc([N+](=O)[O-])cc([N+]([O-])=O)c1)=O)C2,c1([*])ccc(C(N2CCC([*])CC2)=O)nc1,9.81
N1(c2cccc([*])c2)CCC(C#N)([*])CC1,0,C(#Cc1ccccc1)c1cncc(N2CCC3(CNC3)C2)c1,N1(c2cccc([*])c2)CCC(C#N)([*])CC1,11.91
C(c1c(Cl)c(OCC[*])cc(Cl)c1)(NC1CCC([*])CC1)=O,0,C1N(C(OC(C)(C)C)=O)CC12CCN(c1cccc(Br)n1)C2,C(c1c(Cl)c(OCC[*])cc(Cl)c1)(NC1CCC([*])CC1)=O,20.21
c1([N+]([O-])=O)cc2c(n1CC[*])ccc(N1CCC(C[*])CC1)c2,0,C1N(C(=O)OC(C)(C)C)CC12CCN(c1cncc(-c3ccc(F)cc3)c1)C2,c1([N+]([O-])=O)cc2c(n1CC[*])ccc(N1CCC(C[*])CC1)c2,21.24
c1([*])cc(NC(=O)c2n(C)ncc2[*])c(C)cc1,0,c1(Br)cncc(N2CCC3(CN(C(=O)OC(C)(C)C)C3)C2)c1,c1([*])cc(NC(=O)c2n(C)ncc2[*])c(C)cc1,14.41
C1C(Cn2c(=O)c3ccccc3n(CC=CC(=O)[*])c2=O)CCC(C#N)(C[*])C1,0,C1N(c2cncc(C#Cc3ccccc3)c2)CC2(CN(C(OC(C)(C)C)=O)C2)C1,C1C(Cn2c(=O)c3ccccc3n(CC=CC(=O)[*])c2=O)CCC(C#N)(C[*])C1,23.94
c1([*])ccc(-n2c(C)ccc2[*])cc1,0,O=C(OC(C)(C)C)N1CC2(CN(c3cncc(N4CC(OCCCc5ccccc5)C4)c3)CC2)C1,c1([*])ccc(-n2c(C)ccc2[*])cc1,15.01
c1([*])oc(C(N2CCC([*])CC2)=O)cc1,0,c12[nH]cc(CCC(=O)N3CC4(CN(c5cncc(C#CCCCCCC)c5)CC4)C3)c1cccc2,c1([*])oc(C(N2CCC([*])CC2)=O)cc1,7.55
N(=Nc1ccc([*])cc1)N1CCC(CN2CCC([*])CC2)CC1,0,C(CCCCC#Cc1cc(N2CCC3(CN(C(c4cc([N+](=O)[O-])cc([N+]([O-])=O)c4)=O)C3)C2)cnc1)C,N(=Nc1ccc([*])cc1)N1CCC(CN2CCC([*])CC2)CC1,11.61
c1ccc(C2=CCN(C(=O)NCC3CCC[*])CC3CC2)c([*])c1,0,c1(C#CCCCCCC)cncc(N2CC3(CC2)CN(C(=O)c2cc4c(cc2[N+]([O-])=O)OCO4)C3)c1,c1ccc(C2=CCN(C(=O)NCC3CCC[*])CC3CC2)c([*])c1,23.46
C1C(c2c(Cl)cc(Cl)cc2)CN(C(=O)c2c(Cl)cc([*])cc2)CCN1CCC[*],0,c1c(C(=O)N2CC3(CN(c4cncc(C#CCCCCCC)c4)CC3)C2)ccc2c1OCO2,C1C(c2c(Cl)cc(Cl)cc2)CN(C(=O)c2c(Cl)cc([*])cc2)CCN1CCC[*],18.53
c1cc([*])c([N+]([O-])=O)cc1-c1ccc([*])cc1,0,C(CC#Cc1cc(N2CCC3(CN(Cc4cc([N+](=O)[O-])cc([N+]([O-])=O)c4)C3)C2)cnc1)CCCC,c1cc([*])c([N+]([O-])=O)cc1-c1ccc([*])cc1,10.61
c1([*])ccc(C(=O)N2CCc3c(cc([*])cc3)C2)cc1,0,C12(CN(c3cncc(N4CC(OCCCCCC)C4)c3)CC1)CN(C(OC(C)(C)C)=O)C2,c1([*])ccc(C(=O)N2CCc3c(cc([*])cc3)C2)cc1,10.78
[*]c1cc(-c2ccc([*])cc2)ncc1,0,C1CC2(CN1c1cc(C#Cc3ccccc3)cnc1)CN(C(c1cc([N+](=O)[O-])cc([N+]([O-])=O)c1)=O)C2,[*]c1cc(-c2ccc([*])cc2)ncc1,9.01
c1cc([*])cc(Cl)c1CN1CCN(c2ccc([*])cn2)CC1,0,C(#Cc1ccccc1)c1cncc(N2CCC3(CNC3)C2)c1,c1cc([*])cc(Cl)c1CN1CCN(c2ccc([*])cn2)CC1,13.5
c1ccc(C(C)(C)C)c(-c2ccc(Oc3c(C(=O)NCCCC(=O)N)cnn3CC[*])cc2)c1CC[*],0,C1N(C(OC(C)(C)C)=O)CC12CCN(c1cccc(Br)n1)C2,c1ccc(C(C)(C)C)c(-c2ccc(Oc3c(C(=O)NCCCC(=O)N)cnn3CC[*])cc2)c1CC[*],35.44
O=S(c1ccc([*])cc1Cl)(=O)N1CCC([*])CC1,0,C1N(C(=O)OC(C)(C)C)CC12CCN(c1cncc(-c3ccc(F)cc3)c1)C2,O=S(c1ccc([*])cc1Cl)(=O)N1CCC([*])CC1,9.94
[*]c1n(C)c(=O)c(-c2cc([*])c(Cl)cc2)cc1,0,c1(Br)cncc(N2CCC3(CN(C(=O)OC(C)(C)C)C3)C2)c1,[*]c1n(C)c(=O)c(-c2cc([*])c(Cl)cc2)cc1,10.78
C1(=O)C2(CCN(C(c3ccc([*])cc3)=O)CC2)N(c2ccccc2)CN1CCC[*],0,C1N(c2cncc(C#Cc3ccccc3)c2)CC2(CN(C(OC(C)(C)C)=O)C2)C1,C1(=O)C2(CCN(C(c3ccc([*])cc3)=O)CC2)N(c2ccccc2)CN1CCC[*],12.74
c1(C)c([*])c(OC)cc(-c2nnc([*])c3ccccc23)c1,0,O=C(OC(C)(C)C)N1CC2(CN(c3cncc(N4CC(OCCCc5ccccc5)C4)c3)CC2)C1,c1(C)c([*])c(OC)cc(-c2nnc([*])c3ccccc23)c1,22.97
c12cc(C#C[*])oc1c(N1CCCC1)cc(C#C[*])c2,0,c12[nH]cc(CCC(=O)N3CC4(CN(c5cncc(C#CCCCCCC)c5)CC4)C3)c1cccc2,c12cc(C#C[*])oc1c(N1CCCC1)cc(C#C[*])c2,10.23
N1(c2ccc([*])cc2)CCN([*])CC1,0,C(CCCCC#Cc1cc(N2CCC3(CN(C(c4cc([N+](=O)[O-])cc([N+]([O-])=O)c4)=O)C3)C2)cnc1)C,N1(c2ccc([*])cc2)CCN([*])CC1,4.2
[*]c1ccc(C(N2CCCC2C[*])=O)cc1,0,c1(C#CCCCCCC)cncc(N2CC3(CC2)CN(C(=O)c2cc4c(cc2[N+]([O-])=O)OCO4)C3)c1,[*]c1ccc(C(N2CCCC2C[*])=O)cc1,6.0
C1C(=O)N(c2cc(C[*])ccc2)CCC12CCCN2C1CCC(C(O)=O)C(C[*])C1,0,c1c(C(=O)N2CC3(CN(c4cncc(C#CCCCCCC)c4)CC3)C2)ccc2c1OCO2,C1C(=O)N(c2cc(C[*])ccc2)CCC12CCCN2C1CCC(C(O)=O)C(C[*])C1,27.21
C(N[*])(c1ccc(N2CCC(NCCN)C(C)C2)c([*])c1)=O,0,C(CC#Cc1cc(N2CCC3(CN(Cc4cc([N+](=O)[O-])cc([N+]([O-])=O)c4)C3)C2)cnc1)CCCC,C(N[*])(c1ccc(N2CCC(NCCN)C(C)C2)c([*])c1)=O,23.01
O=C(c1ccc([*])nc1)Nc1ccc(C)c([*])c1,0,C12(CN(c3cncc(N4CC(OCCCCCC)C4)c3)CC1)CN(C(OC(C)(C)C)=O)C2,O=C(c1ccc([*])nc1)Nc1ccc(C)c([*])c1,11.25
c1cc2nc([*])cc(C(N3CCCC([*])C3)=O)c2cc1,0,C1CC2(CN1c1cc(C#Cc3ccccc3)cnc1)CN(C(c1cc([N+](=O)[O-])cc([N+]([O-])=O)c1)=O)C2,c1cc2nc([*])cc(C(N3CCCC([*])C3)=O)c2cc1,16.6
C1N(C(=O)c2cc([*])ccc2)CCC(c2n(C)c([*])nn2)C1,0,C(#Cc1ccccc1)c1cncc(N2CCC3(CNC3)C2)c1,C1N(C(=O)c2cc([*])ccc2)CCC(c2n(C)c([*])nn2)C1,12.77
N1(CC[*])CCC(c2cc(C)c(OCC[*])cc2C)CC1,0,C1N(C(OC(C)(C)C)=O)CC12CCN(c1cccc(Br)n1)C2,N1(CC[*])CCC(c2cc(C)c(OCC[*])cc2C)CC1,8.54
c1(Cl)c2c(nc(OC)n2CC[*])cc(Cl)c1C(=O)N1CCN(CC[*])CC1,0,C1N(C(=O)OC(C)(C)C)CC12CCN(c1cncc(-c3ccc(F)cc3)c1)C2,c1(Cl)c2c(nc(OC)n2CC[*])cc(Cl)c1C(=O)N1CCN(CC[*])CC1,24.29
c1([*])cn(-c2cc([*])ccc2C)nn1,0,c1(Br)cncc(N2CCC3(CN(C(=O)OC(C)(C)C)C3)C2)c1,c1([*])cn(-c2cc([*])ccc2C)nn1,8.09
C(c1c(Cl)cc2c(c1Cl)nc(C[*])n2C)C[*],0,C1N(c2cncc(C#Cc3ccccc3)c2)CC2(CN(C(OC(C)(C)C)=O)C2)C1,C(c1c(Cl)cc2c(c1Cl)nc(C[*])n2C)C[*],16.44
c1(Cl)cc([*])cnc1N1CCN(C(C2(C)N(c3nc([*])ccn3)CC2)=O)CC1,0,O=C(OC(C)(C)C)N1CC2(CN(c3cncc(N4CC(OCCCc5ccccc5)C4)c3)CC2)C1,c1(Cl)cc([*])cnc1N1CCN(C(C2(C)N(c3nc([*])ccn3)CC2)=O)CC1,21.44
[*]c1cc(C#N)c2nc(C3CCCN3C(=O)C[*])[nH]c2c1,0,c12[nH]cc(CCC(=O)N3CC4(CN(c5cncc(C#CCCCCCC)c5)CC4)C3)c1cccc2,[*]c1cc(C#N)c2nc(C3CCCN3C(=O)C[*])[nH]c2c1,12.96
c1c([*])ccc(NC(=O)C2CCCN2[*])c1,0,C(CCCCC#Cc1cc(N2CCC3(CN(C(c4cc([N+](=O)[O-])cc([N+]([O-])=O)c4)=O)C3)C2)cnc1)C,c1c([*])ccc(NC(=O)C2CCCN2[*])c1,6.78
C(n1cc(CN2CCC([*])CC2)c2c1cccc2C)[*],0,c1(C#CCCCCCC)cncc(N2CC3(CC2)CN(C(=O)c2cc4c(cc2[N+]([O-])=O)OCO4)C3)c1,C(n1cc(CN2CCC([*])CC2)c2c1cccc2C)[*],17.24
c1([*])ccc(NC(C2CCCN2C(=O)C[*])=O)cc1,0,c1c(C(=O)N2CC3(CN(c4cncc(C#CCCCCCC)c4)CC3)C2)ccc2c1OCO2,c1([*])ccc(NC(C2CCCN2C(=O)C[*])=O)cc1,8.77
C1C2N(C)C(=O)c3cc([*])ccc3CC(C1)N2[*],0,C(CC#Cc1cc(N2CCC3(CN(Cc4cc([N+](=O)[O-])cc([N+]([O-])=O)c4)C3)C2)cnc1)CCCC,C1C2N(C)C(=O)c3cc([*])ccc3CC(C1)N2[*],17.97
c1c([*])ccc(C#Cc2ccc([*])cn2)c1C,0,C12(CN(c3cncc(N4CC(OCCCCCC)C4)c3)CC1)CN(C(OC(C)(C)C)=O)C2,c1c([*])ccc(C#Cc2ccc([*])cn2)c1C,7.29
O=C(N1CC2CC1CN2c1ncc([*])cc1)c1cc([*])no1,0,C1CC2(CN1c1cc(C#Cc3ccccc3)cnc1)CN(C(c1cc([N+](=O)[O-])cc([N+]([O-])=O)c1)=O)C2,O=C(N1CC2CC1CN2c1ncc([*])cc1)c1cc([*])no1,21.63
C1CN(c2ccc([*])cc2Cl)CCC1N1CCN(C(c2cc([*])ccc2Cl)=O)CC1,0,C(#Cc1ccccc1)c1cncc(N2CCC3(CNC3)C2)c1,C1CN(c2ccc([*])cc2Cl)CCC1N1CCN(C(c2cc([*])ccc2Cl)=O)CC1,23.68
c1c(F)c(-c2ncc([*])c(NCC(C)C)n2)ccc1[*],0,C1N(C(OC(C)(C)C)=O)CC12CCN(c1cccc(Br)n1)C2,c1c(F)c(-c2ncc([*])c(NCC(C)C)n2)ccc1[*],20.28
c1([*])ccc(NC(N2CCC([*])CC2)=O)c(Cl)c1,0,C1N(C(=O)OC(C)(C)C)CC12CCN(c1cncc(-c3ccc(F)cc3)c1)C2,c1([*])ccc(NC(N2CCC([*])CC2)=O)c(Cl)c1,11.93
c1c(-c2[nH]c3c(n2)nc([*])cc3)c(C)c([*])cc1,0,c1(Br)cncc(N2CCC3(CN(C(=O)OC(C)(C)C)C3)C2)c1,c1c(-c2[nH]c3c(n2)nc([*])cc3)c(C)c([*])cc1,15.11
c12c(cc([*])cc1)[nH]c(C1CCCN1C(=O)C1CCCN1c1ccc([*])cc1)n2,0,C1N(c2cncc(C#Cc3ccccc3)c2)CC2(CN(C(OC(C)(C)C)=O)C2)C1,c12c(cc([*])cc1)[nH]c(C1CCCN1C(=O)C1CCCN1c1ccc([*])cc1)n2,22.99
C1C(c2onc(-c3cnc([*])cc3)n2)N([*])CC1,0,O=C(OC(C)(C)C)N1CC2(CN(c3cncc(N4CC(OCCCc5ccccc5)C4)c3)CC2)C1,C1C(c2onc(-c3cnc([*])cc3)n2)N([*])CC1,15.35
O(c1c2cc([*])[nH]c2ncc1)c1ccc(C[*])cc1,0,c12[nH]cc(CCC(=O)N3CC4(CN(c5cncc(C#CCCCCCC)c5)CC4)C3)c1cccc2,O(c1c2cc([*])[nH]c2ncc1)c1ccc(C[*])cc1,17.48
c1(N2CCN([*])CC2)ccc([*])cc1,0,C(CCCCC#Cc1cc(N2CCC3(CN(C(c4cc([N+](=O)[O-])cc([N+]([O-])=O)c4)=O)C3)C2)cnc1)C,c1(N2CCN([*])CC2)ccc([*])cc1,5.96
C1CCC(CN=c2ccc([*])cc2)CC1=Cc1cc([*])ccc1,0,c1(C#CCCCCCC)cncc(N2CC3(CC2)CN(C(=O)c2cc4c(cc2[N+]([O-])=O)OCO4)C3)c1,C1CCC(CN=c2ccc([*])cc2)CC1=Cc1cc([*])ccc1,20.89
C1C(=O)N(c2ccc([*])cc2)C(C)CC1NC(=O)c1c(Cl)c(CN2CCC(N3CCCC3C[*])CC2)ccc1,0,c1c(C(=O)N2CC3(CN(c4cncc(C#CCCCCCC)c4)CC3)C2)ccc2c1OCO2,C1C(=O)N(c2ccc([*])cc2)C(C)CC1NC(=O)c1c(Cl)c(CN2CCC(N3CCCC3C[*])CC2)ccc1,25.4
[*]c1ccc(N2CCC(CN([*])C)CC2)cc1,0,C(CC#Cc1cc(N2CCC3(CN(Cc4cc([N+](=O)[O-])cc([N+]([O-])=O)c4)C3)C2)cnc1)CCCC,[*]c1ccc(N2CCC(CN([*])C)CC2)cc1,4.71
c1(C[*])ccc(CN2CC(C)C(c3ccc([*])cc3)OC2)cc1,0,C12(CN(c3cncc(N4CC(OCCCCCC)C4)c3)CC1)CN(C(OC(C)(C)C)=O)C2,c1(C[*])ccc(CN2CC(C)C(c3ccc([*])cc3)OC2)cc1,16.55
C1C(N2CCCCC2)(c2ccc([*])cc2)CCC(CNC(c2ccc([*])cc2)=O)=C1,0,C1CC2(CN1c1cc(C#Cc3ccccc3)cnc1)CN(C(c1cc([N+](=O)[O-])cc([N+]([O-])=O)c1)=O)C2,C1C(N2CCCCC2)(c2ccc([*])cc2)CCC(CNC(c2ccc([*])cc2)=O)=C1,25.16
[nH]1c(C2=CCN(C(=O)CN3CCC(c4c5ccccc5n(Cc5ccc([*])cc5)c4)C4)nc3)c(=O)c(C#N)c(-c3ccc([*])cc3)n2cc1,0,C(#Cc1ccccc1)c1cncc(N2CCC3(CNC3)C2)c1,[nH]1c(C2=CCN(C(=O)CN3CCC(c4c5ccccc5n(Cc5ccc([*])cc5)c4)C4)nc3)c(=O)c(C#N)c(-c3ccc([*])cc3)n2cc1,35.48
N(C)(C(=O)c1ccccc1OCC[*])C1CCN(CCC[*])CC1,0,C1N(C(OC(C)(C)C)=O)CC12CCN(c1cccc(Br)n1)C2,N(C)(C(=O)c1ccccc1OCC[*])C1CCN(CCC[*])CC1,21.56
[*]c1nc(C2CCCN2C(=O)C2CCN(CC[*])CC2)on1,0,C1N(C(=O)OC(C)(C)C)CC12CCN(c1cncc(-c3ccc(F)cc3)c1)C2,[*]c1nc(C2CCCN2C(=O)C2CCN(CC[*])CC2)on1,15.45
n1c2c(cc([*])cc2)n(-c2ccc([*])cc2Cl)c1,0,c1(Br)cncc(N2CCC3(CN(C(=O)OC(C)(C)C)C3)C2)c1,n1c2c(cc([*])cc2)n(-c2ccc([*])cc2Cl)c1,22.05
C(n1c(=O)c2c(cc1)nc(C1CCCN1C(=O)c1cn(C3CCC(C(=O)O)CC3)n1)c(Cl)c([*])c2)C1=CC(C)(C)CC1C(=O)NCC1(C(=O)O)CCCCC1)[*],0,C1N(c2cncc(C#Cc3ccccc3)c2)CC2(CN(C(OC(C)(C)C)=O)C2)C1,C(n1c(=O)c2c(cc1)nc(C1CCCN1C(=O)c1cn(C3CCC(C(=O)O)CC3)n1)c(Cl)c([*])c2)C1=CC(C)(C)CC1C(=O)NCC1(C(=O)O)CCCCC1)[*],48.44
[*]c1onc(C2N(C(C3CCCN3[*])=O)CCC2)c1,0,O=C(OC(C)(C)C)N1CC2(CN(c3cncc(N4CC(OCCCc5ccccc5)C4)c3)CC2)C1,[*]c1onc(C2N(C(C3CCCN3[*])=O)CCC2)c1,15.0
c1(C23CCC(C2)CC([*])C3)nc2c(cc1)[nH]c(C1N(C(=O)C[*])CCC1)n2,0,c12[nH]cc(CCC(=O)N3CC4(CN(c5cncc(C#CCCCCCC)c5)CC4)C3)c1cccc2,c1(C23CCC(C2)CC([*])C3)nc2c(cc1)[nH]c(C1N(C(=O)C[*])CCC1)n2,20.22
[*]c1ccc(-c2oc([*])cc2)cc1,0,C(CCCCC#Cc1cc(N2CCC3(CN(C(c4cc([N+](=O)[O-])cc([N+]([O-])=O)c4)=O)C3)C2)cnc1)C,[*]c1ccc(-c2oc([*])cc2)cc1,10.2
c1cc([*])ccc1N1C(=O)CC(CCC(=O)N2CCN(CCC[*])CC2)CC1,0,c1(C#CCCCCCC)cncc(N2CC3(CC2)CN(C(=O)c2cc4c(cc2[N+]([O-])=O)OCO4)C3)c1,c1cc([*])ccc1N1C(=O)CC(CCC(=O)N2CCN(CCC[*])CC2)CC1,15.34
c1cc(C[*])ccc1N1C(=O)C(=O)CC1C(NC1CCN(CC[*])CC1)=O,0,c1c(C(=O)N2CC3(CN(c4cncc(C#CCCCCCC)c4)CC3)C2)ccc2c1OCO2,c1cc(C[*])ccc1N1C(=O)C(=O)CC1C(NC1CCN(CC[*])CC1)=O,14.64
C(=O)(c1oc([*])cc1)N1CCCN([*])CC1,0,C(CC#Cc1cc(N2CCC3(CN(Cc4cc([N+](=O)[O-])cc([N+]([O-])=O)c4)C3)C2)cnc1)CCCC,C(=O)(c1oc([*])cc1)N1CCCN([*])CC1,11.56
c1c([*])ccc(C(Nc2cccc([*])c2C)=O)c1,0,C12(CN(c3cncc(N4CC(OCCCCCC)C4)c3)CC1)CN(C(OC(C)(C)C)=O)C2,c1c([*])ccc(C(Nc2cccc([*])c2C)=O)c1,6.85
C1CC(c2c[nH]c3ccc([*])cc32)CCN1CCC[*],0,C1CC2(CN1c1cc(C#Cc3ccccc3)cnc1)CN(C(c1cc([N+](=O)[O-])cc([N+]([O-])=O)c1)=O)C2,C1CC(c2c[nH]c3ccc([*])cc32)CCN1CCC[*],12.66
N1(Cc2ccc([*])cc2)CCOC(c2ccc([*])cc2)C1,0,C(#Cc1ccccc1)c1cncc(N2CCC3(CNC3)C2)c1,N1(Cc2ccc([*])cc2)CCOC(c2ccc([*])cc2)C1,15.9
N1(CCC[*])CCC(CCC[*])(COc2ccc(C[*])cc2Cl)CC1,0,C1N(C(OC(C)(C)C)=O)CC12CCN(c1cccc(Br)n1)C2,N1(CCC[*])CCC(CCC[*])(COc2ccc(C[*])cc2Cl)CC1,23.3
c1(=O)n(CC2CC2)c2c(ccc(N3CCC([*])CC3)c2)nc1[*],0,C1N(C(=O)OC(C)(C)C)CC12CCN(c1cncc(-c3ccc(F)cc3)c1)C2,c1(=O)n(CC2CC2)c2c(ccc(N3CCC([*])CC3)c2)nc1[*],12.91
O=c1n(-c2nccc([*])c2)ncc([*])c1,0,c1(Br)cncc(N2CCC3(CN(C(=O)OC(C)(C)C)C3)C2)c1,O=c1n(-c2nccc([*])c2)ncc([*])c1,17.22
C1CC(=O)N(c2ccc([*])cc2)C(=O)C1CCCC1CCC(N)CC1c1ccc([*])cc1,0,C1N(c2cncc(C#Cc3ccccc3)c2)CC2(CN(C(OC(C)(C)C)=O)C2)C1,C1CC(=O)N(c2ccc([*])cc2)C(=O)C1CCCC1CCC(N)CC1c1ccc([*])cc1,21.17
C1CN(S(c2ccc([*])cc2)(=O)=O)CCC1[*],0,O=C(OC(C)(C)C)N1CC2(CN(c3cncc(N4CC(OCCCc5ccccc5)C4)c3)CC2)C1,C1CN(S(c2ccc([*])cc2)(=O)=O)CCC1[*],6.86
c1c(C#Cc2[nH]c3c(cc([*])cc3)n2)ccc(C[*])c1,0,c12[nH]cc(CCC(=O)N3CC4(CN(c5cncc(C#CCCCCCC)c5)CC4)C3)c1cccc2,c1c(C#Cc2[nH]c3c(cc([*])cc3)n2)ccc(C[*])c1,11.23
N(C(c1ccc([*])cc1)=O)C1CCN([*])CC1,0,C(CCCCC#Cc1cc(N2CCC3(CN(C(c4cc([N+](=O)[O-])cc([N+]([O-])=O)c4)=O)C3)C2)cnc1)C,N(C(c1ccc([*])cc1)=O)C1CCN([*])CC1,7.08
C1CC2(NC3=C(C(=O)CCC3CC[*])CCN3CCC2)CCN1CC(C[*])C,0,c1(C#CCCCCCC)cncc(N2CC3(CC2)CN(C(=O)c2cc4c(cc2[N+]([O-])=O)OCO4)C3)c1,C1CC2(NC3=C(C(=O)CCC3CC[*])CCN3CCC2)CCN1CC(C[*])C,31.46
C1C(C=C)=C(C(c2nc(C(=O)NC3CCN(CC[*])C3=O)ccc2)C)CCC1N1CCC([*])CC1,0,c1c(C(=O)N2CC3(CN(c4cncc(C#CCCCCCC)c4)CC3)C2)ccc2c1OCO2,C1C(C=C)=C(C(c2nc(C(=O)NC3CCN(CC[*])C3=O)ccc2)C)CCC1N1CCC([*])CC1,36.35
c1([*])ccc(N2CCN([*])CC2)cc1,0,C(CC#Cc1cc(N2CCC3(CN(Cc4cc([N+](=O)[O-])cc([N+]([O-])=O)c4)C3)C2)cnc1)CCCC,c1([*])ccc(N2CCN([*])CC2)cc1,3.26
[*]c1ccc(C(=O)Nc2cc([*])ccc2)cc1,0,C12(CN(c3cncc(N4CC(OCCCCCC)C4)c3)CC1)CN(C(OC(C)(C)C)=O)C2,[*]c1ccc(C(=O)Nc2cc([*])ccc2)cc1,6.19
[*]C1CCC(N2C(=O)C3CCC2CC3)c2cc3c(cc21)[nH]c([*])n3,0,C1CC2(CN1c1cc(C#Cc3ccccc3)cnc1)CN(C(c1cc([N+](=O)[O-])cc([N+]([O-])=O)c1)=O)C2,[*]C1CCC(N2C(=O)C3CCC2CC3)c2cc3c(cc21)[nH]c([*])n3,22.15
O=c1c(-c2ccc([*])cc2)cn(C2CC2)c2c(Cl)c([*])ccc21,0,C(#Cc1ccccc1)c1cncc(N2CCC3(CNC3)C2)c1,O=c1c(-c2ccc([*])cc2)cn(C2CC2)c2c(Cl)c([*])ccc21,20.03
c1c(C(=O)c2c(N)nc([*])cn2)c(C)cc([*])c1,0,C1N(C(OC(C)(C)C)=O)CC12CCN(c1cccc(Br)n1)C2,c1c(C(=O)c2c(N)nc([*])cn2)c(C)cc([*])c1,21.54
c1(F)c(C(NC2CCC([*])CC2)=O)cc([*])cc1,0,C1N(C(=O)OC(C)(C)C)CC12CCN(c1cncc(-c3ccc(F)cc3)c1)C2,c1(F)c(C(NC2CCC([*])CC2)=O)cc([*])cc1,14.93
c1nc(C(=O)Nc2cc3c(cc2)n(-c2cccc([*])c2)nc3)c([*])cc1,0,c1(Br)cncc(N2CCC3(CN(C(=O)OC(C)(C)C)C3)C2)c1,c1nc(C(=O)Nc2cc3c(cc2)n(-c2cccc([*])c2)nc3)c([*])cc1,16.08
O=C(c1c(Cl)cc2nc(CCC)n(C3CCC(C#C)CC3)c2c1N1CCC(C[*])CC1)F,0,C1N(c2cncc(C#Cc3ccccc3)c2)CC2(CN(C(OC(C)(C)C)=O)C2)C1,O=C(c1c(Cl)cc2nc(CCC)n(C3CCC(C#C)CC3)c2c1N1CCC(C[*])CC1)F,17.74
c1([*])nc(C2OC3CN([*])CC2CC3)ncc1,0,O=C(OC(C)(C)C)N1CC2(CN(c3cncc(N4CC(OCCCc5ccccc5)C4)c3)CC2)C1,c1([*])nc(C2OC3CN([*])CC2CC3)ncc1,19.61
c1([*])oc(CN2C(=O)C(Cc3ccc([*])cc3)NC(=O)N2)cc1,0,c12[nH]cc(CCC(=O)N3CC4(CN(c5cncc(C#CCCCCCC)c5)CC4)C3)c1cccc2,c1([*])oc(CN2C(=O)C(Cc3ccc([*])cc3)NC(=O)N2)cc1,22.69
C1CN(c2ccc([*])cc2)CCC1CN1CCC(C[*])CC1,0,C(CCCCC#Cc1cc(N2CCC3(CN(C(c4cc([N+](=O)[O-])cc([N+]([O-])=O)c4)=O)C3)C2)cnc1)C,C1CN(c2ccc([*])cc2)CCC1CN1CCC(C[*])CC1,7.06
N1(C(=O)c2nn(C)c([*])c2)CCC([*])CC1,0,c1(C#CCCCCCC)cncc(N2CC3(CC2)CN(C(=O)c2cc4c(cc2[N+]([O-])=O)OCO4)C3)c1,N1(C(=O)c2nn(C)c([*])c2)CCC([*])CC1,10.51
n1(C[*])cc(Cl)c(N2CCC(N3CCC(C[*])CC3)CC2)n1,0,c1c(C(=O)N2CC3(CN(c4cncc(C#CCCCCCC)c4)CC3)C2)ccc2c1OCO2,n1(C[*])cc(Cl)c(N2CCC(N3CCC(C[*])CC3)CC2)n1,11.88
c1([*])ccc(N2CCN([*])CC2)cc1,0,C(CC#Cc1cc(N2CCC3(CN(Cc4cc([N+](=O)[O-])cc([N+]([O-])=O)c4)C3)C2)cnc1)CCCC,c1([*])ccc(N2CCN([*])CC2)cc1,3.26
c1c(C)cc([*])cc1C(=O)Nc1ccc([*])cc1,0,C12(CN(c3cncc(N4CC(OCCCCCC)C4)c3)CC1)CN(C(OC(C)(C)C)=O)C2,c1c(C)cc([*])cc1C(=O)Nc1ccc([*])cc1,8.14
c1c([*])cc2c(n(CC)cc(C(=O)N3CCN(CC[*])CC3)c2=O)c1,0,C1CC2(CN1c1cc(C#Cc3ccccc3)cnc1)CN(C(c1cc([N+](=O)[O-])cc([N+]([O-])=O)c1)=O)C2,c1c([*])cc2c(n(CC)cc(C(=O)N3CCN(CC[*])CC3)c2=O)c1,12.13
C1CN(C(=O)c2cccc([*])c2)CCC1(CN1CCC(c2nc([*])n3ccccc32)CC1)O,0,C(#Cc1ccccc1)c1cncc(N2CCC3(CNC3)C2)c1,C1CN(C(=O)c2cccc([*])c2)CCC1(CN1CCC(c2nc([*])n3ccccc32)CC1)O,19.05
c1c(C(C)=CC(c2c([*])cccc2)O)ccc(OCC)c1C[*],0,C1N(C(OC(C)(C)C)=O)CC12CCN(c1cccc(Br)n1)C2,c1c(C(C)=CC(c2c([*])cccc2)O)ccc(OCC)c1C[*],25.57
c1([*])ccc(Cn2c(=O)n(CC[*])c3ccccc3c2=O)cc1,0,C1N(C(=O)OC(C)(C)C)CC12CCN(c1cncc(-c3ccc(F)cc3)c1)C2,c1([*])ccc(Cn2c(=O)n(CC[*])c3ccccc3c2=O)cc1,12.85
[*]c1n(C)nc(-c2ccc(C)c([*])c2)c1,0,c1(Br)cncc(N2CCC3(CN(C(=O)OC(C)(C)C)C3)C2)c1,[*]c1n(C)nc(-c2ccc(C)c([*])c2)c1,7.2
C1C(Cn2cc(C[*])c(=O)[nH]c2=O)N(c2ccc([*])cc2Cl)C(c2ccc(F)cc2)C1,0,C1N(c2cncc(C#Cc3ccccc3)c2)CC2(CN(C(OC(C)(C)C)=O)C2)C1,C1C(Cn2cc(C[*])c(=O)[nH]c2=O)N(c2ccc([*])cc2Cl)C(c2ccc(F)cc2)C1,28.27
N1(S(=O)(=O)N2C(c3cc([*])ccc3Cl)SC(c3ccc([*])cc3)(O)C2)CCC1,0,O=C(OC(C)(C)C)N1CC2(CN(c3cncc(N4CC(OCCCc5ccccc5)C4)c3)CC2)C1,N1(S(=O)(=O)N2C(c3cc([*])ccc3Cl)SC(c3ccc([*])cc3)(O)C2)CCC1,25.22
C1CC(N2C(=O)C(=Cc3ccc([*])cc3)C(=O)N2Cc2oc(CN3CCC(C[*])CC3)cc2)CCC1,0,c12[nH]cc(CCC(=O)N3CC4(CN(c5cncc(C#CCCCCCC)c5)CC4)C3)c1cccc2,C1CC(N2C(=O)C(=Cc3ccc([*])cc3)C(=O)N2Cc2oc(CN3CCC(C[*])CC3)cc2)CCC1,23.34
c1c([*])ccc(N2CC(C)N([*])CC2)c1,0,C(CCCCC#Cc1cc(N2CCC3(CN(C(c4cc([N+](=O)[O-])cc([N+]([O-])=O)c4)=O)C3)C2)cnc1)C,c1c([*])ccc(N2CC(C)N([*])CC2)c1,6.32
c1cc([*])cc(Cl)n1CCCN1CCC(C[*])CC1,0,c1(C#CCCCCCC)cncc(N2CC3(CC2)CN(C(=O)c2cc4c(cc2[N+]([O-])=O)OCO4)C3)c1,c1cc([*])cc(Cl)n1CCCN1CCC(C[*])CC1,13.69
c1(C#C[*])ccc(C2CCNCC2[*])cn1,0,c1c(C(=O)N2CC3(CN(c4cncc(C#CCCCCCC)c4)CC3)C2)ccc2c1OCO2,c1(C#C[*])ccc(C2CCNCC2[*])cn1,15.81
c1([*])ccc(N2CCC(N(C)C3CCC(C(N)=O)([*])CC3)CC2)cc1,0,C(CC#Cc1cc(N2CCC3(CN(Cc4cc([N+](=O)[O-])cc([N+]([O-])=O)c4)C3)C2)cnc1)CCCC,c1([*])ccc(N2CCC(N(C)C3CCC(C(N)=O)([*])CC3)CC2)cc1,11.69
O=C(c1ccc([*])cc1)Nc1ccc([*])cc1,0,C12(CN(c3cncc(N4CC(OCCCCCC)C4)c3)CC1)CN(C(OC(C)(C)C)=O)C2,O=C(c1ccc([*])cc1)Nc1ccc([*])cc1,6.33
C1CC2(C(=O)NC(=O)c3ccc([*])cc3)CCC1CC(c1cccc([*])c1)=C2,0,C1CC2(CN1c1cc(C#Cc3ccccc3)cnc1)CN(C(c1cc([N+](=O)[O-])cc([N+]([O-])=O)c1)=O)C2,C1CC2(C(=O)NC(=O)c3ccc([*])cc3)CCC1CC(c1cccc([*])c1)=C2,16.79
C1CN(Cc2cc([*])on2)CCC1CN1CCC(c2onc([*])n2)C1,0,C(#Cc1ccccc1)c1cncc(N2CCC3(CNC3)C2)c1,C1CN(Cc2cc([*])on2)CCC1CN1CCC(c2onc([*])n2)C1,14.35
[*]c1cccc(C(=O)Nc2c([*])cccc2)c1,0,C1N(C(OC(C)(C)C)=O)CC12CCN(c1cccc(Br)n1)C2,[*]c1cccc(C(=O)Nc2c([*])cccc2)c1,12.23
c1(F)c(C(=O)N2CCC([*])CC2)ccc([*])c1,0,C1N(C(=O)OC(C)(C)C)CC12CCN(c1cncc(-c3ccc(F)cc3)c1)C2,c1(F)c(C(=O)N2CCC([*])CC2)ccc([*])c1,7.32
C1(c2[nH]c([*])nn2)CCN(Cc2ccc3n(C)c([*])nc3c2)CC1,0,c1(Br)cncc(N2CCC3(CN(C(=O)OC(C)(C)C)C3)C2)c1,C1(c2[nH]c([*])nn2)CCN(Cc2ccc3n(C)c([*])nc3c2)CC1,15.89
c1c2c(ccc1[*])n(CCCC(=O)N1CCCCC1C[*])nc2,0,C1N(c2cncc(C#Cc3ccccc3)c2)CC2(CN(C(OC(C)(C)C)=O)C2)C1,c1c2c(ccc1[*])n(CCCC(=O)N1CCCCC1C[*])nc2,16.97
n1(C2CCN(CC[*])CC2)c(=O)c2c(c([*])ccc2)nc1,0,O=C(OC(C)(C)C)N1CC2(CN(c3cncc(N4CC(OCCCc5ccccc5)C4)c3)CC2)C1,n1(C2CCN(CC[*])CC2)c(=O)c2c(c([*])ccc2)nc1,17.45
c1(C2CCC(=O)N2CC[*])c(Cl)c2n(C)cc(C=C[*])c2cc1,0,c12[nH]cc(CCC(=O)N3CC4(CN(c5cncc(C#CCCCCCC)c5)CC4)C3)c1cccc2,c1(C2CCC(=O)N2CC[*])c(Cl)c2n(C)cc(C=C[*])c2cc1,25.64
[*]c1ccc(N2CCC(CN[*])CC2)cc1,0,C(CCCCC#Cc1cc(N2CCC3(CN(C(c4cc([N+](=O)[O-])cc([N+]([O-])=O)c4)=O)C3)C2)cnc1)C,[*]c1ccc(N2CCC(CN[*])CC2)cc1,6.85
[*]C1CC1C(N1CCN(CCC[*])CC1)=O,0,c1(C#CCCCCCC)cncc(N2CC3(CC2)CN(C(=O)c2cc4c(cc2[N+]([O-])=O)OCO4)C3)c1,[*]C1CC1C(N1CCN(CCC[*])CC1)=O,9.45
C1C(C(N2CCC(N3CCC(C[*])CC3)CC2)=O)CCCN1CCC[*],0,c1c(C(=O)N2CC3(CN(c4cncc(C#CCCCCCC)c4)CC3)C2)ccc2c1OCO2,C1C(C(N2CCC(N3CCC(C[*])CC3)CC2)=O)CCCN1CCC[*],11.0
c1cc(N2C(=O)C(CC(=O)N3CCCC3)CC2C(N2CCN([*])CC2)=O)cc([*])c1,0,C(CC#Cc1cc(N2CCC3(CN(Cc4cc([N+](=O)[O-])cc([N+]([O-])=O)c4)C3)C2)cnc1)CCCC,c1cc(N2C(=O)C(CC(=O)N3CCCC3)CC2C(N2CCN([*])CC2)=O)cc([*])c1,25.68
c1cc([*])ccc1C#Cc1cc([*])cnc1Cl,0,C12(CN(c3cncc(N4CC(OCCCCCC)C4)c3)CC1)CN(C(OC(C)(C)C)=O)C2,c1cc([*])ccc1C#Cc1cc([*])cnc1Cl,9.6
C1C(=O)N(Cc2ccc([*])cc2)c2ccc(Cl)cc2N1CCn1c2ccccc2nc1[*],0,C1CC2(CN1c1cc(C#Cc3ccccc3)cnc1)CN(C(c1cc([N+](=O)[O-])cc([N+]([O-])=O)c1)=O)C2,C1C(=O)N(Cc2ccc([*])cc2)c2ccc(Cl)cc2N1CCn1c2ccccc2nc1[*],28.14
[*]c1c(C(N2CCN(Cc3ccc([*])cc3)CC2)=O)nc(C2CC2)[nH]1,0,C(#Cc1ccccc1)c1cncc(N2CCC3(CNC3)C2)c1,[*]c1c(C(N2CCN(Cc3ccc([*])cc3)CC2)=O)nc(C2CC2)[nH]1,18.71
c1(-c2cc(C)cc(C)c2)[nH]c2c(c1C(C)CNCC[*])CCC(C)(C(=O)OCC[*])O2,0,C1N(C(OC(C)(C)C)=O)CC12CCN(c1cccc(Br)n1)C2,c1(-c2cc(C)cc(C)c2)[nH]c2c(c1C(C)CNCC[*])CCC(C)(C(=O)OCC[*])O2,27.83
C(n1c(=O)[nH]c2cc(N3CCC([*])CC3)ccc21)C[*],0,C1N(C(=O)OC(C)(C)C)CC12CCN(c1cncc(-c3ccc(F)cc3)c1)C2,C(n1c(=O)[nH]c2cc(N3CCC([*])CC3)ccc21)C[*],10.44
C1CC(c2n(-c3ccc([*])cc3)nc(C(C)(C)C)c2)CCN1C(NCC[*])=O,0,c1(Br)cncc(N2CCC3(CN(C(=O)OC(C)(C)C)C3)C2)c1,C1CC(c2n(-c3ccc([*])cc3)nc(C(C)(C)C)c2)CCN1C(NCC[*])=O,18.8
n1c(C(=O)N2CCC(CCC#N)(n3cc([*])cn3)C2)ccc([*])c1,0,C1N(c2cncc(C#Cc3ccccc3)c2)CC2(CN(C(OC(C)(C)C)=O)C2)C1,n1c(C(=O)N2CCC(CCC#N)(n3cc([*])cn3)C2)ccc([*])c1,17.06
c1(O)cc([*])ncc1C(N1CCN(CC[*])CC1)=O,0,O=C(OC(C)(C)C)N1CC2(CN(c3cncc(N4CC(OCCCc5ccccc5)C4)c3)CC2)C1,c1(O)cc([*])ncc1C(N1CCN(CC[*])CC1)=O,16.03
C([*])#Cc1cc2c([nH]c1=O)nc(C)cc2[*],0,c12[nH]cc(CCC(=O)N3CC4(CN(c5cncc(C#CCCCCCC)c5)CC4)C3)c1cccc2,C([*])#Cc1cc2c([nH]c1=O)nc(C)cc2[*],23.63
N1(c2ccc([*])cc2)CCC(CN2CCC([*])CC2)CC1,0,C(CCCCC#Cc1cc(N2CCC3(CN(C(c4cc([N+](=O)[O-])cc([N+]([O-])=O)c4)=O)C3)C2)cnc1)C,N1(c2ccc([*])cc2)CCC(CN2CCC([*])CC2)CC1,6.59
c1(C2=NC(COC(=O)C)C(C)(C)C2NC(c2cc3c(ccc([*])c3)[nH]2)=O)ccc([*])cc1,0,c1(C#CCCCCCC)cncc(N2CC3(CC2)CN(C(=O)c2cc4c(cc2[N+]([O-])=O)OCO4)C3)c1,c1(C2=NC(COC(=O)C)C(C)(C)C2NC(c2cc3c(ccc([*])c3)[nH]2)=O)ccc([*])cc1,31.63
C1CC(N2C(=O)N(CCN3CCN(CC[*])CC3)C(=O)C=C2)CCN1c1ccncc1[*],0,c1c(C(=O)N2CC3(CN(c4cncc(C#CCCCCCC)c4)CC3)C2)ccc2c1OCO2,C1CC(N2C(=O)N(CCN3CCN(CC[*])CC3)C(=O)C=C2)CCN1c1ccncc1[*],28.55
[*]c1cc(N2CCC(CNC(=O)c3c([*])cccc3)CC2)c(Cl)cc1,0,C(CC#Cc1cc(N2CCC3(CN(Cc4cc([N+](=O)[O-])cc([N+]([O-])=O)c4)C3)C2)cnc1)CCCC,[*]c1cc(N2CCC(CNC(=O)c3c([*])cccc3)CC2)c(Cl)cc1,18.0
c1([*])ccc(C(=O)Nc2ccccc2[*])cn1,0,C12(CN(c3cncc(N4CC(OCCCCCC)C4)c3)CC1)CN(C(OC(C)(C)C)=O)C2,c1([*])ccc(C(=O)Nc2ccccc2[*])cn1,8.83
O=C(c1ccc([*])cc1)N1CCC(CN2CCC([*])CC2)CC1,0,C1CC2(CN1c1cc(C#Cc3ccccc3)cnc1)CN(C(c1cc([N+](=O)[O-])cc([N+]([O-])=O)c1)=O)C2,O=C(c1ccc([*])cc1)N1CCC(CN2CCC([*])CC2)CC1,10.7
C1CN(C(=O)c2cccc([*])c2)CCC1c1n(C)ncc1[*],0,C(#Cc1ccccc1)c1cncc(N2CCC3(CNC3)C2)c1,C1CN(C(=O)c2cccc([*])c2)CCC1c1n(C)ncc1[*],8.29
n1(CC[*])c(=O)[nH]c2c(cc([*])s2)c1=O,0,C1N(C(OC(C)(C)C)=O)CC12CCN(c1cccc(Br)n1)C2,n1(CC[*])c(=O)[nH]c2c(cc([*])s2)c1=O,16.06
C1CC(Cn2c(=O)oc([*])n2)CCN1C(C1CC(F)CN1[*])=O,0,C1N(C(=O)OC(C)(C)C)CC12CCN(c1cncc(-c3ccc(F)cc3)c1)C2,C1CC(Cn2c(=O)oc([*])n2)CCN1C(C1CC(F)CN1[*])=O,16.12
c1c([*])[nH]nc1C(Nc1cc([*])c(C)cc1)=O,0,c1(Br)cncc(N2CCC3(CN(C(=O)OC(C)(C)C)C3)C2)c1,c1c([*])[nH]nc1C(Nc1cc([*])c(C)cc1)=O,8.96
c12ccc([*])cc1n(CCCC1CCN(CC[*])CC1)nc2C#N,0,C1N(c2cncc(C#Cc3ccccc3)c2)CC2(CN(C(OC(C)(C)C)=O)C2)C1,c12ccc([*])cc1n(CCCC1CCN(CC[*])CC1)nc2C#N,13.25
c1c([*])cnc(C2CCN(C(=O)C3CCCN([*])C3)CC2)c1,0,O=C(OC(C)(C)C)N1CC2(CN(c3cncc(N4CC(OCCCc5ccccc5)C4)c3)CC2)C1,c1c([*])cnc(C2CCN(C(=O)C3CCCN([*])C3)CC2)c1,13.99
[*]c1cnc(C#N)c(N2CCC(C#N)([*])CC2)c1,0,c12[nH]cc(CCC(=O)N3CC4(CN(c5cncc(C#CCCCCCC)c5)CC4)C3)c1cccc2,[*]c1cnc(C#N)c(N2CCC(C#N)([*])CC2)c1,14.63
[*]c1ccc(N2CCN([*])CC2)cc1,0,C(CCCCC#Cc1cc(N2CCC3(CN(C(c4cc([N+](=O)[O-])cc([N+]([O-])=O)c4)=O)C3)C2)cnc1)C,[*]c1ccc(N2CCN([*])CC2)cc1,2.2
n1nn(-c2ccc([*])cc2)c(C2CC2)c1CCC[*],0,c1(C#CCCCCCC)cncc(N2CC3(CC2)CN(C(=O)c2cc4c(cc2[N+]([O-])=O)OCO4)C3)c1,n1nn(-c2ccc([*])cc2)c(C2CC2)c1CCC[*],23.41
c1c(C(N2CCC(N3CCC(C[*])CC3)CC2)=O)cc2c(c(C)c([*])c(=O)o2)c1,0,c1c(C(=O)N2CC3(CN(c4cncc(C#CCCCCCC)c4)CC3)C2)ccc2c1OCO2,c1c(C(N2CCC(N3CCC(C[*])CC3)CC2)=O)cc2c(c(C)c([*])c(=O)o2)c1,20.98
[*]c1cc(=O)c2cccc([*])c2n1C1CC1,0,C(CC#Cc1cc(N2CCC3(CN(Cc4cc([N+](=O)[O-])cc([N+]([O-])=O)c4)C3)C2)cnc1)CCCC,[*]c1cc(=O)c2cccc([*])c2n1C1CC1,13.51
c1nc(C)c(C[*])cc1N1CCc2cc([*])ccc2C1,0,C12(CN(c3cncc(N4CC(OCCCCCC)C4)c3)CC1)CN(C(OC(C)(C)C)=O)C2,c1nc(C)c(C[*])cc1N1CCc2cc([*])ccc2C1,16.71
[*]c1oc(C(=O)N2CCC([*])CC2)cc1,0,C1CC2(CN1c1cc(C#Cc3ccccc3)cnc1)CN(C(c1cc([N+](=O)[O-])cc([N+]([O-])=O)c1)=O)C2,[*]c1oc(C(=O)N2CCC([*])CC2)cc1,8.47
c1cc2c(n(Cc3cc([*])ccc3)c(C)n2)cc1[*],0,C(#Cc1ccccc1)c1cncc(N2CCC3(CNC3)C2)c1,c1cc2c(n(Cc3cc([*])ccc3)c(C)n2)cc1[*],11.68
N(C(c1nnc2c(Cl)c(OCC[*])ccc12)=O)CCC[*],0,C1N(C(OC(C)(C)C)=O)CC12CCN(c1cccc(Br)n1)C2,N(C(c1nnc2c(Cl)c(OCC[*])ccc12)=O)CCC[*],24.7
[*]c1c(F)cc(N2CCC([*])CC2)cc1,0,C1N(C(=O)OC(C)(C)C)CC12CCN(c1cncc(-c3ccc(F)cc3)c1)C2,[*]c1c(F)cc(N2CCC([*])CC2)cc1,6.84
c1(C)nc(N2CCC([*])CC2)nc([*])c1,0,c1(Br)cncc(N2CCC3(CN(C(=O)OC(C)(C)C)C3)C2)c1,c1(C)nc(N2CCC([*])CC2)nc([*])c1,14.44
C(n1c(=O)c2c3c(cc(Cl)cc13)CCN(CCC[*])C2)CC[*],0,C1N(c2cncc(C#Cc3ccccc3)c2)CC2(CN(C(OC(C)(C)C)=O)C2)C1,C(n1c(=O)c2c3c(cc(Cl)cc13)CCN(CCC[*])C2)CC[*],14.71
O(c1ncc([*])cc1Cl)c1ccc([*])cc1,0,O=C(OC(C)(C)C)N1CC2(CN(c3cncc(N4CC(OCCCc5ccccc5)C4)c3)CC2)C1,O(c1ncc([*])cc1Cl)c1ccc([*])cc1,8.73
C1(C(=O)N2CCCC2)(C[*])CCN(CC2CCC([*])CC2)C1,0,c12[nH]cc(CCC(=O)N3CC4(CN(c5cncc(C#CCCCCCC)c5)CC4)C3)c1cccc2,C1(C(=O)N2CCCC2)(C[*])CCN(CC2CCC([*])CC2)C1,24.45
[*]c1ccc(N2CCN([*])CC2)cc1,0,C(CCCCC#Cc1cc(N2CCC3(CN(C(c4cc([N+](=O)[O-])cc([N+]([O-])=O)c4)=O)C3)C2)cnc1)C,[*]c1ccc(N2CCN([*])CC2)cc1,2.2
C1CN(C(N2CCC([*])C2)=O)CCC1C[*],0,c1(C#CCCCCCC)cncc(N2CC3(CC2)CN(C(=O)c2cc4c(cc2[N+]([O-])=O)OCO4)C3)c1,C1CN(C(N2CCC([*])C2)=O)CCC1C[*],10.38
c1c2c(n(C3CCN(CCC[*])CC3)c(=O)n2CCN2CCC([*])CC2)ccc1,0,c1c(C(=O)N2CC3(CN(c4cncc(C#CCCCCCC)c4)CC3)C2)ccc2c1OCO2,c1c2c(n(C3CCN(CCC[*])CC3)c(=O)n2CCN2CCC([*])CC2)ccc1,14.34
c1ccc(N2CCN([*])CC2)cc1[*],0,C(CC#Cc1cc(N2CCC3(CN(Cc4cc([N+](=O)[O-])cc([N+]([O-])=O)c4)C3)C2)cnc1)CCCC,c1ccc(N2CCN([*])CC2)cc1[*],10.25
c1c(C)c([*])cc(C(Nc2cccc([*])c2)=O)c1,0,C12(CN(c3cncc(N4CC(OCCCCCC)C4)c3)CC1)CN(C(OC(C)(C)C)=O)C2,c1c(C)c([*])cc(C(Nc2cccc([*])c2)=O)c1,9.31
[*]c1nc2c([nH]1)cc(C)cc2C=CC1=C(C(=O)O)C2N(C(=O)N1)CC(C1=C(c3cnoc3)C1)C2=O,0,C1CC2(CN1c1cc(C#Cc3ccccc3)cnc1)CN(C(c1cc([N+](=O)[O-])cc([N+]([O-])=O)c1)=O)C2,[*]c1nc2c([nH]1)cc(C)cc2C=CC1=C(C(=O)O)C2N(C(=O)N1)CC(C1=C(c3cnoc3)C1)C2=O,49.23
C1CN(Cc2cc([*])ccc2)CCC1C[*],0,C(#Cc1ccccc1)c1cncc(N2CCC3(CNC3)C2)c1,C1CN(Cc2cc([*])ccc2)CCC1C[*],6.55
n1(C[*])c(=O)n(CC)c(=O)c(-c2cccc([*])c2COC)c1,0,C1N(C(OC(C)(C)C)=O)CC12CCN(c1cccc(Br)n1)C2,n1(C[*])c(=O)n(CC)c(=O)c(-c2cccc([*])c2COC)c1,20.99
O=S(c1c(Cl)cc(Cl)c(C(=O)N2CCN(CC[*])CC2)c1)(=O)N1CCC([*])CC1,0,C1N(C(=O)OC(C)(C)C)CC12CCN(c1cncc(-c3ccc(F)cc3)c1)C2,O=S(c1c(Cl)cc(Cl)c(C(=O)N2CCN(CC[*])CC2)c1)(=O)N1CCC([*])CC1,9.01
c12c(ccc([*])c1)[nH]nc2C(Nc1cc([*])ccn1)=O,0,c1(Br)cncc(N2CCC3(CN(C(=O)OC(C)(C)C)C3)C2)c1,c12c(ccc([*])c1)[nH]nc2C(Nc1cc([*])ccn1)=O,15.69
c12c(n(C)cc(C(=O)NCC3CCCN(CC[*])C3)c1=O)cc(Cl)cc2[*],0,C1N(c2cncc(C#Cc3ccccc3)c2)CC2(CN(C(OC(C)(C)C)=O)C2)C1,c12c(n(C)cc(C(=O)NCC3CCCN(CC[*])C3)c1=O)cc(Cl)cc2[*],18.54
C1C(n2ncc([*])c2Cl)CCN(Cc2ccc([*])cc2)C1,0,O=C(OC(C)(C)C)N1CC2(CN(c3cncc(N4CC(OCCCc5ccccc5)C4)c3)CC2)C1,C1C(n2ncc([*])c2Cl)CCN(Cc2ccc([*])cc2)C1,10.1
c1c2c([nH]c(C3=CCN(C(=O)C[*])CC3)c2)cc(C#C[*])c1,0,c12[nH]cc(CCC(=O)N3CC4(CN(c5cncc(C#CCCCCCC)c5)CC4)C3)c1cccc2,c1c2c([nH]c(C3=CCN(C(=O)C[*])CC3)c2)cc(C#C[*])c1,11.61
c1c([*])ccc(N2CCN([*])CC2)c1,0,C(CCCCC#Cc1cc(N2CCC3(CN(C(c4cc([N+](=O)[O-])cc([N+]([O-])=O)c4)=O)C3)C2)cnc1)C,c1c([*])ccc(N2CCN([*])CC2)c1,2.77
n1nc(C[*])n(C)c1C1CCN(C(=O)C2CCCN2CC([*])=O)CC1,0,c1(C#CCCCCCC)cncc(N2CC3(CC2)CN(C(=O)c2cc4c(cc2[N+]([O-])=O)OCO4)C3)c1,n1nc(C[*])n(C)c1C1CCN(C(=O)C2CCCN2CC([*])=O)CC1,13.86
o1c2ccc(CN3CCC([*])CC3)c(O)c2cc(CN2CCC([*])CC2)c1=O,0,c1c(C(=O)N2CC3(CN(c4cncc(C#CCCCCCC)c4)CC3)C2)ccc2c1OCO2,o1c2ccc(CN3CCC([*])CC3)c(O)c2cc(CN2CCC([*])CC2)c1=O,15.95
C(c1cc([*])ccc1)(=O)N1CCC(CN2CCC(c3cc([*])[nH]n3)CC2)CC1,0,C(CC#Cc1cc(N2CCC3(CN(Cc4cc([N+](=O)[O-])cc([N+]([O-])=O)c4)C3)C2)cnc1)CCCC,C(c1cc([*])ccc1)(=O)N1CCC(CN2CCC(c3cc([*])[nH]n3)CC2)CC1,15.93
c1cc(C[*])cnc1-c1ccc([*])c(C(F)(F)F)c1,0,C12(CN(c3cncc(N4CC(OCCCCCC)C4)c3)CC1)CN(C(OC(C)(C)C)=O)C2,c1cc(C[*])cnc1-c1ccc([*])c(C(F)(F)F)c1,16.57
c1c(C2CCC([*])CC2)nn(C)c1[*],0,C1CC2(CN1c1cc(C#Cc3ccccc3)cnc1)CN(C(c1cc([N+](=O)[O-])cc([N+]([O-])=O)c1)=O)C2,c1c(C2CCC([*])CC2)nn(C)c1[*],10.8
c12cc([*])ccc1n(CC)c(C#Cc1cc3ccc([*])nc3cc1)n2,0,C(#Cc1ccccc1)c1cncc(N2CCC3(CNC3)C2)c1,c12cc([*])ccc1n(CC)c(C#Cc1cc3ccc([*])nc3cc1)n2,24.65
C(c1c([*])cncc1)(NC1CC(CC)CC1CO[*])=O,0,C1N(C(OC(C)(C)C)=O)CC12CCN(c1cccc(Br)n1)C2,C(c1c([*])cncc1)(NC1CC(CC)CC1CO[*])=O,30.63
c1(Cl)cc(Cl)c(-c2nnn(CC[*])c2)cc1C[*],0,C1N(C(=O)OC(C)(C)C)CC12CCN(c1cncc(-c3ccc(F)cc3)c1)C2,c1(Cl)cc(Cl)c(-c2nnn(CC[*])c2)cc1C[*],16.31
c1c([*])oc(C(=O)Nc2ccccc2[*])c1,0,c1(Br)cncc(N2CCC3(CN(C(=O)OC(C)(C)C)C3)C2)c1,c1c([*])oc(C(=O)Nc2ccccc2[*])c1,11.81
[*]c1ccc(CN2CCC(C[*])CC2)cc1,0,C1N(c2cncc(C#Cc3ccccc3)c2)CC2(CN(C(OC(C)(C)C)=O)C2)C1,[*]c1ccc(CN2CCC(C[*])CC2)cc1,8.09
O1C(n2c([*])nc(C)c2[*])CCC1,0,O=C(OC(C)(C)C)N1CC2(CN(c3cncc(N4CC(OCCCc5ccccc5)C4)c3)CC2)C1,O1C(n2c([*])nc(C)c2[*])CCC1,14.88
c1([*])oc2cc(C#C[*])ccc2n1,0,c12[nH]cc(CCC(=O)N3CC4(CN(c5cncc(C#CCCCCCC)c5)CC4)C3)c1cccc2,c1([*])oc2cc(C#C[*])ccc2n1,6.98
C1CN(c2ccc([*])cc2)CCC1CNC(Nc1ccc([*])cc1)=O,0,C(CCCCC#Cc1cc(N2CCC3(CN(C(c4cc([N+](=O)[O-])cc([N+]([O-])=O)c4)=O)C3)C2)cnc1)C,C1CN(c2ccc([*])cc2)CCC1CNC(Nc1ccc([*])cc1)=O,13.19
c1c([*])n(C)c(C2CCN(CCC[*])CC2)c1,0,c1(C#CCCCCCC)cncc(N2CC3(CC2)CN(C(=O)c2cc4c(cc2[N+]([O-])=O)OCO4)C3)c1,c1c([*])n(C)c(C2CCN(CCC[*])CC2)c1,11.23
O(c1ccc(N2CCC(CNC(=O)c3n(CC=C)c(C[*])cc3)CC2)cc1)CC[*],0,c1c(C(=O)N2CC3(CN(c4cncc(C#CCCCCCC)c4)CC3)C2)ccc2c1OCO2,O(c1ccc(N2CCC(CNC(=O)c3n(CC=C)c(C[*])cc3)CC2)cc1)CC[*],26.41
c1([*])ccc(N2CCC(N3CCN([*])CC3)CC2)cc1,0,C(CC#Cc1cc(N2CCC3(CN(Cc4cc([N+](=O)[O-])cc([N+]([O-])=O)c4)C3)C2)cnc1)CCCC,c1([*])ccc(N2CCC(N3CCN([*])CC3)CC2)cc1,5.49
c1([*])ncc(C#Cc2ccc([*])cc2)cc1,0,C12(CN(c3cncc(N4CC(OCCCCCC)C4)c3)CC1)CN(C(OC(C)(C)C)=O)C2,c1([*])ncc(C#Cc2ccc([*])cc2)cc1,7.42
c1cc2c3c(n(C)c2cc1[*])nc(C[*])[nH]c3=O,0,C1CC2(CN1c1cc(C#Cc3ccccc3)cnc1)CN(C(c1cc([N+](=O)[O-])cc([N+]([O-])=O)c1)=O)C2,c1cc2c3c(n(C)c2cc1[*])nc(C[*])[nH]c3=O,19.6
C1N(C(=O)c2ccc([*])o2)CCN(Cc2ccc([*])cc2)C1,0,C(#Cc1ccccc1)c1cncc(N2CCC3(CNC3)C2)c1,C1N(C(=O)c2ccc([*])o2)CCN(Cc2ccc([*])cc2)C1,13.41
[*]CC(COc1c(C)ccc(C(C)(c2cc(C)c(O[*])cc2C)C)c1)O,0,C1N(C(OC(C)(C)C)=O)CC12CCN(c1cccc(Br)n1)C2,[*]CC(COc1c(C)ccc(C(C)(c2cc(C)c(O[*])cc2C)C)c1)O,23.34
C1CC(n2c(=O)oc([*])n2)CCN1C(=O)CC[*],0,C1N(C(=O)OC(C)(C)C)CC12CCN(c1cncc(-c3ccc(F)cc3)c1)C2,C1CC(n2c(=O)oc([*])n2)CCN1C(=O)CC[*],8.24
c12c(nc(C(=O)N)c([*])n1)ccc([*])c2,0,c1(Br)cncc(N2CCC3(CN(C(=O)OC(C)(C)C)C3)C2)c1,c12c(nc(C(=O)N)c([*])n1)ccc([*])c2,10.87
c1(CCC(=O)N2CCC(C[*])CC2)nnc(CCC[*])o1,0,C1N(c2cncc(C#Cc3ccccc3)c2)CC2(CN(C(OC(C)(C)C)=O)C2)C1,c1(CCC(=O)N2CCC(C[*])CC2)nnc(CCC[*])o1,21.07
c1(-c2ccc([*])cc2)nn(C)c([*])c1,0,O=C(OC(C)(C)C)N1CC2(CN(c3cncc(N4CC(OCCCc5ccccc5)C4)c3)CC2)C1,c1(-c2ccc([*])cc2)nn(C)c([*])c1,10.55
c1[nH]c(C2CCN(C(=O)C[*])CC2)nc1-c1ccc([*])cc1,0,c12[nH]cc(CCC(=O)N3CC4(CN(c5cncc(C#CCCCCCC)c5)CC4)C3)c1cccc2,c1[nH]c(C2CCN(C(=O)C[*])CC2)nc1-c1ccc([*])cc1,13.89
c1([*])ccc(N2CCN([*])CC2)cc1,0,C(CCCCC#Cc1cc(N2CCC3(CN(C(c4cc([N+](=O)[O-])cc([N+]([O-])=O)c4)=O)C3)C2)cnc1)C,c1([*])ccc(N2CCN([*])CC2)cc1,2.38
N1(C(c2cccc([*])c2)=O)CCC(C[*])CC1,0,c1(C#CCCCCCC)cncc(N2CC3(CC2)CN(C(=O)c2cc4c(cc2[N+]([O-])=O)OCO4)C3)c1,N1(C(c2cccc([*])c2)=O)CCC(C[*])CC1,9.93
c1c(=O)n(CC2CCCN2CCC[*])cc([*])c1,0,c1c(C(=O)N2CC3(CN(c4cncc(C#CCCCCCC)c4)CC3)C2)ccc2c1OCO2,c1c(=O)n(CC2CCCN2CCC[*])cc([*])c1,12.88
CC(C)(NS(=O)(=O)c1cc([*])ccc1)c1ccc([*])cc1,0,C(CC#Cc1cc(N2CCC3(CN(Cc4cc([N+](=O)[O-])cc([N+]([O-])=O)c4)C3)C2)cnc1)CCCC,CC(C)(NS(=O)(=O)c1cc([*])ccc1)c1ccc([*])cc1,21.68
c1(C#Cc2ccc([*])cn2)c(C)cc([*])cc1,0,C12(CN(c3cncc(N4CC(OCCCCCC)C4)c3)CC1)CN(C(OC(C)(C)C)=O)C2,c1(C#Cc2ccc([*])cn2)c(C)cc([*])cc1,8.34
[*]c1ccc(N2C(=O)C3CCC2CC(N2CCCC2)C3=C2CCCCC2)cc1C#C[*],0,C1CC2(CN1c1cc(C#Cc3ccccc3)cnc1)CN(C(c1cc([N+](=O)[O-])cc([N+]([O-])=O)c1)=O)C2,[*]c1ccc(N2C(=O)C3CCC2CC(N2CCCC2)C3=C2CCCCC2)cc1C#C[*],33.26
C1CN(C(c2oc3n(-c4ccc([*])cc4)c(C)nn3)c2)CCC1c1nc(C)c([*])s1,0,C(#Cc1ccccc1)c1cncc(N2CCC3(CNC3)C2)c1,C1CN(C(c2oc3n(-c4ccc([*])cc4)c(C)nn3)c2)CCC1c1nc(C)c([*])s1,23.75
c1(C(=O)NC2C(O)CC([*])CC2)cc(F)ccc1[*],0,C1N(C(OC(C)(C)C)=O)CC12CCN(c1cccc(Br)n1)C2,c1(C(=O)NC2C(O)CC([*])CC2)cc(F)ccc1[*],14.46
c1(C(NC2CCC(N3CCC([*])CC3)CC2)=O)cc(Cl)c([*])cc1,0,C1N(C(=O)OC(C)(C)C)CC12CCN(c1cncc(-c3ccc(F)cc3)c1)C2,c1(C(NC2CCC(N3CCC([*])CC3)CC2)=O)cc(Cl)c([*])cc1,15.83
[*]c1nc2c(n1C)nc(N[*])nc2,0,c1(Br)cncc(N2CCC3(CN(C(=O)OC(C)(C)C)C3)C2)c1,[*]c1nc2c(n1C)nc(N[*])nc2,11.33
O=C(c1n(C)cc([*])c1)N1CCCC(C[*])C1,0,C1N(c2cncc(C#Cc3ccccc3)c2)CC2(CN(C(OC(C)(C)C)=O)C2)C1,O=C(c1n(C)cc([*])c1)N1CCCC(C[*])C1,11.68
C1C(n2c(SC)nc3c2ncnc3[*])CCN(CC[*])C1,0,O=C(OC(C)(C)C)N1CC2(CN(c3cncc(N4CC(OCCCc5ccccc5)C4)c3)CC2)C1,C1C(n2c(SC)nc3c2ncnc3[*])CCN(CC[*])C1,16.56
c1(C2=C(C(=O)C)C(c3n[nH]c([*])n3)C2)ccc2n1cc(C1COC(=O)C1C[*])n2,0,c12[nH]cc(CCC(=O)N3CC4(CN(c5cncc(C#CCCCCCC)c5)CC4)C3)c1cccc2,c1(C2=C(C(=O)C)C(c3n[nH]c([*])n3)C2)ccc2n1cc(C1COC(=O)C1C[*])n2,42.62
C1C2(CC[N+](c3ccc([*])cc3)(C)C2)CCN([*])C1,0,C(CCCCC#Cc1cc(N2CCC3(CN(C(c4cc([N+](=O)[O-])cc([N+]([O-])=O)c4)=O)C3)C2)cnc1)C,C1C2(CC[N+](c3ccc([*])cc3)(C)C2)CCN([*])C1,17.39
C1(c2[nH]c(=O)n(C[*])c2C)CCC(C(=O)N2CCN(CC[*])CC2)CC1,0,c1(C#CCCCCCC)cncc(N2CC3(CC2)CN(C(=O)c2cc4c(cc2[N+]([O-])=O)OCO4)C3)c1,C1(c2[nH]c(=O)n(C[*])c2C)CCC(C(=O)N2CCN(CC[*])CC2)CC1,13.5
C1C(c2n(C)c(=O)c3c(ccc(NC(=O)CCN4CCC([*])CC4)c3)n2)CCCN1C(=O)C1CCCN1C(=O)C[*],0,c1c(C(=O)N2CC3(CN(c4cncc(C#CCCCCCC)c4)CC3)C2)ccc2c1OCO2,C1C(c2n(C)c(=O)c3c(ccc(NC(=O)CCN4CCC([*])CC4)c3)n2)CCCN1C(=O)C1CCCN1C(=O)C[*],16.87
O=C(c1ccc([*])cc1)N1CCC(CN2CCC(C[*])CC2)CC1,0,C(CC#Cc1cc(N2CCC3(CN(Cc4cc([N+](=O)[O-])cc([N+]([O-])=O)c4)C3)C2)cnc1)CCCC,O=C(c1ccc([*])cc1)N1CCC(CN2CCC(C[*])CC2)CC1,8.9
c1([*])ccc(C(Nc2ccc([*])cc2)=O)cc1,0,C12(CN(c3cncc(N4CC(OCCCCCC)C4)c3)CC1)CN(C(OC(C)(C)C)=O)C2,c1([*])ccc(C(Nc2ccc([*])cc2)=O)cc1,5.8
c12ccc([*])nc1ccc(C1CCN(CC[*])CC1)c2,0,C1CC2(CN1c1cc(C#Cc3ccccc3)cnc1)CN(C(c1cc([N+](=O)[O-])cc([N+]([O-])=O)c1)=O)C2,c12ccc([*])nc1ccc(C1CCN(CC[*])CC1)c2,11.75
C1C(N2CCN([*])CC2)c2c(cccc2)N(c2nc3ccc([*])cn3n2)C1,0,C(#Cc1ccccc1)c1cncc(N2CCC3(CNC3)C2)c1,C1C(N2CCN([*])CC2)c2c(cccc2)N(c2nc3ccc([*])cn3n2)C1,20.6
C(COc1ccc(CC[*])cc1)Cc1c(C)cc([*])cc1,0,C1N(C(OC(C)(C)C)=O)CC12CCN(c1cccc(Br)n1)C2,C(COc1ccc(CC[*])cc1)Cc1c(C)cc([*])cc1,21.81
C(c1oc2ccc([*])cc2n1)(=O)N1CCC([*])CC1,0,C1N(C(=O)OC(C)(C)C)CC12CCN(c1cncc(-c3ccc(F)cc3)c1)C2,C(c1oc2ccc([*])cc2n1)(=O)N1CCC([*])CC1,11.34
[*]c1c(C)n(-c2nc(C)c([*])c(C)n2)nc1C,0,c1(Br)cncc(N2CCC3(CN(C(=O)OC(C)(C)C)C3)C2)c1,[*]c1c(C)n(-c2nc(C)c([*])c(C)n2)nc1C,13.09
O=C(c1cc2c(n(C3CCCC3)c1=O)cc([*])cc2)N1CCN(CCC[*])CC1,0,C1N(c2cncc(C#Cc3ccccc3)c2)CC2(CN(C(OC(C)(C)C)=O)C2)C1,O=C(c1cc2c(n(C3CCCC3)c1=O)cc([*])cc2)N1CCN(CCC[*])CC1,15.91
C1C(n2ncc([*])c2)CCN(C(C2CCCN2c2nccnc2[*])=O)C1,0,O=C(OC(C)(C)C)N1CC2(CN(c3cncc(N4CC(OCCCc5ccccc5)C4)c3)CC2)C1,C1C(n2ncc([*])c2)CCN(C(C2CCCN2c2nccnc2[*])=O)C1,17.67
[*]c1oc(C2CC2)nc1C#Cc1ccc2c(c1)cc(C#C[*])o2,0,c12[nH]cc(CCC(=O)N3CC4(CN(c5cncc(C#CCCCCCC)c5)CC4)C3)c1cccc2,[*]c1oc(C2CC2)nc1C#Cc1ccc2c(c1)cc(C#C[*])o2,14.43
N=C(c1oc([*])cc1)N1CCC(CN2CCC([*])CC2)C1,0,C(CCCCC#Cc1cc(N2CCC3(CN(C(c4cc([N+](=O)[O-])cc([N+]([O-])=O)c4)=O)C3)C2)cnc1)C,N=C(c1oc([*])cc1)N1CCC(CN2CCC([*])CC2)C1,13.29
C1CN(CC(N2c3cc([*])ccc3CCC2)=O)CCC1[*],0,c1(C#CCCCCCC)cncc(N2CC3(CC2)CN(C(=O)c2cc4c(cc2[N+]([O-])=O)OCO4)C3)c1,C1CN(CC(N2c3cc([*])ccc3CCC2)=O)CCC1[*],13.22
n1(CC(N2CCC(c3c([*])cccc3)CC2)=O)c(=O)c2ccccc2n(C[*])c1=O,0,c1c(C(=O)N2CC3(CN(c4cncc(C#CCCCCCC)c4)CC3)C2)ccc2c1OCO2,n1(CC(N2CCC(c3c([*])cccc3)CC2)=O)c(=O)c2ccccc2n(C[*])c1=O,27.94
c1cc([*])cc(Cl)c1N1CCN(C2CCC(CN3CCC([*])CC3)CC2)CC1,0,C(CC#Cc1cc(N2CCC3(CN(Cc4cc([N+](=O)[O-])cc([N+]([O-])=O)c4)C3)C2)cnc1)CCCC,c1cc([*])cc(Cl)c1N1CCN(C2CCC(CN3CCC([*])CC3)CC2)CC1,15.8
c1c([*])ccc(C(=O)Nc2cc([*])c(Cl)cc2)c1,0,C12(CN(c3cncc(N4CC(OCCCCCC)C4)c3)CC1)CN(C(OC(C)(C)C)=O)C2,c1c([*])ccc(C(=O)Nc2cc([*])c(Cl)cc2)c1,7.27
c1([*])cc(C(=O)N2CCCC2C[*])ccc1,0,C1CC2(CN1c1cc(C#Cc3ccccc3)cnc1)CN(C(c1cc([N+](=O)[O-])cc([N+]([O-])=O)c1)=O)C2,c1([*])cc(C(=O)N2CCCC2C[*])ccc1,10.67
C(c1cccc([*])c1)N(C1CC1)C(=O)c1cccc([*])c1,0,C(#Cc1ccccc1)c1cncc(N2CCC3(CNC3)C2)c1,C(c1cccc([*])c1)N(C1CC1)C(=O)c1cccc([*])c1,16.25
O=C(c1c([*])cccc1)NC1CCC(C[*])CC1,0,C1N(C(OC(C)(C)C)=O)CC12CCN(c1cccc(Br)n1)C2,O=C(c1c([*])cccc1)NC1CCC(C[*])CC1,8.03
c1([*])c(F)cc(N2C(=O)OC(C[*])C2)cc1,0,C1N(C(=O)OC(C)(C)C)CC12CCN(c1cncc(-c3ccc(F)cc3)c1)C2,c1([*])c(F)cc(N2C(=O)OC(C[*])C2)cc1,9.19
N(c1nc(C)c(C(=O)NCCC[*])s1)C(=O)c1c(Oc2cccc([*])c2)ncc(F)c1,0,c1(Br)cncc(N2CCC3(CN(C(=O)OC(C)(C)C)C3)C2)c1,N(c1nc(C)c(C(=O)NCCC[*])s1)C(=O)c1c(Oc2cccc([*])c2)ncc(F)c1,27.7
[*]c1ccc(Cn2c3ccc(F)cc3c(=O)n2CCCC2CCN(C(=O)C(=O)C)CC2C[*])cc1,0,C1N(c2cncc(C#Cc3ccccc3)c2)CC2(CN(C(OC(C)(C)C)=O)C2)C1,[*]c1ccc(Cn2c3ccc(F)cc3c(=O)n2CCCC2CCN(C(=O)C(=O)C)CC2C[*])cc1,26.3
c1c([*])nc(C(N2CCC([*])CC2)=O)c(F)c1,0,O=C(OC(C)(C)C)N1CC2(CN(c3cncc(N4CC(OCCCc5ccccc5)C4)c3)CC2)C1,c1c([*])nc(C(N2CCC([*])CC2)=O)c(F)c1,11.1
N1(c2ccc([*])cc2)C(c2cccc(Cl)c2)C(CCc2ccc(O)cc2)N(CCc2ccc(C#C[*])cc2)C1=O,0,c12[nH]cc(CCC(=O)N3CC4(CN(c5cncc(C#CCCCCCC)c5)CC4)C3)c1cccc2,N1(c2ccc([*])cc2)C(c2cccc(Cl)c2)C(CCc2ccc(O)cc2)N(CCc2ccc(C#C[*])cc2)C1=O,27.62
C1C(C)N(c2ccc([*])cc2)CCN1[*],0,C(CCCCC#Cc1cc(N2CCC3(CN(C(c4cc([N+](=O)[O-])cc([N+]([O-])=O)c4)=O)C3)C2)cnc1)C,C1C(C)N(c2ccc([*])cc2)CCN1[*],11.66
N1(C(=O)c2ccc([*])cc2)CC(C)N(CCC[*])CC1,0,c1(C#CCCCCCC)cncc(N2CC3(CC2)CN(C(=O)c2cc4c(cc2[N+]([O-])=O)OCO4)C3)c1,N1(C(=O)c2ccc([*])cc2)CC(C)N(CCC[*])CC1,14.11
c1(=O)n(C2CCN(C(C[*])=O)CC2)c(=O)n(C2CCCC2)c2ccc(C[*])cc12,0,c1c(C(=O)N2CC3(CN(c4cncc(C#CCCCCCC)c4)CC3)C2)ccc2c1OCO2,c1(=O)n(C2CCN(C(C[*])=O)CC2)c(=O)n(C2CCCC2)c2ccc(C[*])cc12,18.6
c1cc([*])ccc1N1CCC(CN([*])C)CC1,0,C(CC#Cc1cc(N2CCC3(CN(Cc4cc([N+](=O)[O-])cc([N+]([O-])=O)c4)C3)C2)cnc1)CCCC,c1cc([*])ccc1N1CCC(CN([*])C)CC1,4.88
[*]c1ccc(C(=O)Nc2c(C#N)ccc([*])c2)cn1,0,C12(CN(c3cncc(N4CC(OCCCCCC)C4)c3)CC1)CN(C(OC(C)(C)C)=O)C2,[*]c1ccc(C(=O)Nc2c(C#N)ccc([*])c2)cn1,10.71
[*]c1ccc(N2CCC(CNC3CCC([*])CC3)CC2)cc1,0,C1CC2(CN1c1cc(C#Cc3ccccc3)cnc1)CN(C(c1cc([N+](=O)[O-])cc([N+]([O-])=O)c1)=O)C2,[*]c1ccc(N2CCC(CNC3CCC([*])CC3)CC2)cc1,10.2
c1cc([*])ccc1CN(C1CC1)C(C1N(c2cnccc2)CN(C2CCN(Cc3ccc([*])cc3)C2=O)CC1)=O,0,C(#Cc1ccccc1)c1cncc(N2CCC3(CNC3)C2)c1,c1cc([*])ccc1CN(C1CC1)C(C1N(c2cnccc2)CN(C2CCN(Cc3ccc([*])cc3)C2=O)CC1)=O,23.44
C(c1cccc(C2CCC([*])CC2)c1)[*],0,C1N(C(OC(C)(C)C)=O)CC12CCN(c1cccc(Br)n1)C2,C(c1cccc(C2CCC([*])CC2)c1)[*],14.38
[*]c1ccc(N2CCC([*])CC2)nn1,0,C1N(C(=O)OC(C)(C)C)CC12CCN(c1cncc(-c3ccc(F)cc3)c1)C2,[*]c1ccc(N2CCC([*])CC2)nn1,5.84
c1([*])nn2c(-c3ccc([*])cc3)cnc2cc1,0,c1(Br)cncc(N2CCC3(CN(C(=O)OC(C)(C)C)C3)C2)c1,c1([*])nn2c(-c3ccc([*])cc3)cnc2cc1,8.82
C1C(C(=O)N2CCC(C#N)(C#CC)=C(C(=O)O)N2C(=O)c2ccc([*])cc2)CCC1C[*],0,C1N(c2cncc(C#Cc3ccccc3)c2)CC2(CN(C(OC(C)(C)C)=O)C2)C1,C1C(C(=O)N2CCC(C#N)(C#CC)=C(C(=O)O)N2C(=O)c2ccc([*])cc2)CCC1C[*],26.29
N1(C2CCc3cc([*])ccc3C2)C(=O)CN([*])CC1,0,O=C(OC(C)(C)C)N1CC2(CN(c3cncc(N4CC(OCCCc5ccccc5)C4)c3)CC2)C1,N1(C2CCc3cc([*])ccc3C2)C(=O)CN([*])CC1,11.47
c1(C2CCN(C(C3C(c4cc([*])ccc4)=N)(C#N)C3)C(=O)N2Cc2coc([*])c2)ccc(C#N)cc1,0,c12[nH]cc(CCC(=O)N3CC4(CN(c5cncc(C#CCCCCCC)c5)CC4)C3)c1cccc2,c1(C2CCN(C(C3C(c4cc([*])ccc4)=N)(C#N)C3)C(=O)N2Cc2coc([*])c2)ccc(C#N)cc1,33.1
c1(Cl)cc([*])ccc1N1CCN([*])CC1,0,C(CCCCC#Cc1cc(N2CCC3(CN(C(c4cc([N+](=O)[O-])cc([N+]([O-])=O)c4)=O)C3)C2)cnc1)C,c1(Cl)cc([*])ccc1N1CCN([*])CC1,7.9
C1(n2c(=O)c3cccc([*])c3nc2)CCC(CN2CCC([*])CC2)CC1,0,c1(C#CCCCCCC)cncc(N2CC3(CC2)CN(C(=O)c2cc4c(cc2[N+]([O-])=O)OCO4)C3)c1,C1(n2c(=O)c3cccc([*])c3nc2)CCC(CN2CCC([*])CC2)CC1,18.49
c1c([*])nc(=O)n(CCCCN2CCC(NCC[*])CC2)c1,0,c1c(C(=O)N2CC3(CN(c4cncc(C#CCCCCCC)c4)CC3)C2)ccc2c1OCO2,c1c([*])nc(=O)n(CCCCN2CCC(NCC[*])CC2)c1,14.35
c1([*])ccc(-c2oc([*])nc2)cc1,0,C(CC#Cc1cc(N2CCC3(CN(Cc4cc([N+](=O)[O-])cc([N+]([O-])=O)c4)C3)C2)cnc1)CCCC,c1([*])ccc(-c2oc([*])nc2)cc1,8.8
c1cc(C[*])cnc1C#Cc1c(Cl)ccc([*])c1,0,C12(CN(c3cncc(N4CC(OCCCCCC)C4)c3)CC1)CN(C(OC(C)(C)C)=O)C2,c1cc(C[*])cnc1C#Cc1c(Cl)ccc([*])c1,9.84
N1(CC2CC2)C(c2[nH]c3ccc([*])cc3n2)=C(c2c(Cl)cc([*])cc2)CCC1,0,C1CC2(CN1c1cc(C#Cc3ccccc3)cnc1)CN(C(c1cc([N+](=O)[O-])cc([N+]([O-])=O)c1)=O)C2,N1(CC2CC2)C(c2[nH]c3ccc([*])cc3n2)=C(c2c(Cl)cc([*])cc2)CCC1,24.8
