Agent,Prior,Target,Score,SMILES,SMILES_state,Input_Scaffold,R-groups,Scaffold,LIBINVENT TRANSFORMER PUBCHEM_CL_Stage1,LIBINVENT TRANSFORMER PUBCHEM_CL_Stage1 (raw),step
1.5722,1.5722,-1.5722,0.0000000,C*c1ccccc1C#Cc1cncc(N2CCC3(CNC3)C2)c1,0,C(#Cc1cncc(N2CCC3(CNC3)C2)c1)c1ccccc1,*C,,0.0000000,0.0000,1
4.4064,4.4064,-4.4064,0.0000000,CC(C)(O)*c1ccccc1C#Cc1cncc(N2CCC3(CNC3)C2)c1,0,C(#Cc1cncc(N2CCC3(CNC3)C2)c1)c1ccccc1,*C(C)(C)O,,0.0000000,0.0000,1
4.1803,4.1803,-4.1803,0.0000000,FC(F)(F)*c1ccccc1C#Cc1cncc(N2CCC3(CNC3)C2)c1,0,C(#Cc1cncc(N2CCC3(CNC3)C2)c1)c1ccccc1,*C(F)(F)F,,0.0000000,0.0000,1
6.8649,6.8649,-6.8649,0.0000000,OC1(*c2ccccc2C#Cc2cncc(N3CCC4(CNC4)C3)c2)CCCC1,0,C(#Cc1cncc(N2CCC3(CNC3)C2)c1)c1ccccc1,*C1(O)CCCC1,,0.0000000,0.0000,1
2.6708,2.6708,-2.6708,0.0000000,*(c1ccccc1C#Cc1cncc(N2CCC3(CNC3)C2)c1)C1CC1,0,C(#Cc1cncc(N2CCC3(CNC3)C2)c1)c1ccccc1,*C1CC1,,0.0000000,0.0000,1
3.8129,3.8129,-3.8129,0.0000000,CC*c1ccccc1C#Cc1cncc(N2CCC3(CNC3)C2)c1,0,C(#Cc1cncc(N2CCC3(CNC3)C2)c1)c1ccccc1,*CC,,0.0000000,0.0000,1
6.1196,6.1196,-6.1196,0.0000000,CCCC*c1ccccc1C#Cc1cncc(N2CCC3(CNC3)C2)c1,0,C(#Cc1cncc(N2CCC3(CNC3)C2)c1)c1ccccc1,*CCCC,,0.0000000,0.0000,1
6.4791,6.4791,-6.4791,0.0000000,FC*c1ccccc1C#Cc1cncc(N2CCC3(CNC3)C2)c1,0,C(#Cc1cncc(N2CCC3(CNC3)C2)c1)c1ccccc1,*CF,,0.0000000,0.0000,1
5.0828,5.0828,-5.0828,0.0000000,N*c1ccccc1C#Cc1cncc(N2CCC3(CNC3)C2)c1,0,C(#Cc1cncc(N2CCC3(CNC3)C2)c1)c1ccccc1,*N,,0.0000000,0.0000,1
6.1655,6.1655,-6.1655,0.0000000,Cc1noc(C)c1*c1ccccc1C#Cc1cncc(N2CCC3(CNC3)C2)c1,0,C(#Cc1cncc(N2CCC3(CNC3)C2)c1)c1ccccc1,*c1c(C)noc1C,,0.0000000,0.0000,1
15.3830,15.3830,-15.3830,0.0000000,C/N=C/C(=C\N)c1cc(*c2ccccc2C#Cc2cncc(N3CCC4(CNC4)C3)c2)cc(OC)c1,0,C(#Cc1cncc(N2CCC3(CNC3)C2)c1)c1ccccc1,*c1cc(C(=C/N)/C=N/C)cc(OC)c1,,0.0000000,0.0000,1
7.6253,7.6253,-7.6253,0.0000000,COc1cc(F)cc(*c2ccccc2C#Cc2cncc(N3CCC4(CNC4)C3)c2)c1,0,C(#Cc1cncc(N2CCC3(CNC3)C2)c1)c1ccccc1,*c1cc(F)cc(OC)c1,,0.0000000,0.0000,1
10.1517,10.1517,-10.1517,0.0000000,CON(C)C(=O)c1ccc(*c2ccccc2C#Cc2cncc(N3CCC4(CNC4)C3)c2)cc1,0,C(#Cc1cncc(N2CCC3(CNC3)C2)c1)c1ccccc1,*c1ccc(C(=O)N(C)OC)cc1,,0.0000000,0.0000,1
8.9671,8.9671,-8.9671,0.0000000,CC(C)(C)c1ccc(*c2ccccc2C#Cc2cncc(N3CCC4(CNC4)C3)c2)cc1,0,C(#Cc1cncc(N2CCC3(CNC3)C2)c1)c1ccccc1,*c1ccc(C(C)(C)C)cc1,,0.0000000,0.0000,1
4.6021,4.6021,-4.6021,0.0000000,Fc1ccc(*c2ccccc2C#Cc2cncc(N3CCC4(CNC4)C3)c2)cc1,0,C(#Cc1cncc(N2CCC3(CNC3)C2)c1)c1ccccc1,*c1ccc(F)cc1,,0.0000000,0.0000,1
7.9832,7.9832,-7.9832,0.0000000,Nc1cccc(*c2ccccc2C#Cc2cncc(N3CCC4(CNC4)C3)c2)c1,0,C(#Cc1cncc(N2CCC3(CNC3)C2)c1)c1ccccc1,*c1cccc(N)c1,,0.0000000,0.0000,1
6.0468,6.0468,-6.0468,0.0000000,COc1cccc(*c2ccccc2C#Cc2cncc(N3CCC4(CNC4)C3)c2)c1,0,C(#Cc1cncc(N2CCC3(CNC3)C2)c1)c1ccccc1,*c1cccc(OC)c1,,0.0000000,0.0000,1
1.6657,1.6657,-1.6657,0.0000000,*(c1ccccc1)c1ccccc1C#Cc1cncc(N2CCC3(CNC3)C2)c1,0,C(#Cc1cncc(N2CCC3(CNC3)C2)c1)c1ccccc1,*c1ccccc1,,0.0000000,0.0000,1
4.3085,4.3085,-4.3085,0.0000000,*(c1cccnc1)c1ccccc1C#Cc1cncc(N2CCC3(CNC3)C2)c1,0,C(#Cc1cncc(N2CCC3(CNC3)C2)c1)c1ccccc1,*c1cccnc1,,0.0000000,0.0000,1
6.8955,6.8955,-6.8955,0.0000000,Nc1cc(*c2ccccc2C#Cc2cncc(N3CCC4(CNC4)C3)c2)ccn1,0,C(#Cc1cncc(N2CCC3(CNC3)C2)c1)c1ccccc1,*c1ccnc(N)c1,,0.0000000,0.0000,1
5.5603,5.5603,-5.5603,0.0000000,Nc1ncc(*c2ccccc2C#Cc2cncc(N3CCC4(CNC4)C3)c2)cn1,0,C(#Cc1cncc(N2CCC3(CNC3)C2)c1)c1ccccc1,*c1cnc(N)nc1,,0.0000000,0.0000,1
7.4583,7.4583,-7.4583,0.0000000,*(c1cnc[nH]1)c1ccccc1C#Cc1cncc(N2CCC3(CNC3)C2)c1,0,C(#Cc1cncc(N2CCC3(CNC3)C2)c1)c1ccccc1,*c1cnc[nH]1,,0.0000000,0.0000,1
21.9756,21.9756,-21.9756,0.0000000,CC(C)C(=O)N1CCN(c2cc(Cl)cc(-c3cncc(*c4ccccc4C#Cc4cncc(N5CCC6(CNC6)C5)c4)c3)c2)CC1,0,C(#Cc1cncc(N2CCC3(CNC3)C2)c1)c1ccccc1,*c1cncc(-c2cc(Cl)cc(N3CCN(C(=O)C(C)C)CC3)c2)c1,,0.0000000,0.0000,1
3.9591,3.9591,-3.9591,0.0000000,Cn1cc(*c2ccccc2C#Cc2cncc(N3CCC4(CNC4)C3)c2)cn1,0,C(#Cc1cncc(N2CCC3(CNC3)C2)c1)c1ccccc1,*c1cnn(C)c1,,0.0000000,0.0000,1
13.2206,13.2206,-13.2206,0.0000000,N#Cc1cnc2c(*c3ccccc3C#Cc3cncc(N4CCC5(CNC5)C4)c3)cnn2c1,0,C(#Cc1cncc(N2CCC3(CNC3)C2)c1)c1ccccc1,*c1cnn2cc(C#N)cnc12,,0.0000000,0.0000,1
12.1616,12.1616,-12.1616,0.0000000,Cn1cc(-c2cn3ncc(C#N)c3c(*c3ccccc3C#Cc3cncc(N4CCC5(CNC5)C4)c3)n2)cn1,0,C(#Cc1cncc(N2CCC3(CNC3)C2)c1)c1ccccc1,*c1nc(-c2cnn(C)c2)cn2ncc(C#N)c12,,0.0000000,0.0000,1
8.5003,8.5003,-8.5003,0.0000000,FC(F)(F)c1ccc2nc(*c3ccccc3C#Cc3cncc(N4CCC5(CNC5)C4)c3)[nH]c2c1,0,C(#Cc1cncc(N2CCC3(CNC3)C2)c1)c1ccccc1,*c1nc2ccc(C(F)(F)F)cc2[nH]1,,0.0000000,0.0000,1
5.4798,5.4798,-5.4798,0.0000000,*(c1ncc[nH]1)c1ccccc1C#Cc1cncc(N2CCC3(CNC3)C2)c1,0,C(#Cc1cncc(N2CCC3(CNC3)C2)c1)c1ccccc1,*c1ncc[nH]1,,0.0000000,0.0000,1
12.4606,12.4606,-12.4606,0.0000000,O=C1Cc2c(ccnc2*c2ccccc2C#Cc2cncc(N3CCC4(CNC4)C3)c2)N1,0,C(#Cc1cncc(N2CCC3(CNC3)C2)c1)c1ccccc1,*c1nccc2c1CC(=O)N2,,0.0000000,0.0000,1
5.7248,5.7248,-5.7248,0.0000000,Fc1cccnc1*c1ccccc1C#Cc1cncc(N2CCC3(CNC3)C2)c1,0,C(#Cc1cncc(N2CCC3(CNC3)C2)c1)c1ccccc1,*c1ncccc1F,,0.0000000,0.0000,1
5.3664,5.3664,-5.3664,0.0000000,*(c1ncccn1)c1ccccc1C#Cc1cncc(N2CCC3(CNC3)C2)c1,0,C(#Cc1cncc(N2CCC3(CNC3)C2)c1)c1ccccc1,*c1ncccn1,,0.0000000,0.0000,1
5.5033,5.5033,-5.5033,0.0000000,*(c1nccs1)c1ccccc1C#Cc1cncc(N2CCC3(CNC3)C2)c1,0,C(#Cc1cncc(N2CCC3(CNC3)C2)c1)c1ccccc1,*c1nccs1,,0.0000000,0.0000,1
0.0365,0.0365,-0.0365,0.0000000,CC(C)(O)*C1N(C(=O)OC(C)(C)C)CC12CCN(c1cccc(Br)n1)C2,0,CC(C)(C)OC(=O)N1CC2(CCN(c3cccc(Br)n3)C2)C1,*C(C)(C)O,,0.0000000,0.0000,1
6.5637,6.5637,-6.5637,0.0000000,CC(C)(C)OC(=O)N1CC2(CCN(c3cccc(Br)n3)C2)C1*C(O)(Cn1cnnn1)c1ccc(F)cc1F,0,CC(C)(C)OC(=O)N1CC2(CCN(c3cccc(Br)n3)C2)C1,*C(O)(Cn1cnnn1)c1ccc(F)cc1F,,0.0000000,0.0000,1
9.8344,9.8344,-9.8344,0.0000000,CC(C)(C)OC(=O)N1CC2(CCN(c3cccc(Br)n3)C2)C1*N1CCCCC1,0,CC(C)(C)OC(=O)N1CC2(CCN(c3cccc(Br)n3)C2)C1,*N1CCCCC1,,0.0000000,0.0000,1
6.9353,6.9353,-6.9353,0.0000000,CC(C)(C)N*C1N(C(=O)OC(C)(C)C)CC12CCN(c1cccc(Br)n1)C2,0,CC(C)(C)OC(=O)N1CC2(CCN(c3cccc(Br)n3)C2)C1,*NC(C)(C)C,,0.0000000,0.0000,1
0.0850,0.0850,-0.0850,0.0000000,CC(C)(O)*C1N(C(=O)OC(C)(C)C)CC12CCN(c1cncc(-c3ccc(F)cc3)c1)C2,0,CC(C)(C)OC(=O)N1CC2(CCN(c3cncc(-c4ccc(F)cc4)c3)C2)C1,*C(C)(C)O,,0.0000000,0.0000,1
4.7387,4.7387,-4.7387,0.0000000,CC(C)(C)OC(=O)N1CC2(CCN(c3cncc(-c4ccc(F)cc4)c3)C2)C1*C(C)(O)C(F)(F)F,0,CC(C)(C)OC(=O)N1CC2(CCN(c3cncc(-c4ccc(F)cc4)c3)C2)C1,*C(C)(O)C(F)(F)F,,0.0000000,0.0000,1
6.9117,6.9117,-6.9117,0.0000000,CC(C)(C)OC(=O)N1CC2(CCN(c3cncc(-c4ccc(F)cc4)c3)C2)C1*C(C)(O)C1CC1,0,CC(C)(C)OC(=O)N1CC2(CCN(c3cncc(-c4ccc(F)cc4)c3)C2)C1,*C(C)(O)C1CC1,,0.0000000,0.0000,1
8.3691,8.3691,-8.3691,0.0000000,CC(C)(C)OC(=O)N1CC2(CCN(c3cncc(-c4ccc(F)cc4)c3)C2)C1*C(O)(C1CC1)C1CC1,0,CC(C)(C)OC(=O)N1CC2(CCN(c3cncc(-c4ccc(F)cc4)c3)C2)C1,*C(O)(C1CC1)C1CC1,,0.0000000,0.0000,1
5.4525,5.4525,-5.4525,0.0000000,CC(C)(C)OC(=O)N1CC2(CCN(c3cncc(-c4ccc(F)cc4)c3)C2)C1*C(O)(Cn1cncn1)c1ccc(F)cc1F,0,CC(C)(C)OC(=O)N1CC2(CCN(c3cncc(-c4ccc(F)cc4)c3)C2)C1,*C(O)(Cn1cncn1)c1ccc(F)cc1F,,0.0000000,0.0000,1
0.0598,0.0598,-0.0598,0.0000000,CC(C)(O)*C1N(C(=O)OC(C)(C)C)CC12CCN(c1cncc(Br)c1)C2,0,CC(C)(C)OC(=O)N1CC2(CCN(c3cncc(Br)c3)C2)C1,*C(C)(C)O,,0.0000000,0.0000,1
10.4932,10.4932,-10.4932,0.0000000,CCOC(=O)C(*C1N(C(=O)OC(C)(C)C)CC12CCN(c1cncc(Br)c1)C2)CC,0,CC(C)(C)OC(=O)N1CC2(CCN(c3cncc(Br)c3)C2)C1,*C(CC)C(=O)OCC,,0.0000000,0.0000,1
5.1172,5.1172,-5.1172,0.0000000,CC(C)(C)OC(=O)N1CC2(CCN(c3cncc(Br)c3)C2)C1*C(O)(Cn1cncn1)c1ccc(F)cc1F,0,CC(C)(C)OC(=O)N1CC2(CCN(c3cncc(Br)c3)C2)C1,*C(O)(Cn1cncn1)c1ccc(F)cc1F,,0.0000000,0.0000,1
17.6589,17.6589,-17.6589,0.0000000,CCOC(=O)C1(c2ccccc2)CCN(*C2N(C(=O)OC(C)(C)C)CC23CCN(c2cncc(Br)c2)C3)CC1,0,CC(C)(C)OC(=O)N1CC2(CCN(c3cncc(Br)c3)C2)C1,*N1CCC(C(=O)OCC)(c2ccccc2)CC1,,0.0000000,0.0000,1
5.3293,5.3293,-5.3293,0.0000000,CN*C1N(C(=O)OC(C)(C)C)CC12CCN(c1cncc(Br)c1)C2,0,CC(C)(C)OC(=O)N1CC2(CCN(c3cncc(Br)c3)C2)C1,*NC,,0.0000000,0.0000,1
13.7395,13.7395,-13.7395,0.0000000,CC(C)(C)OC(=O)N1CC2(CCN(c3cncc(Br)c3)C2)C1*NC1CCC(Oc2ccc3c(c2)C(=O)N(C2CCC(=O)NC2=O)C3=O)CC1,0,CC(C)(C)OC(=O)N1CC2(CCN(c3cncc(Br)c3)C2)C1,*NC1CCC(Oc2ccc3c(c2)C(=O)N(C2CCC(=O)NC2=O)C3=O)CC1,,0.0000000,0.0000,1
0.0882,0.0882,-0.0882,0.0000000,CC(C)(O)*C1N(C(=O)OC(C)(C)C)CC12CCN(c1cncc(C#Cc3ccccc3)c1)C2,0,CC(C)(C)OC(=O)N1CC2(CCN(c3cncc(C#Cc4ccccc4)c3)C2)C1,*C(C)(C)O,,0.0000000,0.0000,1
7.0815,7.0815,-7.0815,0.0000000,CCC(C)(O)*C1N(C(=O)OC(C)(C)C)CC12CCN(c1cncc(C#Cc3ccccc3)c1)C2,0,CC(C)(C)OC(=O)N1CC2(CCN(c3cncc(C#Cc4ccccc4)c3)C2)C1,*C(C)(O)CC,,0.0000000,0.0000,1
11.7871,11.7871,-11.7871,0.0000000,CC(C)(C)OC(=O)N1CC2(CCN(c3cncc(C#Cc4ccccc4)c3)C2)C1*C(O)(CCn1cncn1)c1ccc(F)cc1F,0,CC(C)(C)OC(=O)N1CC2(CCN(c3cncc(C#Cc4ccccc4)c3)C2)C1,*C(O)(CCn1cncn1)c1ccc(F)cc1F,,0.0000000,0.0000,1
6.3875,6.3875,-6.3875,0.0000000,CC(C)(C)OC(=O)N1CC2(CCN(c3cncc(C#Cc4ccccc4)c3)C2)C1*C1(O)CC1,0,CC(C)(C)OC(=O)N1CC2(CCN(c3cncc(C#Cc4ccccc4)c3)C2)C1,*C1(O)CC1,,0.0000000,0.0000,1
5.5691,5.5691,-5.5691,0.0000000,CC(C)(C)N*C1N(C(=O)OC(C)(C)C)CC12CCN(c1cncc(C#Cc3ccccc3)c1)C2,0,CC(C)(C)OC(=O)N1CC2(CCN(c3cncc(C#Cc4ccccc4)c3)C2)C1,*NC(C)(C)C,,0.0000000,0.0000,1
6.0844,6.0844,-6.0844,0.0000000,CCN*C1N(C(=O)OC(C)(C)C)CC12CCN(c1cncc(C#Cc3ccccc3)c1)C2,0,CC(C)(C)OC(=O)N1CC2(CCN(c3cncc(C#Cc4ccccc4)c3)C2)C1,*NCC,,0.0000000,0.0000,1
5.3941,5.3941,-5.3941,0.0000000,[C-]#[N+]*C1N(C(=O)OC(C)(C)C)CC12CCN(c1cncc(C#Cc3ccccc3)c1)C2,0,CC(C)(C)OC(=O)N1CC2(CCN(c3cncc(C#Cc4ccccc4)c3)C2)C1,*[N+]#[C-],,0.0000000,0.0000,1
7.9913,7.9913,-7.9913,0.0000000,CC(C)(C)OC(=O)N1CC2(CCN(c3cncc(C#Cc4ccccc4)c3)C2)C1*[N+](C)(C)C,0,CC(C)(C)OC(=O)N1CC2(CCN(c3cncc(C#Cc4ccccc4)c3)C2)C1,*[N+](C)(C)C,,0.0000000,0.0000,1
0.0798,0.0798,-0.0798,0.0000000,CC(C)(O)*C1N(C(=O)OC(C)(C)C)CC12CCN(c1cncc(N3CC(OCCCc4ccccc4)C3)c1)C2,0,CC(C)(C)OC(=O)N1CC2(CCN(c3cncc(N4CC(OCCCc5ccccc5)C4)c3)C2)C1,*C(C)(C)O,,0.0000000,0.0000,1
10.0160,10.0160,-10.0160,0.0000000,CC(*C1N(C(=O)OC(C)(C)C)CC12CCN(c1cncc(N3CC(OCCCc4ccccc4)C3)c1)C2)(CO)CO,0,CC(C)(C)OC(=O)N1CC2(CCN(c3cncc(N4CC(OCCCc5ccccc5)C4)c3)C2)C1,*C(C)(CO)CO,,0.0000000,0.0000,1
4.7077,4.7077,-4.7077,0.0000000,CN*C1N(C(=O)OC(C)(C)C)CC12CCN(c1cncc(N3CC(OCCCc4ccccc4)C3)c1)C2,0,CC(C)(C)OC(=O)N1CC2(CCN(c3cncc(N4CC(OCCCc5ccccc5)C4)c3)C2)C1,*NC,,0.0000000,0.0000,1
6.4017,6.4017,-6.4017,0.0000000,CC(C)(C)N*C1N(C(=O)OC(C)(C)C)CC12CCN(c1cncc(N3CC(OCCCc4ccccc4)C3)c1)C2,0,CC(C)(C)OC(=O)N1CC2(CCN(c3cncc(N4CC(OCCCc5ccccc5)C4)c3)C2)C1,*NC(C)(C)C,,0.0000000,0.0000,1
1.8048,1.8048,-1.8048,0.0000000,C*c1c(C#CCCCCCC)cncc1N1CCC2(CN(C(=O)CCc3c[nH]c4ccccc34)C2)C1,0,CCCCCCC#Cc1cncc(N2CCC3(CN(C(=O)CCc4c[nH]c5ccccc45)C3)C2)c1,*C,,0.0000000,0.0000,1
9.3700,9.3700,-9.3700,0.0000000,CCCCCCC#Cc1cncc(N2CCC3(CN(C(=O)CCc4c[nH]c5ccccc45)C3)C2)c1*C(C)(C)CC,0,CCCCCCC#Cc1cncc(N2CCC3(CN(C(=O)CCc4c[nH]c5ccccc45)C3)C2)c1,*C(C)(C)CC,,0.0000000,0.0000,1
5.1859,5.1859,-5.1859,0.0000000,CCCCCCC#Cc1cncc(N2CCC3(CN(C(=O)CCc4c[nH]c5ccccc45)C3)C2)c1*C(C)C,0,CCCCCCC#Cc1cncc(N2CCC3(CN(C(=O)CCc4c[nH]c5ccccc45)C3)C2)c1,*C(C)C,,0.0000000,0.0000,1
20.4753,20.4753,-20.4753,0.0000000,CCCCCCC#Cc1cncc(N2CCC3(CN(C(=O)CCc4c[nH]c5ccccc45)C3)C2)c1*C(OCC)C(=O)Nc1ccc(C#N)c(C(F)(F)F)c1,0,CCCCCCC#Cc1cncc(N2CCC3(CN(C(=O)CCc4c[nH]c5ccccc45)C3)C2)c1,*C(OCC)C(=O)Nc1ccc(C#N)c(C(F)(F)F)c1,,0.0000000,0.0000,1
2.5935,2.5935,-2.5935,0.0000000,CC*c1c(C#CCCCCCC)cncc1N1CCC2(CN(C(=O)CCc3c[nH]c4ccccc34)C2)C1,0,CCCCCCC#Cc1cncc(N2CCC3(CN(C(=O)CCc4c[nH]c5ccccc45)C3)C2)c1,*CC,,0.0000000,0.0000,1
6.4557,6.4557,-6.4557,0.0000000,C#CC*c1c(C#CCCCCCC)cncc1N1CCC2(CN(C(=O)CCc3c[nH]c4ccccc34)C2)C1,0,CCCCCCC#Cc1cncc(N2CCC3(CN(C(=O)CCc4c[nH]c5ccccc45)C3)C2)c1,*CC#C,,0.0000000,0.0000,1
5.1881,5.1881,-5.1881,0.0000000,CCCCCCC#Cc1cncc(N2CCC3(CN(C(=O)CCc4c[nH]c5ccccc45)C3)C2)c1*CC(=O)O,0,CCCCCCC#Cc1cncc(N2CCC3(CN(C(=O)CCc4c[nH]c5ccccc45)C3)C2)c1,*CC(=O)O,,0.0000000,0.0000,1
3.0788,3.0788,-3.0788,0.0000000,CCC*c1c(C#CCCCCCC)cncc1N1CCC2(CN(C(=O)CCc3c[nH]c4ccccc34)C2)C1,0,CCCCCCC#Cc1cncc(N2CCC3(CN(C(=O)CCc4c[nH]c5ccccc45)C3)C2)c1,*CCC,,0.0000000,0.0000,1
16.1104,16.1104,-16.1104,0.0000000,CCCCCCC#Cc1cncc(N2CCC3(CN(C(=O)CCc4c[nH]c5ccccc45)C3)C2)c1*CCC(=O)N1CCC(Nc2ccc3c(c2)C(=O)N(C2CCC(=O)NC2=O)C3=O)C1,0,CCCCCCC#Cc1cncc(N2CCC3(CN(C(=O)CCc4c[nH]c5ccccc45)C3)C2)c1,*CCC(=O)N1CCC(Nc2ccc3c(c2)C(=O)N(C2CCC(=O)NC2=O)C3=O)C1,,0.0000000,0.0000,1
3.4868,3.4868,-3.4868,0.0000000,CCCC*c1c(C#CCCCCCC)cncc1N1CCC2(CN(C(=O)CCc3c[nH]c4ccccc34)C2)C1,0,CCCCCCC#Cc1cncc(N2CCC3(CN(C(=O)CCc4c[nH]c5ccccc45)C3)C2)c1,*CCCC,,0.0000000,0.0000,1
12.6798,12.6798,-12.6798,0.0000000,CCCCCCC#Cc1cncc(N2CCC3(CN(C(=O)CCc4c[nH]c5ccccc45)C3)C2)c1*CCCC(=O)NCCC#N,0,CCCCCCC#Cc1cncc(N2CCC3(CN(C(=O)CCc4c[nH]c5ccccc45)C3)C2)c1,*CCCC(=O)NCCC#N,,0.0000000,0.0000,1
3.8243,3.8243,-3.8243,0.0000000,CCCCC*c1c(C#CCCCCCC)cncc1N1CCC2(CN(C(=O)CCc3c[nH]c4ccccc34)C2)C1,0,CCCCCCC#Cc1cncc(N2CCC3(CN(C(=O)CCc4c[nH]c5ccccc45)C3)C2)c1,*CCCCC,,0.0000000,0.0000,1
13.5798,13.5798,-13.5798,0.0000000,CCCCCCC#Cc1cncc(N2CCC3(CN(C(=O)CCc4c[nH]c5ccccc45)C3)C2)c1*CCCCC#Cc1ccccc1,0,CCCCCCC#Cc1cncc(N2CCC3(CN(C(=O)CCc4c[nH]c5ccccc45)C3)C2)c1,*CCCCC#Cc1ccccc1,,0.0000000,0.0000,1
22.7049,22.7049,-22.7049,0.0000000,CCCCCCC#Cc1cncc(N2CCC3(CN(C(=O)CCc4c[nH]c5ccccc45)C3)C2)c1*CCCCC1CN(C2CN(c3cc4c(c(OC)c3)C(=O)N(C3CCC(=O)NC3=O)C4)C2)C1,0,CCCCCCC#Cc1cncc(N2CCC3(CN(C(=O)CCc4c[nH]c5ccccc45)C3)C2)c1,*CCCCC1CN(C2CN(c3cc(OC)c4c(c3)CN(C3CCC(=O)NC3=O)C4=O)C2)C1,,0.0000000,0.0000,1
4.5994,4.5994,-4.5994,0.0000000,CCCCCCC#Cc1cncc(N2CCC3(CN(C(=O)CCc4c[nH]c5ccccc45)C3)C2)c1*CCCCCCC,0,CCCCCCC#Cc1cncc(N2CCC3(CN(C(=O)CCc4c[nH]c5ccccc45)C3)C2)c1,*CCCCCCC,,0.0000000,0.0000,1
5.1338,5.1338,-5.1338,0.0000000,CCCCCCC#Cc1cncc(N2CCC3(CN(C(=O)CCc4c[nH]c5ccccc45)C3)C2)c1*CCCCCCCC,0,CCCCCCC#Cc1cncc(N2CCC3(CN(C(=O)CCc4c[nH]c5ccccc45)C3)C2)c1,*CCCCCCCC,,0.0000000,0.0000,1
5.8163,5.8163,-5.8163,0.0000000,CCCCCCC#Cc1cncc(N2CCC3(CN(C(=O)CCc4c[nH]c5ccccc45)C3)C2)c1*CCCCCCCCC,0,CCCCCCC#Cc1cncc(N2CCC3(CN(C(=O)CCc4c[nH]c5ccccc45)C3)C2)c1,*CCCCCCCCC,,0.0000000,0.0000,1
10.1281,10.1281,-10.1281,0.0000000,CCCCCCC#Cc1cncc(N2CCC3(CN(C(=O)CCc4c[nH]c5ccccc45)C3)C2)c1*CCCCOC(C)=O,0,CCCCCCC#Cc1cncc(N2CCC3(CN(C(=O)CCc4c[nH]c5ccccc45)C3)C2)c1,*CCCCOC(C)=O,,0.0000000,0.0000,1
15.7229,15.7229,-15.7229,0.0000000,CCCCCCC#Cc1cncc(N2CCC3(CN(C(=O)CCc4c[nH]c5ccccc45)C3)C2)c1*CCCCOC1CC(Oc2ccc3c(c2)CN(C2CCC(=O)NC2=O)C3=O)C1,0,CCCCCCC#Cc1cncc(N2CCC3(CN(C(=O)CCc4c[nH]c5ccccc45)C3)C2)c1,*CCCCOC1CC(Oc2ccc3c(c2)CN(C2CCC(=O)NC2=O)C3=O)C1,,0.0000000,0.0000,1
18.4160,18.4160,-18.4160,0.0000000,CCCCCCC#Cc1cncc(N2CCC3(CN(C(=O)CCc4c[nH]c5ccccc45)C3)C2)c1*CCCN1CCCC(c2cc(C)nc3ccc(OC)cc23)C1,0,CCCCCCC#Cc1cncc(N2CCC3(CN(C(=O)CCc4c[nH]c5ccccc45)C3)C2)c1,*CCCN1CCCC(c2cc(C)nc3ccc(OC)cc23)C1,,0.0000000,0.0000,1
9.5116,9.5116,-9.5116,0.0000000,CCCCCCC#Cc1cncc(N2CCC3(CN(C(=O)CCc4c[nH]c5ccccc45)C3)C2)c1*CCCOC(C)=O,0,CCCCCCC#Cc1cncc(N2CCC3(CN(C(=O)CCc4c[nH]c5ccccc45)C3)C2)c1,*CCCOC(C)=O,,0.0000000,0.0000,1
7.2769,7.2769,-7.2769,0.0000000,CCCCCCC#Cc1cncc(N2CCC3(CN(C(=O)CCc4c[nH]c5ccccc45)C3)C2)c1*CCN1CCC(c2ccc3c(c2)n(C)c(=O)n3C2CCC(=O)NC2=O)CC1,0,CCCCCCC#Cc1cncc(N2CCC3(CN(C(=O)CCc4c[nH]c5ccccc45)C3)C2)c1,*CCN1CCC(c2ccc3c(c2)n(C)c(=O)n3C2CCC(=O)NC2=O)CC1,,0.0000000,0.0000,1
13.2913,13.2913,-13.2913,0.0000000,CCCCCCC#Cc1cncc(N2CCC3(CN(C(=O)CCc4c[nH]c5ccccc45)C3)C2)c1*CCN1CCCC(c2cccc3c2n(C)c(=O)n3C2CCC(=O)NC2=O)C1,0,CCCCCCC#Cc1cncc(N2CCC3(CN(C(=O)CCc4c[nH]c5ccccc45)C3)C2)c1,*CCN1CCCC(c2cccc3c2n(C)c(=O)n3C2CCC(=O)NC2=O)C1,,0.0000000,0.0000,1
6.6643,6.6643,-6.6643,0.0000000,CCCCCCC#Cc1cncc(N2CCC3(CN(C(=O)CCc4c[nH]c5ccccc45)C3)C2)c1*CCN1CCN(c2ccc3c(c2)C(=O)N(C2CCC(=O)NC2=O)C3=O)CC1,0,CCCCCCC#Cc1cncc(N2CCC3(CN(C(=O)CCc4c[nH]c5ccccc45)C3)C2)c1,*CCN1CCN(c2ccc3c(c2)C(=O)N(C2CCC(=O)NC2=O)C3=O)CC1,,0.0000000,0.0000,1
16.8564,16.8564,-16.8564,0.0000000,CCCCCCC#Cc1cncc(N2CCC3(CN(C(=O)CCc4c[nH]c5ccccc45)C3)C2)c1*CCNC1CC(OC2C[C@@](O)(C(C)=O)Cc3c(O)c4c(c(O)c32)C(=O)c2c(OC)cccc2C4=O)OC(C)C1O,0,CCCCCCC#Cc1cncc(N2CCC3(CN(C(=O)CCc4c[nH]c5ccccc45)C3)C2)c1,*CCNC1CC(OC2C[C@@](O)(C(C)=O)Cc3c(O)c4c(c(O)c32)C(=O)c2c(OC)cccc2C4=O)OC(C)C1O,,0.0000000,0.0000,1
18.8138,18.8138,-18.8138,0.0000000,CCCCCCC#Cc1cncc(N2CCC3(CN(C(=O)CCc4c[nH]c5ccccc45)C3)C2)c1*CCOCC(=O)N(C)CC1OC(n2cnc3c(N)ncnc32)C(O)C1O,0,CCCCCCC#Cc1cncc(N2CCC3(CN(C(=O)CCc4c[nH]c5ccccc45)C3)C2)c1,*CCOCC(=O)N(C)CC1OC(n2cnc3c(N)ncnc32)C(O)C1O,,0.0000000,0.0000,1
8.6165,8.6165,-8.6165,0.0000000,CCCCCCC#Cc1cncc(N2CCC3(CN(C(=O)CCc4c[nH]c5ccccc45)C3)C2)c1*CCSc1cccc2c1CN(C1CCC(=O)NC1=O)C2=O,0,CCCCCCC#Cc1cncc(N2CCC3(CN(C(=O)CCc4c[nH]c5ccccc45)C3)C2)c1,*CCSc1cccc2c1CN(C1CCC(=O)NC1=O)C2=O,,0.0000000,0.0000,1
3.3582,3.3582,-3.3582,0.0000000,CCCCCCC#Cc1cncc(N2CCC3(CN(C(=O)CCc4c[nH]c5ccccc45)C3)C2)c1*N,0,CCCCCCC#Cc1cncc(N2CCC3(CN(C(=O)CCc4c[nH]c5ccccc45)C3)C2)c1,*N,,0.0000000,0.0000,1
6.0305,6.0305,-6.0305,0.0000000,CCCCCCC#Cc1cncc(N2CCC3(CN(C(=O)CCc4c[nH]c5ccccc45)C3)C2)c1*N1CCC2(CC1)CN(c1ccc3c(c1)C(=O)N(C1CCC(=O)NC1=O)C3=O)C2,0,CCCCCCC#Cc1cncc(N2CCC3(CN(C(=O)CCc4c[nH]c5ccccc45)C3)C2)c1,*N1CCC2(CC1)CN(c1ccc3c(c1)C(=O)N(C1CCC(=O)NC1=O)C3=O)C2,,0.0000000,0.0000,1
4.9566,4.9566,-4.9566,0.0000000,CCCCCCC#Cc1cncc(N2CCC3(CN(C(=O)CCc4c[nH]c5ccccc45)C3)C2)c1*N1CCN(c2ccc3c(c2)C(=O)N(C2CCC(=O)NC2=O)C3=O)CC1,0,CCCCCCC#Cc1cncc(N2CCC3(CN(C(=O)CCc4c[nH]c5ccccc45)C3)C2)c1,*N1CCN(c2ccc3c(c2)C(=O)N(C2CCC(=O)NC2=O)C3=O)CC1,,0.0000000,0.0000,1
7.3690,7.3690,-7.3690,0.0000000,CCCCCCC#Cc1cncc(N2CCC3(CN(C(=O)CCc4c[nH]c5ccccc45)C3)C2)c1*N1CCNCC1,0,CCCCCCC#Cc1cncc(N2CCC3(CN(C(=O)CCc4c[nH]c5ccccc45)C3)C2)c1,*N1CCNCC1,,0.0000000,0.0000,1
16.7712,16.7712,-16.7712,0.0000000,CCCCCCC#Cc1cncc(N2CCC3(CN(C(=O)CCc4c[nH]c5ccccc45)C3)C2)c1*NCC(=O)N1CCC2(C1)CN(c1cnc(C(N)=O)cn1)C2,0,CCCCCCC#Cc1cncc(N2CCC3(CN(C(=O)CCc4c[nH]c5ccccc45)C3)C2)c1,*NCC(=O)N1CCC2(CN(c3cnc(C(N)=O)cn3)C2)C1,,0.0000000,0.0000,1
12.8462,12.8462,-12.8462,0.0000000,CCCCCCC#Cc1cncc(N2CCC3(CN(C(=O)CCc4c[nH]c5ccccc45)C3)C2)c1*NCCNC(=O)CNc1cccc2c1C(=O)N(C1CCC(=O)NC1=O)C2=O,0,CCCCCCC#Cc1cncc(N2CCC3(CN(C(=O)CCc4c[nH]c5ccccc45)C3)C2)c1,*NCCNC(=O)CNc1cccc2c1C(=O)N(C1CCC(=O)NC1=O)C2=O,,0.0000000,0.0000,1
3.5108,3.5108,-3.5108,0.0000000,CCCCCCC#Cc1cncc(N2CCC3(CN(C(=O)CCc4c[nH]c5ccccc45)C3)C2)c1*Nc1cccc2c1C(=O)N(C1CCC(=O)NC1=O)C2=O,0,CCCCCCC#Cc1cncc(N2CCC3(CN(C(=O)CCc4c[nH]c5ccccc45)C3)C2)c1,*Nc1cccc2c1C(=O)N(C1CCC(=O)NC1=O)C2=O,,0.0000000,0.0000,1
21.3911,21.3911,-21.3911,0.0000000,CCCCCCC#Cc1cncc(N2CCC3(CN(C(=O)CCc4c[nH]c5ccccc45)C3)C2)c1*OCCCc1cc2c(c(C(C)C)c1)C(=O)N(C1CCC(=O)NC1=O)C2,0,CCCCCCC#Cc1cncc(N2CCC3(CN(C(=O)CCc4c[nH]c5ccccc45)C3)C2)c1,*OCCCc1cc(C(C)C)c2c(c1)CN(C1CCC(=O)NC1=O)C2=O,,0.0000000,0.0000,1
5.8333,5.8333,-5.8333,0.0000000,CCCCCCC#Cc1cncc(N2CCC3(CN(C(=O)CCc4c[nH]c5ccccc45)C3)C2)c1*Oc1ccc2c(c1)C(=O)N(C1CCC(=O)NC1=O)C2=O,0,CCCCCCC#Cc1cncc(N2CCC3(CN(C(=O)CCc4c[nH]c5ccccc45)C3)C2)c1,*Oc1ccc2c(c1)C(=O)N(C1CCC(=O)NC1=O)C2=O,,0.0000000,0.0000,1
1.3709,1.3709,-1.3709,0.0000000,C*c1c(C#CCCCCCC)cncc1N1CCC2(CN(C(=O)c3cc([N+](=O)[O-])cc([N+](=O)[O-])c3)C2)C1,0,CCCCCCC#Cc1cncc(N2CCC3(CN(C(=O)c4cc([N+](=O)[O-])cc([N+](=O)[O-])c4)C3)C2)c1,*C,,0.0000000,0.0000,1
5.9677,5.9677,-5.9677,0.0000000,CCCCCCC#Cc1cncc(N2CCC3(CN(C(=O)c4cc([N+](=O)[O-])cc([N+](=O)[O-])c4)C3)C2)c1*C(F)(F)F,0,CCCCCCC#Cc1cncc(N2CCC3(CN(C(=O)c4cc([N+](=O)[O-])cc([N+](=O)[O-])c4)C3)C2)c1,*C(F)(F)F,,0.0000000,0.0000,1
1.9939,1.9939,-1.9939,0.0000000,CC*c1c(C#CCCCCCC)cncc1N1CCC2(CN(C(=O)c3cc([N+](=O)[O-])cc([N+](=O)[O-])c3)C2)C1,0,CCCCCCC#Cc1cncc(N2CCC3(CN(C(=O)c4cc([N+](=O)[O-])cc([N+](=O)[O-])c4)C3)C2)c1,*CC,,0.0000000,0.0000,1
2.3593,2.3593,-2.3593,0.0000000,CCC*c1c(C#CCCCCCC)cncc1N1CCC2(CN(C(=O)c3cc([N+](=O)[O-])cc([N+](=O)[O-])c3)C2)C1,0,CCCCCCC#Cc1cncc(N2CCC3(CN(C(=O)c4cc([N+](=O)[O-])cc([N+](=O)[O-])c4)C3)C2)c1,*CCC,,0.0000000,0.0000,1
16.3734,16.3734,-16.3734,0.0000000,CCCCCCC#Cc1cncc(N2CCC3(CN(C(=O)c4cc([N+](=O)[O-])cc([N+](=O)[O-])c4)C3)C2)c1*CCC(=O)N1CCC(C)(F)C1,0,CCCCCCC#Cc1cncc(N2CCC3(CN(C(=O)c4cc([N+](=O)[O-])cc([N+](=O)[O-])c4)C3)C2)c1,*CCC(=O)N1CCC(C)(F)C1,,0.0000000,0.0000,1
2.6931,2.6931,-2.6931,0.0000000,CCCC*c1c(C#CCCCCCC)cncc1N1CCC2(CN(C(=O)c3cc([N+](=O)[O-])cc([N+](=O)[O-])c3)C2)C1,0,CCCCCCC#Cc1cncc(N2CCC3(CN(C(=O)c4cc([N+](=O)[O-])cc([N+](=O)[O-])c4)C3)C2)c1,*CCCC,,0.0000000,0.0000,1
2.9723,2.9723,-2.9723,0.0000000,CCCCC*c1c(C#CCCCCCC)cncc1N1CCC2(CN(C(=O)c3cc([N+](=O)[O-])cc([N+](=O)[O-])c3)C2)C1,0,CCCCCCC#Cc1cncc(N2CCC3(CN(C(=O)c4cc([N+](=O)[O-])cc([N+](=O)[O-])c4)C3)C2)c1,*CCCCC,,0.0000000,0.0000,1
3.2640,3.2640,-3.2640,0.0000000,CCCCCC*c1c(C#CCCCCCC)cncc1N1CCC2(CN(C(=O)c3cc([N+](=O)[O-])cc([N+](=O)[O-])c3)C2)C1,0,CCCCCCC#Cc1cncc(N2CCC3(CN(C(=O)c4cc([N+](=O)[O-])cc([N+](=O)[O-])c4)C3)C2)c1,*CCCCCC,,0.0000000,0.0000,1
3.6234,3.6234,-3.6234,0.0000000,CCCCCCC#Cc1cncc(N2CCC3(CN(C(=O)c4cc([N+](=O)[O-])cc([N+](=O)[O-])c4)C3)C2)c1*CCCCCCC,0,CCCCCCC#Cc1cncc(N2CCC3(CN(C(=O)c4cc([N+](=O)[O-])cc([N+](=O)[O-])c4)C3)C2)c1,*CCCCCCC,,0.0000000,0.0000,1
7.1818,7.1818,-7.1818,0.0000000,CCCCCCC#Cc1cncc(N2CCC3(CN(C(=O)c4cc([N+](=O)[O-])cc([N+](=O)[O-])c4)C3)C2)c1*CCCOC,0,CCCCCCC#Cc1cncc(N2CCC3(CN(C(=O)c4cc([N+](=O)[O-])cc([N+](=O)[O-])c4)C3)C2)c1,*CCCOC,,0.0000000,0.0000,1
22.7812,22.7812,-22.7812,0.0000000,CCCCCCC#Cc1cncc(N2CCC3(CN(C(=O)c4cc([N+](=O)[O-])cc([N+](=O)[O-])c4)C3)C2)c1*CCN(C[C@@H](O)c1ccc(O)c2[nH]c(=O)ccc12)c1cccc(C(N)=O)c1,0,CCCCCCC#Cc1cncc(N2CCC3(CN(C(=O)c4cc([N+](=O)[O-])cc([N+](=O)[O-])c4)C3)C2)c1,*CCN(C[C@@H](O)c1ccc(O)c2[nH]c(=O)ccc12)c1cccc(C(N)=O)c1,,0.0000000,0.0000,1
9.9394,9.9394,-9.9394,0.0000000,CCCCCCC#Cc1cncc(N2CCC3(CN(C(=O)c4cc([N+](=O)[O-])cc([N+](=O)[O-])c4)C3)C2)c1*CCN1CC(c2ccc3c(c2)CN(C2CCC(=O)NC2=O)C3=O)C1,0,CCCCCCC#Cc1cncc(N2CCC3(CN(C(=O)c4cc([N+](=O)[O-])cc([N+](=O)[O-])c4)C3)C2)c1,*CCN1CC(c2ccc3c(c2)CN(C2CCC(=O)NC2=O)C3=O)C1,,0.0000000,0.0000,1
18.8176,18.8176,-18.8176,0.0000000,CCCCCCC#Cc1cncc(N2CCC3(CN(C(=O)c4cc([N+](=O)[O-])cc([N+](=O)[O-])c4)C3)C2)c1*CCN1CCC2(CC1)CN(C(=O)C(O)(c1cccc(OC)c1)C(F)(F)F)C2,0,CCCCCCC#Cc1cncc(N2CCC3(CN(C(=O)c4cc([N+](=O)[O-])cc([N+](=O)[O-])c4)C3)C2)c1,*CCN1CCC2(CC1)CN(C(=O)C(O)(c1cccc(OC)c1)C(F)(F)F)C2,,0.0000000,0.0000,1
6.7761,6.7761,-6.7761,0.0000000,CCCCCCC#Cc1cncc(N2CCC3(CN(C(=O)c4cc([N+](=O)[O-])cc([N+](=O)[O-])c4)C3)C2)c1*CCOC,0,CCCCCCC#Cc1cncc(N2CCC3(CN(C(=O)c4cc([N+](=O)[O-])cc([N+](=O)[O-])c4)C3)C2)c1,*CCOC,,0.0000000,0.0000,1
8.6575,8.6575,-8.6575,0.0000000,CCCCCCC#Cc1cncc(N2CCC3(CN(C(=O)c4cc([N+](=O)[O-])cc([N+](=O)[O-])c4)C3)C2)c1*CCOS(=O)(=O)c1ccc(C)cc1,0,CCCCCCC#Cc1cncc(N2CCC3(CN(C(=O)c4cc([N+](=O)[O-])cc([N+](=O)[O-])c4)C3)C2)c1,*CCOS(=O)(=O)c1ccc(C)cc1,,0.0000000,0.0000,1
5.9722,5.9722,-5.9722,0.0000000,CCCCCCC#Cc1cncc(N2CCC3(CN(C(=O)c4cc([N+](=O)[O-])cc([N+](=O)[O-])c4)C3)C2)c1*N(C)C,0,CCCCCCC#Cc1cncc(N2CCC3(CN(C(=O)c4cc([N+](=O)[O-])cc([N+](=O)[O-])c4)C3)C2)c1,*N(C)C,,0.0000000,0.0000,1
6.3991,6.3991,-6.3991,0.0000000,CCCCCCC#Cc1cncc(N2CCC3(CN(C(=O)c4cc([N+](=O)[O-])cc([N+](=O)[O-])c4)C3)C2)c1*NC,0,CCCCCCC#Cc1cncc(N2CCC3(CN(C(=O)c4cc([N+](=O)[O-])cc([N+](=O)[O-])c4)C3)C2)c1,*NC,,0.0000000,0.0000,1
12.4798,12.4798,-12.4798,0.0000000,CCCCCCC#Cc1cncc(N2CCC3(CN(C(=O)c4cc([N+](=O)[O-])cc([N+](=O)[O-])c4)C3)C2)c1*NCC(O)CO,0,CCCCCCC#Cc1cncc(N2CCC3(CN(C(=O)c4cc([N+](=O)[O-])cc([N+](=O)[O-])c4)C3)C2)c1,*NCC(O)CO,,0.0000000,0.0000,1
7.0699,7.0699,-7.0699,0.0000000,CCCCCCC#Cc1cncc(N2CCC3(CN(C(=O)c4cc([N+](=O)[O-])cc([N+](=O)[O-])c4)C3)C2)c1*Nc1ccc2c(c1)C(=O)N(C1CCC(=O)NC1=O)C2=O,0,CCCCCCC#Cc1cncc(N2CCC3(CN(C(=O)c4cc([N+](=O)[O-])cc([N+](=O)[O-])c4)C3)C2)c1,*Nc1ccc2c(c1)C(=O)N(C1CCC(=O)NC1=O)C2=O,,0.0000000,0.0000,1
15.3127,15.3127,-15.3127,0.0000000,CCCCCCC#Cc1cncc(N2CCC3(CN(C(=O)c4cc([N+](=O)[O-])cc([N+](=O)[O-])c4)C3)C2)c1*OCCCCN1CCOCC1,0,CCCCCCC#Cc1cncc(N2CCC3(CN(C(=O)c4cc([N+](=O)[O-])cc([N+](=O)[O-])c4)C3)C2)c1,*OCCCCN1CCOCC1,,0.0000000,0.0000,1
14.8904,14.8904,-14.8904,0.0000000,CCCCCCC#Cc1cncc(N2CCC3(CN(C(=O)c4cc([N+](=O)[O-])cc([N+](=O)[O-])c4)C3)C2)c1*OC1CC(OCc2ccccc2)C1,0,CCCCCCC#Cc1cncc(N2CCC3(CN(C(=O)c4cc([N+](=O)[O-])cc([N+](=O)[O-])c4)C3)C2)c1,*O[C@H]1CC(OCc2ccccc2)C1,,0.0000000,0.0000,1
1.5640,1.5640,-1.5640,0.0000000,C*c1c(C#CCCCCCC)cncc1N1CCC2(CN(C(=O)c3cc4c(cc3[N+](=O)[O-])OCO4)C2)C1,0,CCCCCCC#Cc1cncc(N2CCC3(CN(C(=O)c4cc5c(cc4[N+](=O)[O-])OCO5)C3)C2)c1,*C,,0.0000000,0.0000,1
6.1327,6.1327,-6.1327,0.0000000,CCCCCCC#Cc1cncc(N2CCC3(CN(C(=O)c4cc5c(cc4[N+](=O)[O-])OCO5)C3)C2)c1*CBr,0,CCCCCCC#Cc1cncc(N2CCC3(CN(C(=O)c4cc5c(cc4[N+](=O)[O-])OCO5)C3)C2)c1,*CBr,,0.0000000,0.0000,1
2.2333,2.2333,-2.2333,0.0000000,CC*c1c(C#CCCCCCC)cncc1N1CCC2(CN(C(=O)c3cc4c(cc3[N+](=O)[O-])OCO4)C2)C1,0,CCCCCCC#Cc1cncc(N2CCC3(CN(C(=O)c4cc5c(cc4[N+](=O)[O-])OCO5)C3)C2)c1,*CC,,0.0000000,0.0000,1
6.7127,6.7127,-6.7127,0.0000000,CCCCCCC#Cc1cncc(N2CCC3(CN(C(=O)c4cc5c(cc4[N+](=O)[O-])OCO5)C3)C2)c1*CC#N,0,CCCCCCC#Cc1cncc(N2CCC3(CN(C(=O)c4cc5c(cc4[N+](=O)[O-])OCO5)C3)C2)c1,*CC#N,,0.0000000,0.0000,1
4.8774,4.8774,-4.8774,0.0000000,CCCCCCC#Cc1cncc(N2CCC3(CN(C(=O)c4cc5c(cc4[N+](=O)[O-])OCO5)C3)C2)c1*CC(=O)O,0,CCCCCCC#Cc1cncc(N2CCC3(CN(C(=O)c4cc5c(cc4[N+](=O)[O-])OCO5)C3)C2)c1,*CC(=O)O,,0.0000000,0.0000,1
2.6734,2.6734,-2.6734,0.0000000,CCC*c1c(C#CCCCCCC)cncc1N1CCC2(CN(C(=O)c3cc4c(cc3[N+](=O)[O-])OCO4)C2)C1,0,CCCCCCC#Cc1cncc(N2CCC3(CN(C(=O)c4cc5c(cc4[N+](=O)[O-])OCO5)C3)C2)c1,*CCC,,0.0000000,0.0000,1
3.1261,3.1261,-3.1261,0.0000000,CCCC*c1c(C#CCCCCCC)cncc1N1CCC2(CN(C(=O)c3cc4c(cc3[N+](=O)[O-])OCO4)C2)C1,0,CCCCCCC#Cc1cncc(N2CCC3(CN(C(=O)c4cc5c(cc4[N+](=O)[O-])OCO5)C3)C2)c1,*CCCC,,0.0000000,0.0000,1
7.3596,7.3596,-7.3596,0.0000000,C#CCCC*c1c(C#CCCCCCC)cncc1N1CCC2(CN(C(=O)c3cc4c(cc3[N+](=O)[O-])OCO4)C2)C1,0,CCCCCCC#Cc1cncc(N2CCC3(CN(C(=O)c4cc5c(cc4[N+](=O)[O-])OCO5)C3)C2)c1,*CCCC#C,,0.0000000,0.0000,1
3.4568,3.4568,-3.4568,0.0000000,CCCCC*c1c(C#CCCCCCC)cncc1N1CCC2(CN(C(=O)c3cc4c(cc3[N+](=O)[O-])OCO4)C2)C1,0,CCCCCCC#Cc1cncc(N2CCC3(CN(C(=O)c4cc5c(cc4[N+](=O)[O-])OCO5)C3)C2)c1,*CCCCC,,0.0000000,0.0000,1
4.2213,4.2213,-4.2213,0.0000000,CCCCCCC#Cc1cncc(N2CCC3(CN(C(=O)c4cc5c(cc4[N+](=O)[O-])OCO5)C3)C2)c1*CCCCCCC,0,CCCCCCC#Cc1cncc(N2CCC3(CN(C(=O)c4cc5c(cc4[N+](=O)[O-])OCO5)C3)C2)c1,*CCCCCCC,,0.0000000,0.0000,1
10.0052,10.0052,-10.0052,0.0000000,CCCCCCC#Cc1cncc(N2CCC3(CN(C(=O)c4cc5c(cc4[N+](=O)[O-])OCO5)C3)C2)c1*CCCCCNC(C)=O,0,CCCCCCC#Cc1cncc(N2CCC3(CN(C(=O)c4cc5c(cc4[N+](=O)[O-])OCO5)C3)C2)c1,*CCCCCNC(C)=O,,0.0000000,0.0000,1
8.3929,8.3929,-8.3929,0.0000000,CCCCCCC#Cc1cncc(N2CCC3(CN(C(=O)c4cc5c(cc4[N+](=O)[O-])OCO5)C3)C2)c1*CCCCF,0,CCCCCCC#Cc1cncc(N2CCC3(CN(C(=O)c4cc5c(cc4[N+](=O)[O-])OCO5)C3)C2)c1,*CCCCF,,0.0000000,0.0000,1
19.9520,19.9520,-19.9520,0.0000000,CCCCCCC#Cc1cncc(N2CCC3(CN(C(=O)c4cc5c(cc4[N+](=O)[O-])OCO5)C3)C2)c1*CCCN1CCc2c(nc(-c3ccccc3)nc2C(F)(F)F)C1,0,CCCCCCC#Cc1cncc(N2CCC3(CN(C(=O)c4cc5c(cc4[N+](=O)[O-])OCO5)C3)C2)c1,*CCCN1CCc2c(nc(-c3ccccc3)nc2C(F)(F)F)C1,,0.0000000,0.0000,1
6.7336,6.7336,-6.7336,0.0000000,CCCCCCC#Cc1cncc(N2CCC3(CN(C(=O)c4cc5c(cc4[N+](=O)[O-])OCO5)C3)C2)c1*CCCOC,0,CCCCCCC#Cc1cncc(N2CCC3(CN(C(=O)c4cc5c(cc4[N+](=O)[O-])OCO5)C3)C2)c1,*CCCOC,,0.0000000,0.0000,1
11.9081,11.9081,-11.9081,0.0000000,CCCCCCC#Cc1cncc(N2CCC3(CN(C(=O)c4cc5c(cc4[N+](=O)[O-])OCO5)C3)C2)c1*CCCOC1CCC(=O)NC1=O,0,CCCCCCC#Cc1cncc(N2CCC3(CN(C(=O)c4cc5c(cc4[N+](=O)[O-])OCO5)C3)C2)c1,*CCCOC1CCC(=O)NC1=O,,0.0000000,0.0000,1
13.1536,13.1536,-13.1536,0.0000000,CCCCCCC#Cc1cncc(N2CCC3(CN(C(=O)c4cc5c(cc4[N+](=O)[O-])OCO5)C3)C2)c1*CCNC(=O)[C@@H]1CC[C@@H]2CN1C(=O)N2OS(=O)(=O)O,0,CCCCCCC#Cc1cncc(N2CCC3(CN(C(=O)c4cc5c(cc4[N+](=O)[O-])OCO5)C3)C2)c1,*CCNC(=O)[C@@H]1CC[C@@H]2CN1C(=O)N2OS(=O)(=O)O,,0.0000000,0.0000,1
6.2809,6.2809,-6.2809,0.0000000,CCCCCCC#Cc1cncc(N2CCC3(CN(C(=O)c4cc5c(cc4[N+](=O)[O-])OCO5)C3)C2)c1*CCNc1cccc2c1C(=O)N(C1CCC(=O)NC1=O)C2=O,0,CCCCCCC#Cc1cncc(N2CCC3(CN(C(=O)c4cc5c(cc4[N+](=O)[O-])OCO5)C3)C2)c1,*CCNc1cccc2c1C(=O)N(C1CCC(=O)NC1=O)C2=O,,0.0000000,0.0000,1
6.0552,6.0552,-6.0552,0.0000000,CCCCCCC#Cc1cncc(N2CCC3(CN(C(=O)c4cc5c(cc4[N+](=O)[O-])OCO5)C3)C2)c1*CCOC,0,CCCCCCC#Cc1cncc(N2CCC3(CN(C(=O)c4cc5c(cc4[N+](=O)[O-])OCO5)C3)C2)c1,*CCOC,,0.0000000,0.0000,1
9.9316,9.9316,-9.9316,0.0000000,CCCCCCC#Cc1cncc(N2CCC3(CN(C(=O)c4cc5c(cc4[N+](=O)[O-])OCO5)C3)C2)c1*CCO[Si](c1ccccc1)(c1ccccc1)C(C)(C)C,0,CCCCCCC#Cc1cncc(N2CCC3(CN(C(=O)c4cc5c(cc4[N+](=O)[O-])OCO5)C3)C2)c1,*CCO[Si](c1ccccc1)(c1ccccc1)C(C)(C)C,,0.0000000,0.0000,1
3.8596,3.8596,-3.8596,0.0000000,CCCCCCC#Cc1cncc(N2CCC3(CN(C(=O)c4cc5c(cc4[N+](=O)[O-])OCO5)C3)C2)c1*N,0,CCCCCCC#Cc1cncc(N2CCC3(CN(C(=O)c4cc5c(cc4[N+](=O)[O-])OCO5)C3)C2)c1,*N,,0.0000000,0.0000,1
13.9231,13.9231,-13.9231,0.0000000,CCCCCCC#Cc1cncc(N2CCC3(CN(C(=O)c4cc5c(cc4[N+](=O)[O-])OCO5)C3)C2)c1*N(C)CC(O)c1cccc(O)c1,0,CCCCCCC#Cc1cncc(N2CCC3(CN(C(=O)c4cc5c(cc4[N+](=O)[O-])OCO5)C3)C2)c1,*N(C)CC(O)c1cccc(O)c1,,0.0000000,0.0000,1
15.5920,15.5920,-15.5920,0.0000000,CCCCCCC#Cc1cncc(N2CCC3(CN(C(=O)c4cc5c(cc4[N+](=O)[O-])OCO5)C3)C2)c1*N1CCC(c2cccc(NC(=O)OC(C)(C)C)c2)CC1,0,CCCCCCC#Cc1cncc(N2CCC3(CN(C(=O)c4cc5c(cc4[N+](=O)[O-])OCO5)C3)C2)c1,*N1CCC(c2cccc(NC(=O)OC(C)(C)C)c2)CC1,,0.0000000,0.0000,1
11.5697,11.5697,-11.5697,0.0000000,CCCCCCC#Cc1cncc(N2CCC3(CN(C(=O)c4cc5c(cc4[N+](=O)[O-])OCO5)C3)C2)c1*N1CCC(n2cc(-c3cnc(N)c(OC(C)c4c(Cl)ccc(F)c4Cl)c3)cn2)CC1,0,CCCCCCC#Cc1cncc(N2CCC3(CN(C(=O)c4cc5c(cc4[N+](=O)[O-])OCO5)C3)C2)c1,*N1CCC(n2cc(-c3cnc(N)c(OC(C)c4c(Cl)ccc(F)c4Cl)c3)cn2)CC1,,0.0000000,0.0000,1
10.8216,10.8216,-10.8216,0.0000000,CCCCCCC#Cc1cncc(N2CCC3(CN(C(=O)c4cc5c(cc4[N+](=O)[O-])OCO5)C3)C2)c1*N1CCN(c2ccc3c(c2)C(=O)N(C2CCC(=O)NC2=O)C3)CC1,0,CCCCCCC#Cc1cncc(N2CCC3(CN(C(=O)c4cc5c(cc4[N+](=O)[O-])OCO5)C3)C2)c1,*N1CCN(c2ccc3c(c2)C(=O)N(C2CCC(=O)NC2=O)C3)CC1,,0.0000000,0.0000,1
10.9578,10.9578,-10.9578,0.0000000,CCCCCCC#Cc1cncc(N2CCC3(CN(C(=O)c4cc5c(cc4[N+](=O)[O-])OCO5)C3)C2)c1*N1[C@@H]2CC[C@H]1c1ccccc12,0,CCCCCCC#Cc1cncc(N2CCC3(CN(C(=O)c4cc5c(cc4[N+](=O)[O-])OCO5)C3)C2)c1,*N1[C@H]2CC[C@@H]1c1ccccc12,,0.0000000,0.0000,1
9.4404,9.4404,-9.4404,0.0000000,CCCCCCC#Cc1cncc(N2CCC3(CN(C(=O)c4cc5c(cc4[N+](=O)[O-])OCO5)C3)C2)c1*NC(C(=O)N1C[C@H](O)C[C@H]1C(=O)N[C@@H](C)c1ccc(-c2scnc2C)cc1)C(C)(C)C,0,CCCCCCC#Cc1cncc(N2CCC3(CN(C(=O)c4cc5c(cc4[N+](=O)[O-])OCO5)C3)C2)c1,*NC(C(=O)N1C[C@H](O)C[C@H]1C(=O)N[C@@H](C)c1ccc(-c2scnc2C)cc1)C(C)(C)C,,0.0000000,0.0000,1
18.4837,18.4837,-18.4837,0.0000000,CCCCCCC#Cc1cncc(N2CCC3(CN(C(=O)c4cc5c(cc4[N+](=O)[O-])OCO5)C3)C2)c1*NCC(=O)N1CC(F)C[C@@H]1C#N,0,CCCCCCC#Cc1cncc(N2CCC3(CN(C(=O)c4cc5c(cc4[N+](=O)[O-])OCO5)C3)C2)c1,*NCC(=O)N1CC(F)C[C@@H]1C#N,,0.0000000,0.0000,1
5.0443,5.0443,-5.0443,0.0000000,CCCCCCC#Cc1cncc(N2CCC3(CN(C(=O)c4cc5c(cc4[N+](=O)[O-])OCO5)C3)C2)c1*Nc1cccc2c1C(=O)N(C1CCC(=O)NC1=O)C2=O,0,CCCCCCC#Cc1cncc(N2CCC3(CN(C(=O)c4cc5c(cc4[N+](=O)[O-])OCO5)C3)C2)c1,*Nc1cccc2c1C(=O)N(C1CCC(=O)NC1=O)C2=O,,0.0000000,0.0000,1
5.5105,5.5105,-5.5105,0.0000000,CCCCCCC#Cc1cncc(N2CCC3(CN(C(=O)c4cc5c(cc4[N+](=O)[O-])OCO5)C3)C2)c1*OC1CCCCO1,0,CCCCCCC#Cc1cncc(N2CCC3(CN(C(=O)c4cc5c(cc4[N+](=O)[O-])OCO5)C3)C2)c1,*OC1CCCCO1,,0.0000000,0.0000,1
6.0292,6.0292,-6.0292,0.0000000,CCCCCCC#Cc1cncc(N2CCC3(CN(C(=O)c4cc5c(cc4[N+](=O)[O-])OCO5)C3)C2)c1*Oc1ccc2c(c1)C(=O)N(C1CCC(=O)NC1=O)C2=O,0,CCCCCCC#Cc1cncc(N2CCC3(CN(C(=O)c4cc5c(cc4[N+](=O)[O-])OCO5)C3)C2)c1,*Oc1ccc2c(c1)C(=O)N(C1CCC(=O)NC1=O)C2=O,,0.0000000,0.0000,1
8.9820,8.9820,-8.9820,0.0000000,CCCCCCC#Cc1cncc(N2CCC3(CN(C(=O)c4cc5c(cc4[N+](=O)[O-])OCO5)C3)C2)c1*Oc1ccc2c(c1)CN([C@H]1CCC(=O)NC1=O)C2=O,0,CCCCCCC#Cc1cncc(N2CCC3(CN(C(=O)c4cc5c(cc4[N+](=O)[O-])OCO5)C3)C2)c1,*Oc1ccc2c(c1)CN([C@H]1CCC(=O)NC1=O)C2=O,,0.0000000,0.0000,1
7.9845,7.9845,-7.9845,0.0000000,CCCCCCC#Cc1cncc(N2CCC3(CN(C(=O)c4cc5c(cc4[N+](=O)[O-])OCO5)C3)C2)c1*Oc1cccc2c1CN(C1CCC(=O)NC1=O)C2=O,0,CCCCCCC#Cc1cncc(N2CCC3(CN(C(=O)c4cc5c(cc4[N+](=O)[O-])OCO5)C3)C2)c1,*Oc1cccc2c1CN(C1CCC(=O)NC1=O)C2=O,,0.0000000,0.0000,1
6.3074,6.3074,-6.3074,0.0000000,CCCCCCC#Cc1cncc(N2CCC3(CN(C(=O)c4cc5c(cc4[N+](=O)[O-])OCO5)C3)C2)c1*c1cccc2c1CN(C1CCC(=O)NC1=O)C2=O,0,CCCCCCC#Cc1cncc(N2CCC3(CN(C(=O)c4cc5c(cc4[N+](=O)[O-])OCO5)C3)C2)c1,*c1cccc2c1CN(C1CCC(=O)NC1=O)C2=O,,0.0000000,0.0000,1
1.6104,1.6104,-1.6104,0.0000000,C*c1c(C#CCCCCCC)cncc1N1CCC2(CN(C(=O)c3ccc4c(c3)OCO4)C2)C1,0,CCCCCCC#Cc1cncc(N2CCC3(CN(C(=O)c4ccc5c(c4)OCO5)C3)C2)c1,*C,,0.0000000,0.0000,1
5.7698,5.7698,-5.7698,0.0000000,CCCCCCC#Cc1cncc(N2CCC3(CN(C(=O)c4ccc5c(c4)OCO5)C3)C2)c1*C(F)(F)F,0,CCCCCCC#Cc1cncc(N2CCC3(CN(C(=O)c4ccc5c(c4)OCO5)C3)C2)c1,*C(F)(F)F,,0.0000000,0.0000,1
2.3786,2.3786,-2.3786,0.0000000,CC*c1c(C#CCCCCCC)cncc1N1CCC2(CN(C(=O)c3ccc4c(c3)OCO4)C2)C1,0,CCCCCCC#Cc1cncc(N2CCC3(CN(C(=O)c4ccc5c(c4)OCO5)C3)C2)c1,*CC,,0.0000000,0.0000,1
8.5301,8.5301,-8.5301,0.0000000,CCCCCCC#Cc1cncc(N2CCC3(CN(C(=O)c4ccc5c(c4)OCO5)C3)C2)c1*CC#Cc1ccc2c(c1)n(C)c(=O)n2C1CCC(=O)NC1=O,0,CCCCCCC#Cc1cncc(N2CCC3(CN(C(=O)c4ccc5c(c4)OCO5)C3)C2)c1,*CC#Cc1ccc2c(c1)n(C)c(=O)n2C1CCC(=O)NC1=O,,0.0000000,0.0000,1
5.5082,5.5082,-5.5082,0.0000000,CCCCCCC#Cc1cncc(N2CCC3(CN(C(=O)c4ccc5c(c4)OCO5)C3)C2)c1*CC(=O)NO,0,CCCCCCC#Cc1cncc(N2CCC3(CN(C(=O)c4ccc5c(c4)OCO5)C3)C2)c1,*CC(=O)NO,,0.0000000,0.0000,1
5.9911,5.9911,-5.9911,0.0000000,CCCCCCC#Cc1cncc(N2CCC3(CN(C(=O)c4ccc5c(c4)OCO5)C3)C2)c1*CC(=O)N[C@H](C(=O)N1C[C@H](O)C[C@H]1C(=O)NCc1ccc(-c2scnc2C)cc1)C(C)(C)C,0,CCCCCCC#Cc1cncc(N2CCC3(CN(C(=O)c4ccc5c(c4)OCO5)C3)C2)c1,*CC(=O)N[C@H](C(=O)N1C[C@H](O)C[C@H]1C(=O)NCc1ccc(-c2scnc2C)cc1)C(C)(C)C,,0.0000000,0.0000,1
2.9310,2.9310,-2.9310,0.0000000,CCC*c1c(C#CCCCCCC)cncc1N1CCC2(CN(C(=O)c3ccc4c(c3)OCO4)C2)C1,0,CCCCCCC#Cc1cncc(N2CCC3(CN(C(=O)c4ccc5c(c4)OCO5)C3)C2)c1,*CCC,,0.0000000,0.0000,1
9.7875,9.7875,-9.7875,0.0000000,CCCCCCC#Cc1cncc(N2CCC3(CN(C(=O)c4ccc5c(c4)OCO5)C3)C2)c1*CCC(C)(C)O,0,CCCCCCC#Cc1cncc(N2CCC3(CN(C(=O)c4ccc5c(c4)OCO5)C3)C2)c1,*CCC(C)(C)O,,0.0000000,0.0000,1
10.0691,10.0691,-10.0691,0.0000000,CCCCCCC#Cc1cncc(N2CCC3(CN(C(=O)c4ccc5c(c4)OCO5)C3)C2)c1*CCC1CCC(=O)NC1=O,0,CCCCCCC#Cc1cncc(N2CCC3(CN(C(=O)c4ccc5c(c4)OCO5)C3)C2)c1,*CCC1CCC(=O)NC1=O,,0.0000000,0.0000,1
3.4240,3.4240,-3.4240,0.0000000,CCCC*c1c(C#CCCCCCC)cncc1N1CCC2(CN(C(=O)c3ccc4c(c3)OCO4)C2)C1,0,CCCCCCC#Cc1cncc(N2CCC3(CN(C(=O)c4ccc5c(c4)OCO5)C3)C2)c1,*CCCC,,0.0000000,0.0000,1
4.2151,4.2151,-4.2151,0.0000000,CCCCCC*c1c(C#CCCCCCC)cncc1N1CCC2(CN(C(=O)c3ccc4c(c3)OCO4)C2)C1,0,CCCCCCC#Cc1cncc(N2CCC3(CN(C(=O)c4ccc5c(c4)OCO5)C3)C2)c1,*CCCCCC,,0.0000000,0.0000,1
10.8496,10.8496,-10.8496,0.0000000,CCCCCCC#Cc1cncc(N2CCC3(CN(C(=O)c4ccc5c(c4)OCO5)C3)C2)c1*CCCCCN1CCC2(CC1)CN(c1ccc3c(c1)C(=O)N(C1CCC(=O)NC1=O)C3=O)C2,0,CCCCCCC#Cc1cncc(N2CCC3(CN(C(=O)c4ccc5c(c4)OCO5)C3)C2)c1,*CCCCCN1CCC2(CC1)CN(c1ccc3c(c1)C(=O)N(C1CCC(=O)NC1=O)C3=O)C2,,0.0000000,0.0000,1
19.5273,19.5273,-19.5273,0.0000000,CCCCCCC#Cc1cncc(N2CCC3(CN(C(=O)c4ccc5c(c4)OCO5)C3)C2)c1*CCCCN1CCCC(c2cncc(I)c2)C1,0,CCCCCCC#Cc1cncc(N2CCC3(CN(C(=O)c4ccc5c(c4)OCO5)C3)C2)c1,*CCCCN1CCCC(c2cncc(I)c2)C1,,0.0000000,0.0000,1
24.8111,24.8111,-24.8111,0.0000000,CCCCCCC#Cc1cncc(N2CCC3(CN(C(=O)c4ccc5c(c4)OCO5)C3)C2)c1*CCCCOCCOc1cc(F)cnc1N,0,CCCCCCC#Cc1cncc(N2CCC3(CN(C(=O)c4ccc5c(c4)OCO5)C3)C2)c1,*CCCCOCCOc1cc(F)cnc1N,,0.0000000,0.0000,1
7.3263,7.3263,-7.3263,0.0000000,CCCCCCC#Cc1cncc(N2CCC3(CN(C(=O)c4ccc5c(c4)OCO5)C3)C2)c1*CCCN1C(=O)c2ccccc2C1=O,0,CCCCCCC#Cc1cncc(N2CCC3(CN(C(=O)c4ccc5c(c4)OCO5)C3)C2)c1,*CCCN1C(=O)c2ccccc2C1=O,,0.0000000,0.0000,1
13.8210,13.8210,-13.8210,0.0000000,CCCCCCC#Cc1cncc(N2CCC3(CN(C(=O)c4ccc5c(c4)OCO5)C3)C2)c1*CCN1CCN(c2ncc(C=O)cn2)CC1,0,CCCCCCC#Cc1cncc(N2CCC3(CN(C(=O)c4ccc5c(c4)OCO5)C3)C2)c1,*CCN1CCN(c2ncc(C=O)cn2)CC1,,0.0000000,0.0000,1
9.5373,9.5373,-9.5373,0.0000000,CCCCCCC#Cc1cncc(N2CCC3(CN(C(=O)c4ccc5c(c4)OCO5)C3)C2)c1*CCNC(=O)c1ccccc1O,0,CCCCCCC#Cc1cncc(N2CCC3(CN(C(=O)c4ccc5c(c4)OCO5)C3)C2)c1,*CCNC(=O)c1ccccc1O,,0.0000000,0.0000,1
21.7870,21.7870,-21.7870,0.0000000,CCCCCCC#Cc1cncc(N2CCC3(CN(C(=O)c4ccc5c(c4)OCO5)C3)C2)c1*CCNC(=O)c1cnn2c(C)cc(Nc3cc(OC)c(OC)c(OC)c3)nc12,0,CCCCCCC#Cc1cncc(N2CCC3(CN(C(=O)c4ccc5c(c4)OCO5)C3)C2)c1,*CCNC(=O)c1cnn2c(C)cc(Nc3cc(OC)c(OC)c(OC)c3)nc12,,0.0000000,0.0000,1
5.7971,5.7971,-5.7971,0.0000000,CCCCCCC#Cc1cncc(N2CCC3(CN(C(=O)c4ccc5c(c4)OCO5)C3)C2)c1*CCNc1cccc2c1C(=O)N(C1CCC(=O)NC1=O)C2=O,0,CCCCCCC#Cc1cncc(N2CCC3(CN(C(=O)c4ccc5c(c4)OCO5)C3)C2)c1,*CCNc1cccc2c1C(=O)N(C1CCC(=O)NC1=O)C2=O,,0.0000000,0.0000,1
15.6975,15.6975,-15.6975,0.0000000,CCCCCCC#Cc1cncc(N2CCC3(CN(C(=O)c4ccc5c(c4)OCO5)C3)C2)c1*CC[C@@H]1CCN(c2ccnc3cc(Cl)ccc23)C1,0,CCCCCCC#Cc1cncc(N2CCC3(CN(C(=O)c4ccc5c(c4)OCO5)C3)C2)c1,*CC[C@@H]1CCN(c2ccnc3cc(Cl)ccc23)C1,,0.0000000,0.0000,1
3.7890,3.7890,-3.7890,0.0000000,CCCCCCC#Cc1cncc(N2CCC3(CN(C(=O)c4ccc5c(c4)OCO5)C3)C2)c1*N,0,CCCCCCC#Cc1cncc(N2CCC3(CN(C(=O)c4ccc5c(c4)OCO5)C3)C2)c1,*N,,0.0000000,0.0000,1
4.9135,4.9135,-4.9135,0.0000000,CCCCCCC#Cc1cncc(N2CCC3(CN(C(=O)c4ccc5c(c4)OCO5)C3)C2)c1*N(C)C,0,CCCCCCC#Cc1cncc(N2CCC3(CN(C(=O)c4ccc5c(c4)OCO5)C3)C2)c1,*N(C)C,,0.0000000,0.0000,1
7.6005,7.6005,-7.6005,0.0000000,CCCCCCC#Cc1cncc(N2CCC3(CN(C(=O)c4ccc5c(c4)OCO5)C3)C2)c1*N1CC(c2ccc3c(c2)CN(C2CCC(=O)NC2=O)C3=O)C1,0,CCCCCCC#Cc1cncc(N2CCC3(CN(C(=O)c4ccc5c(c4)OCO5)C3)C2)c1,*N1CC(c2ccc3c(c2)CN(C2CCC(=O)NC2=O)C3=O)C1,,0.0000000,0.0000,1
14.7215,14.7215,-14.7215,0.0000000,CCCCCCC#Cc1cncc(N2CCC3(CN(C(=O)c4ccc5c(c4)OCO5)C3)C2)c1*N1CC2(CCN(c3cnc(C(N)=O)nc3)C2)C1,0,CCCCCCC#Cc1cncc(N2CCC3(CN(C(=O)c4ccc5c(c4)OCO5)C3)C2)c1,*N1CC2(CCN(c3cnc(C(N)=O)nc3)C2)C1,,0.0000000,0.0000,1
14.0992,14.0992,-14.0992,0.0000000,CCCCCCC#Cc1cncc(N2CCC3(CN(C(=O)c4ccc5c(c4)OCO5)C3)C2)c1*N1CCC(C(=O)Nc2ccccc2N)CC1,0,CCCCCCC#Cc1cncc(N2CCC3(CN(C(=O)c4ccc5c(c4)OCO5)C3)C2)c1,*N1CCC(C(=O)Nc2ccccc2N)CC1,,0.0000000,0.0000,1
11.3687,11.3687,-11.3687,0.0000000,CCCCCCC#Cc1cncc(N2CCC3(CN(C(=O)c4ccc5c(c4)OCO5)C3)C2)c1*N1Cc2cc3c(cc2C1)C(=O)N(C1CCC(=O)NC1=O)C3,0,CCCCCCC#Cc1cncc(N2CCC3(CN(C(=O)c4ccc5c(c4)OCO5)C3)C2)c1,*N1Cc2cc3c(cc2C1)C(=O)N(C1CCC(=O)NC1=O)C3,,0.0000000,0.0000,1
8.7614,8.7614,-8.7614,0.0000000,C=C1CCC(N2C(=O)c3cccc(N*c4c(C#CCCCCCC)cncc4N4CCC5(CN(C(=O)c6ccc7c(c6)OCO7)C5)C4)c3C2=O)C(=O)N1,0,CCCCCCC#Cc1cncc(N2CCC3(CN(C(=O)c4ccc5c(c4)OCO5)C3)C2)c1,*Nc1cccc2c1C(=O)N(C1CCC(=C)NC1=O)C2=O,,0.0000000,0.0000,1
4.3468,4.3468,-4.3468,0.0000000,CCCCCCC#Cc1cncc(N2CCC3(CN(C(=O)c4ccc5c(c4)OCO5)C3)C2)c1*Nc1cccc2c1C(=O)N(C1CCC(=O)NC1=O)C2=O,0,CCCCCCC#Cc1cncc(N2CCC3(CN(C(=O)c4ccc5c(c4)OCO5)C3)C2)c1,*Nc1cccc2c1C(=O)N(C1CCC(=O)NC1=O)C2=O,,0.0000000,0.0000,1
7.3916,7.3916,-7.3916,0.0000000,CCCCCCC#Cc1cncc(N2CCC3(CN(C(=O)c4ccc5c(c4)OCO5)C3)C2)c1*OC(C)(C)C,0,CCCCCCC#Cc1cncc(N2CCC3(CN(C(=O)c4ccc5c(c4)OCO5)C3)C2)c1,*OC(C)(C)C,,0.0000000,0.0000,1
22.3726,22.3726,-22.3726,0.0000000,CCCCCCC#Cc1cncc(N2CCC3(CN(C(=O)c4ccc5c(c4)OCO5)C3)C2)c1*O[C@@H]1C[C@@H](O)C[C@@H](C(=O)N2C[C@@H](O)C[C@H]2C(=O)NCc2ccc(-c3scnc3C)cc2)O1,0,CCCCCCC#Cc1cncc(N2CCC3(CN(C(=O)c4ccc5c(c4)OCO5)C3)C2)c1,*O[C@@H]1C[C@@H](O)C[C@@H](C(=O)N2C[C@@H](O)C[C@H]2C(=O)NCc2ccc(-c3scnc3C)cc2)O1,,0.0000000,0.0000,1
6.8968,6.8968,-6.8968,0.0000000,CCCCCCC#Cc1cncc(N2CCC3(CN(C(=O)c4ccc5c(c4)OCO5)C3)C2)c1*c1ccc2c(n1)NCCC2,0,CCCCCCC#Cc1cncc(N2CCC3(CN(C(=O)c4ccc5c(c4)OCO5)C3)C2)c1,*c1ccc2c(n1)NCCC2,,0.0000000,0.0000,1
5.9827,5.9827,-5.9827,0.0000000,CCCCCCC#Cc1cncc(N2CCC3(CN(C(=O)c4ccc5c(c4)OCO5)C3)C2)c1*c1cccc2c1CN(C1CCC(=O)NC1=O)C2=O,0,CCCCCCC#Cc1cncc(N2CCC3(CN(C(=O)c4ccc5c(c4)OCO5)C3)C2)c1,*c1cccc2c1CN(C1CCC(=O)NC1=O)C2=O,,0.0000000,0.0000,1
1.3994,1.3994,-1.3994,0.0000000,C*c1c(C#CCCCCCC)cncc1N1CCC2(CN(Cc3cc([N+](=O)[O-])cc([N+](=O)[O-])c3)C2)C1,0,CCCCCCC#Cc1cncc(N2CCC3(CN(Cc4cc([N+](=O)[O-])cc([N+](=O)[O-])c4)C3)C2)c1,*C,,0.0000000,0.0000,1
13.6163,13.6163,-13.6163,0.0000000,CCCCCCC#Cc1cncc(N2CCC3(CN(Cc4cc([N+](=O)[O-])cc([N+](=O)[O-])c4)C3)C2)c1*C(CCC)CCCCC,0,CCCCCCC#Cc1cncc(N2CCC3(CN(Cc4cc([N+](=O)[O-])cc([N+](=O)[O-])c4)C3)C2)c1,*C(CCC)CCCCC,,0.0000000,0.0000,1
2.0432,2.0432,-2.0432,0.0000000,CC*c1c(C#CCCCCCC)cncc1N1CCC2(CN(Cc3cc([N+](=O)[O-])cc([N+](=O)[O-])c3)C2)C1,0,CCCCCCC#Cc1cncc(N2CCC3(CN(Cc4cc([N+](=O)[O-])cc([N+](=O)[O-])c4)C3)C2)c1,*CC,,0.0000000,0.0000,1
4.1825,4.1825,-4.1825,0.0000000,CCCCCCC#Cc1cncc(N2CCC3(CN(Cc4cc([N+](=O)[O-])cc([N+](=O)[O-])c4)C3)C2)c1*CC(=O)O,0,CCCCCCC#Cc1cncc(N2CCC3(CN(Cc4cc([N+](=O)[O-])cc([N+](=O)[O-])c4)C3)C2)c1,*CC(=O)O,,0.0000000,0.0000,1
4.5711,4.5711,-4.5711,0.0000000,CCCCCCC#Cc1cncc(N2CCC3(CN(Cc4cc([N+](=O)[O-])cc([N+](=O)[O-])c4)C3)C2)c1*CC(=O)OC,0,CCCCCCC#Cc1cncc(N2CCC3(CN(Cc4cc([N+](=O)[O-])cc([N+](=O)[O-])c4)C3)C2)c1,*CC(=O)OC,,0.0000000,0.0000,1
16.8527,16.8527,-16.8527,0.0000000,CCCCCCC#Cc1cncc(N2CCC3(CN(Cc4cc([N+](=O)[O-])cc([N+](=O)[O-])c4)C3)C2)c1*CC1=C(C)C(=O)OC(C)(C)O1,0,CCCCCCC#Cc1cncc(N2CCC3(CN(Cc4cc([N+](=O)[O-])cc([N+](=O)[O-])c4)C3)C2)c1,*CC1=C(C)C(=O)OC(C)(C)O1,,0.0000000,0.0000,1
2.4470,2.4470,-2.4470,0.0000000,CCC*c1c(C#CCCCCCC)cncc1N1CCC2(CN(Cc3cc([N+](=O)[O-])cc([N+](=O)[O-])c3)C2)C1,0,CCCCCCC#Cc1cncc(N2CCC3(CN(Cc4cc([N+](=O)[O-])cc([N+](=O)[O-])c4)C3)C2)c1,*CCC,,0.0000000,0.0000,1
7.3024,7.3024,-7.3024,0.0000000,CCCCCCC#Cc1cncc(N2CCC3(CN(Cc4cc([N+](=O)[O-])cc([N+](=O)[O-])c4)C3)C2)c1*CCCBr,0,CCCCCCC#Cc1cncc(N2CCC3(CN(Cc4cc([N+](=O)[O-])cc([N+](=O)[O-])c4)C3)C2)c1,*CCCBr,,0.0000000,0.0000,1
2.8252,2.8252,-2.8252,0.0000000,CCCC*c1c(C#CCCCCCC)cncc1N1CCC2(CN(Cc3cc([N+](=O)[O-])cc([N+](=O)[O-])c3)C2)C1,0,CCCCCCC#Cc1cncc(N2CCC3(CN(Cc4cc([N+](=O)[O-])cc([N+](=O)[O-])c4)C3)C2)c1,*CCCC,,0.0000000,0.0000,1
5.8814,5.8814,-5.8814,0.0000000,CCCCCCC#Cc1cncc(N2CCC3(CN(Cc4cc([N+](=O)[O-])cc([N+](=O)[O-])c4)C3)C2)c1*CCCC(=O)OC,0,CCCCCCC#Cc1cncc(N2CCC3(CN(Cc4cc([N+](=O)[O-])cc([N+](=O)[O-])c4)C3)C2)c1,*CCCC(=O)OC,,0.0000000,0.0000,1
3.2216,3.2216,-3.2216,0.0000000,CCCCC*c1c(C#CCCCCCC)cncc1N1CCC2(CN(Cc3cc([N+](=O)[O-])cc([N+](=O)[O-])c3)C2)C1,0,CCCCCCC#Cc1cncc(N2CCC3(CN(Cc4cc([N+](=O)[O-])cc([N+](=O)[O-])c4)C3)C2)c1,*CCCCC,,0.0000000,0.0000,1
3.6172,3.6172,-3.6172,0.0000000,CCCCCC*c1c(C#CCCCCCC)cncc1N1CCC2(CN(Cc3cc([N+](=O)[O-])cc([N+](=O)[O-])c3)C2)C1,0,CCCCCCC#Cc1cncc(N2CCC3(CN(Cc4cc([N+](=O)[O-])cc([N+](=O)[O-])c4)C3)C2)c1,*CCCCCC,,0.0000000,0.0000,1
7.3978,7.3978,-7.3978,0.0000000,CCCCCCC#Cc1cncc(N2CCC3(CN(Cc4cc([N+](=O)[O-])cc([N+](=O)[O-])c4)C3)C2)c1*CCCCCC(=O)OC,0,CCCCCCC#Cc1cncc(N2CCC3(CN(Cc4cc([N+](=O)[O-])cc([N+](=O)[O-])c4)C3)C2)c1,*CCCCCC(=O)OC,,0.0000000,0.0000,1
18.6082,18.6082,-18.6082,0.0000000,CCCCCCC#Cc1cncc(N2CCC3(CN(Cc4cc([N+](=O)[O-])cc([N+](=O)[O-])c4)C3)C2)c1*CCCCCC1C[S+]([O-])C1,0,CCCCCCC#Cc1cncc(N2CCC3(CN(Cc4cc([N+](=O)[O-])cc([N+](=O)[O-])c4)C3)C2)c1,*CCCCCC1C[S+]([O-])C1,,0.0000000,0.0000,1
4.9491,4.9491,-4.9491,0.0000000,CCCCCCC#Cc1cncc(N2CCC3(CN(Cc4cc([N+](=O)[O-])cc([N+](=O)[O-])c4)C3)C2)c1*CCCCCCCC,0,CCCCCCC#Cc1cncc(N2CCC3(CN(Cc4cc([N+](=O)[O-])cc([N+](=O)[O-])c4)C3)C2)c1,*CCCCCCCC,,0.0000000,0.0000,1
11.7755,11.7755,-11.7755,0.0000000,CCCCCCC#Cc1cncc(N2CCC3(CN(Cc4cc([N+](=O)[O-])cc([N+](=O)[O-])c4)C3)C2)c1*CCCCCCCC1CC1,0,CCCCCCC#Cc1cncc(N2CCC3(CN(Cc4cc([N+](=O)[O-])cc([N+](=O)[O-])c4)C3)C2)c1,*CCCCCCCC1CC1,,0.0000000,0.0000,1
6.1853,6.1853,-6.1853,0.0000000,CCCCCCC#Cc1cncc(N2CCC3(CN(Cc4cc([N+](=O)[O-])cc([N+](=O)[O-])c4)C3)C2)c1*CCCO,0,CCCCCCC#Cc1cncc(N2CCC3(CN(Cc4cc([N+](=O)[O-])cc([N+](=O)[O-])c4)C3)C2)c1,*CCCO,,0.0000000,0.0000,1
23.0874,23.0874,-23.0874,0.0000000,CCCCCCC#Cc1cncc(N2CCC3(CN(Cc4cc([N+](=O)[O-])cc([N+](=O)[O-])c4)C3)C2)c1*CCNC[C@@H]1CN=C(c2ccccn2)N1,0,CCCCCCC#Cc1cncc(N2CCC3(CN(Cc4cc([N+](=O)[O-])cc([N+](=O)[O-])c4)C3)C2)c1,*CCNC[C@@H]1CN=C(c2ccccn2)N1,,0.0000000,0.0000,1
8.1405,8.1405,-8.1405,0.0000000,CCCCCCC#Cc1cncc(N2CCC3(CN(Cc4cc([N+](=O)[O-])cc([N+](=O)[O-])c4)C3)C2)c1*CCS(N)(=O)=O,0,CCCCCCC#Cc1cncc(N2CCC3(CN(Cc4cc([N+](=O)[O-])cc([N+](=O)[O-])c4)C3)C2)c1,*CCS(N)(=O)=O,,0.0000000,0.0000,1
9.3115,9.3115,-9.3115,0.0000000,CCCCCCC#Cc1cncc(N2CCC3(CN(Cc4cc([N+](=O)[O-])cc([N+](=O)[O-])c4)C3)C2)c1*N(C)C(C)(C)C,0,CCCCCCC#Cc1cncc(N2CCC3(CN(Cc4cc([N+](=O)[O-])cc([N+](=O)[O-])c4)C3)C2)c1,*N(C)C(C)(C)C,,0.0000000,0.0000,1
9.9539,9.9539,-9.9539,0.0000000,CCCCCCC#Cc1cncc(N2CCC3(CN(Cc4cc([N+](=O)[O-])cc([N+](=O)[O-])c4)C3)C2)c1*N1CCN(c2ccc(C(C)(C)C)cc2)CC1,0,CCCCCCC#Cc1cncc(N2CCC3(CN(Cc4cc([N+](=O)[O-])cc([N+](=O)[O-])c4)C3)C2)c1,*N1CCN(c2ccc(C(C)(C)C)cc2)CC1,,0.0000000,0.0000,1
40.8764,40.8764,-40.8764,0.0000000,CCCCCCC#Cc1cncc(N2CCC3(CN(Cc4cc([N+](=O)[O-])cc([N+](=O)[O-])c4)C3)C2)c1*O[C@@H]1C[C@H]2CC[C@@]3(C)[C@H](Cc4ccc(O)cc4)[C@@H](O)C[C@]3(O)[C@@H](O)CC(=C[C@H](C)C1)C=C[C@@H]2C,0,CCCCCCC#Cc1cncc(N2CCC3(CN(Cc4cc([N+](=O)[O-])cc([N+](=O)[O-])c4)C3)C2)c1,*O[C@H]1C[C@@H](C)C=C2C=C[C@H](C)[C@H](CC[C@@]3(C)[C@H](Cc4ccc(O)cc4)[C@@H](O)C[C@]3(O)[C@@H](O)C2)C1,,0.0000000,0.0000,1
6.6646,6.6646,-6.6646,0.0000000,CCCCCCC#Cc1cncc(N2CCC3(CN(Cc4cc([N+](=O)[O-])cc([N+](=O)[O-])c4)C3)C2)c1*Oc1ccc2c(c1)CN(C1CCC(=O)NC1=O)C2=O,0,CCCCCCC#Cc1cncc(N2CCC3(CN(Cc4cc([N+](=O)[O-])cc([N+](=O)[O-])c4)C3)C2)c1,*Oc1ccc2c(c1)CN(C1CCC(=O)NC1=O)C2=O,,0.0000000,0.0000,1
8.1727,8.1727,-8.1727,0.0000000,CCCCCCC#Cc1cncc(N2CCC3(CN(Cc4cc([N+](=O)[O-])cc([N+](=O)[O-])c4)C3)C2)c1*Oc1cccc2c1CN(C1CCC(=O)NC1=O)C2=O,0,CCCCCCC#Cc1cncc(N2CCC3(CN(Cc4cc([N+](=O)[O-])cc([N+](=O)[O-])c4)C3)C2)c1,*Oc1cccc2c1CN(C1CCC(=O)NC1=O)C2=O,,0.0000000,0.0000,1
6.2692,6.2692,-6.2692,0.0000000,CCCCCCC#Cc1cncc(N2CCC3(CN(Cc4cc([N+](=O)[O-])cc([N+](=O)[O-])c4)C3)C2)c1*c1ccc2c(c1)n(C)c(=O)n2C1CCC(=O)NC1=O,0,CCCCCCC#Cc1cncc(N2CCC3(CN(Cc4cc([N+](=O)[O-])cc([N+](=O)[O-])c4)C3)C2)c1,*c1ccc2c(c1)n(C)c(=O)n2C1CCC(=O)NC1=O,,0.0000000,0.0000,1
2.8683,2.8683,-2.8683,0.0000000,C*C1C(OCCCCCC)CN1c1cncc(N2CCC3(CN(C(=O)OC(C)(C)C)C3)C2)c1,0,CCCCCCOC1CN(c2cncc(N3CCC4(CN(C(=O)OC(C)(C)C)C4)C3)c2)C1,*C,,0.0000000,0.0000,1
7.6743,7.6743,-7.6743,0.0000000,CCCCCCOC1CN(c2cncc(N3CCC4(CN(C(=O)OC(C)(C)C)C4)C3)c2)C1*C(C)(C)O,0,CCCCCCOC1CN(c2cncc(N3CCC4(CN(C(=O)OC(C)(C)C)C4)C3)c2)C1,*C(C)(C)O,,0.0000000,0.0000,1
5.3925,5.3925,-5.3925,0.0000000,CCCCCCOC1CN(c2cncc(N3CCC4(CN(C(=O)OC(C)(C)C)C4)C3)c2)C1*C(C)C,0,CCCCCCOC1CN(c2cncc(N3CCC4(CN(C(=O)OC(C)(C)C)C4)C3)c2)C1,*C(C)C,,0.0000000,0.0000,1
3.5584,3.5584,-3.5584,0.0000000,CC*C1C(OCCCCCC)CN1c1cncc(N2CCC3(CN(C(=O)OC(C)(C)C)C3)C2)c1,0,CCCCCCOC1CN(c2cncc(N3CCC4(CN(C(=O)OC(C)(C)C)C4)C3)c2)C1,*CC,,0.0000000,0.0000,1
6.7175,6.7175,-6.7175,0.0000000,CCCCCCOC1CN(c2cncc(N3CCC4(CN(C(=O)OC(C)(C)C)C4)C3)c2)C1*CCCBr,0,CCCCCCOC1CN(c2cncc(N3CCC4(CN(C(=O)OC(C)(C)C)C4)C3)c2)C1,*CCCBr,,0.0000000,0.0000,1
5.7710,5.7710,-5.7710,0.0000000,CCCCCCCC*C1C(OCCCCCC)CN1c1cncc(N2CCC3(CN(C(=O)OC(C)(C)C)C3)C2)c1,0,CCCCCCOC1CN(c2cncc(N3CCC4(CN(C(=O)OC(C)(C)C)C4)C3)c2)C1,*CCCCCCCC,,0.0000000,0.0000,1
12.5107,12.5107,-12.5107,0.0000000,CCCCCCOC1CN(c2cncc(N3CCC4(CN(C(=O)OC(C)(C)C)C4)C3)c2)C1*CCCN1CCC(c2cnc(N3C4CCC3CN(c3cc(-c5ccccc5O)nnc3N)C4)nc2)CC1,0,CCCCCCOC1CN(c2cncc(N3CCC4(CN(C(=O)OC(C)(C)C)C4)C3)c2)C1,*CCCN1CCC(c2cnc(N3C4CCC3CN(c3cc(-c5ccccc5O)nnc3N)C4)nc2)CC1,,0.0000000,0.0000,1
31.2682,31.2682,-31.2682,0.0000000,CCCCCCOC1CN(c2cncc(N3CCC4(CN(C(=O)OC(C)(C)C)C4)C3)c2)C1*CCCNC1(C)C=CN(Cl)C(C(F)(F)F)=C1,0,CCCCCCOC1CN(c2cncc(N3CCC4(CN(C(=O)OC(C)(C)C)C4)C3)c2)C1,*CCCNC1(C)C=CN(Cl)C(C(F)(F)F)=C1,,0.0000000,0.0000,1
7.8022,7.8022,-7.8022,0.0000000,CCCCCCOC1CN(c2cncc(N3CCC4(CN(C(=O)OC(C)(C)C)C4)C3)c2)C1*CCCOc1cccc2c1C(=O)N(C1CCC(=O)NC1=O)C2=O,0,CCCCCCOC1CN(c2cncc(N3CCC4(CN(C(=O)OC(C)(C)C)C4)C3)c2)C1,*CCCOc1cccc2c1C(=O)N(C1CCC(=O)NC1=O)C2=O,,0.0000000,0.0000,1
4.9666,4.9666,-4.9666,0.0000000,CCCCCCOC1CN(c2cncc(N3CCC4(CN(C(=O)OC(C)(C)C)C4)C3)c2)C1*CCN,0,CCCCCCOC1CN(c2cncc(N3CCC4(CN(C(=O)OC(C)(C)C)C4)C3)c2)C1,*CCN,,0.0000000,0.0000,1
9.2749,9.2749,-9.2749,0.0000000,CCCCCCOC1CN(c2cncc(N3CCC4(CN(C(=O)OC(C)(C)C)C4)C3)c2)C1*CCN(C(=O)O)C(C)(C)C,0,CCCCCCOC1CN(c2cncc(N3CCC4(CN(C(=O)OC(C)(C)C)C4)C3)c2)C1,*CCN(C(=O)O)C(C)(C)C,,0.0000000,0.0000,1
12.4438,12.4438,-12.4438,0.0000000,CCCCCCOC1CN(c2cncc(N3CCC4(CN(C(=O)OC(C)(C)C)C4)C3)c2)C1*CCN1CCC(c2ccc3c(c2)C(=O)N(C2CCC(=O)NC2=O)C3)CC1,0,CCCCCCOC1CN(c2cncc(N3CCC4(CN(C(=O)OC(C)(C)C)C4)C3)c2)C1,*CCN1CCC(c2ccc3c(c2)C(=O)N(C2CCC(=O)NC2=O)C3)CC1,,0.0000000,0.0000,1
5.4149,5.4149,-5.4149,0.0000000,CCCCCCOC1CN(c2cncc(N3CCC4(CN(C(=O)OC(C)(C)C)C4)C3)c2)C1*CCNC[C@H](O)c1ccc(O)c2[nH]c(=O)ccc12,0,CCCCCCOC1CN(c2cncc(N3CCC4(CN(C(=O)OC(C)(C)C)C4)C3)c2)C1,*CCNC[C@H](O)c1ccc(O)c2[nH]c(=O)ccc12,,0.0000000,0.0000,1
19.3001,19.3001,-19.3001,0.0000000,CCCCCCOC1CN(c2cncc(N3CCC4(CN(C(=O)OC(C)(C)C)C4)C3)c2)C1*CCNc1ccc2cc(C3CCC(=O)NC3=O)c(O)cc2c1,0,CCCCCCOC1CN(c2cncc(N3CCC4(CN(C(=O)OC(C)(C)C)C4)C3)c2)C1,*CCNc1ccc2cc(C3CCC(=O)NC3=O)c(O)cc2c1,,0.0000000,0.0000,1
12.4440,12.4440,-12.4440,0.0000000,CCCCCCOC1CN(c2cncc(N3CCC4(CN(C(=O)OC(C)(C)C)C4)C3)c2)C1*CC[N+](C)(C)[O-],0,CCCCCCOC1CN(c2cncc(N3CCC4(CN(C(=O)OC(C)(C)C)C4)C3)c2)C1,*CC[N+](C)(C)[O-],,0.0000000,0.0000,1
7.9381,7.9381,-7.9381,0.0000000,CCCCCCOC1CN(c2cncc(N3CCC4(CN(C(=O)OC(C)(C)C)C4)C3)c2)C1*CCc1ccc2c(n1)NC(=O)CC2,0,CCCCCCOC1CN(c2cncc(N3CCC4(CN(C(=O)OC(C)(C)C)C4)C3)c2)C1,*CCc1ccc2c(n1)NC(=O)CC2,,0.0000000,0.0000,1
4.4165,4.4165,-4.4165,0.0000000,CCCCCCOC1CN(c2cncc(N3CCC4(CN(C(=O)OC(C)(C)C)C4)C3)c2)C1*Cc1ccc2c(c1)n(C)c(=O)n2C1CCC(=O)NC1=O,0,CCCCCCOC1CN(c2cncc(N3CCC4(CN(C(=O)OC(C)(C)C)C4)C3)c2)C1,*Cc1ccc2c(c1)n(C)c(=O)n2C1CCC(=O)NC1=O,,0.0000000,0.0000,1
12.4644,12.4644,-12.4644,0.0000000,CCCCCCOC1CN(c2cncc(N3CCC4(CN(C(=O)OC(C)(C)C)C4)C3)c2)C1*Cc1ccc2c(n1)CN(C1CCC(O)NC1=O)C2=O,0,CCCCCCOC1CN(c2cncc(N3CCC4(CN(C(=O)OC(C)(C)C)C4)C3)c2)C1,*Cc1ccc2c(n1)CN(C1CCC(O)NC1=O)C2=O,,0.0000000,0.0000,1
6.4254,6.4254,-6.4254,0.0000000,CCCCCCOC1CN(c2cncc(N3CCC4(CN(C(=O)OC(C)(C)C)C4)C3)c2)C1*Cc1cccc2c1n(C)c(=O)n2C1CCC(=O)NC1=O,0,CCCCCCOC1CN(c2cncc(N3CCC4(CN(C(=O)OC(C)(C)C)C4)C3)c2)C1,*Cc1cccc2c1n(C)c(=O)n2C1CCC(=O)NC1=O,,0.0000000,0.0000,1
17.7309,17.7309,-17.7309,0.0000000,CCCCCCOC1CN(c2cncc(N3CCC4(CN(C(=O)OC(C)(C)C)C4)C3)c2)C1*Cn1cc(C(=O)N[C@H]2C[C@@H](Oc3ccc(C#N)c(Cl)c3)c3ccccc3N(CC(F)(F)F)C2=O)nn1,0,CCCCCCOC1CN(c2cncc(N3CCC4(CN(C(=O)OC(C)(C)C)C4)C3)c2)C1,*Cn1cc(C(=O)N[C@H]2C[C@@H](Oc3ccc(C#N)c(Cl)c3)c3ccccc3N(CC(F)(F)F)C2=O)nn1,,0.0000000,0.0000,1
4.4259,4.4259,-4.4259,0.0000000,CCCCCCOC1CN(c2cncc(N3CCC4(CN(C(=O)OC(C)(C)C)C4)C3)c2)C1*N,0,CCCCCCOC1CN(c2cncc(N3CCC4(CN(C(=O)OC(C)(C)C)C4)C3)c2)C1,*N,,0.0000000,0.0000,1
9.9239,9.9239,-9.9239,0.0000000,CCCCCCOC1CN(c2cncc(N3CCC4(CN(C(=O)OC(C)(C)C)C4)C3)c2)C1*N1C(=O)CCC1=O,0,CCCCCCOC1CN(c2cncc(N3CCC4(CN(C(=O)OC(C)(C)C)C4)C3)c2)C1,*N1C(=O)CCC1=O,,0.0000000,0.0000,1
5.3089,5.3089,-5.3089,0.0000000,CCCCCCOC1CN(c2cncc(N3CCC4(CN(C(=O)OC(C)(C)C)C4)C3)c2)C1*N1C(=O)c2ccccc2C1=O,0,CCCCCCOC1CN(c2cncc(N3CCC4(CN(C(=O)OC(C)(C)C)C4)C3)c2)C1,*N1C(=O)c2ccccc2C1=O,,0.0000000,0.0000,1
9.1205,9.1205,-9.1205,0.0000000,CCCCCCOC1CN(c2cncc(N3CCC4(CN(C(=O)OC(C)(C)C)C4)C3)c2)C1*NC[C@H](O)c1ccc(O)c(CO)c1,0,CCCCCCOC1CN(c2cncc(N3CCC4(CN(C(=O)OC(C)(C)C)C4)C3)c2)C1,*NC[C@H](O)c1ccc(O)c(CO)c1,,0.0000000,0.0000,1
3.4484,3.4484,-3.4484,0.0000000,CCCCCCOC1CN(c2cncc(N3CCC4(CN(C(=O)OC(C)(C)C)C4)C3)c2)C1*Nc1ccc2c(c1)C(=O)N(C1CCC(=O)NC1=O)C2=O,0,CCCCCCOC1CN(c2cncc(N3CCC4(CN(C(=O)OC(C)(C)C)C4)C3)c2)C1,*Nc1ccc2c(c1)C(=O)N(C1CCC(=O)NC1=O)C2=O,,0.0000000,0.0000,1
3.9703,3.9703,-3.9703,0.0000000,CCCCCCOC1CN(c2cncc(N3CCC4(CN(C(=O)OC(C)(C)C)C4)C3)c2)C1*Nc1cccc2c1C(=O)N(C1CCC(=O)NC1=O)C2=O,0,CCCCCCOC1CN(c2cncc(N3CCC4(CN(C(=O)OC(C)(C)C)C4)C3)c2)C1,*Nc1cccc2c1C(=O)N(C1CCC(=O)NC1=O)C2=O,,0.0000000,0.0000,1
6.2413,6.2413,-6.2413,0.0000000,CCCCCCOC1CN(c2cncc(N3CCC4(CN(C(=O)OC(C)(C)C)C4)C3)c2)C1*OC(C)(C)C,0,CCCCCCOC1CN(c2cncc(N3CCC4(CN(C(=O)OC(C)(C)C)C4)C3)c2)C1,*OC(C)(C)C,,0.0000000,0.0000,1
11.2319,11.2319,-11.2319,0.0000000,CCCCCCOC1CN(c2cncc(N3CCC4(CN(C(=O)OC(C)(C)C)C4)C3)c2)C1*OC1(C#N)CCC1,0,CCCCCCOC1CN(c2cncc(N3CCC4(CN(C(=O)OC(C)(C)C)C4)C3)c2)C1,*OC1(C#N)CCC1,,0.0000000,0.0000,1
10.8296,10.8296,-10.8296,0.0000000,CCCCCCOC1CN(c2cncc(N3CCC4(CN(C(=O)OC(C)(C)C)C4)C3)c2)C1*OC1(C)COC1,0,CCCCCCOC1CN(c2cncc(N3CCC4(CN(C(=O)OC(C)(C)C)C4)C3)c2)C1,*OC1(C)COC1,,0.0000000,0.0000,1
7.7613,7.7613,-7.7613,0.0000000,CCCCCCOC1CN(c2cncc(N3CCC4(CN(C(=O)OC(C)(C)C)C4)C3)c2)C1*OC1CC(O)C1,0,CCCCCCOC1CN(c2cncc(N3CCC4(CN(C(=O)OC(C)(C)C)C4)C3)c2)C1,*OC1CC(O)C1,,0.0000000,0.0000,1
8.5313,8.5313,-8.5313,0.0000000,CCCCCCOC1CN(c2cncc(N3CCC4(CN(C(=O)OC(C)(C)C)C4)C3)c2)C1*OC1CCN(C(=O)OC(C)(C)C)CC1,0,CCCCCCOC1CN(c2cncc(N3CCC4(CN(C(=O)OC(C)(C)C)C4)C3)c2)C1,*OC1CCN(C(=O)OC(C)(C)C)CC1,,0.0000000,0.0000,1
5.3204,5.3204,-5.3204,0.0000000,CCCCCCOC1CN(c2cncc(N3CCC4(CN(C(=O)OC(C)(C)C)C4)C3)c2)C1*OC1CN(c2ccc3c(c2)C(=O)N(C2CCC(=O)NC2=O)C3=O)C1,0,CCCCCCOC1CN(c2cncc(N3CCC4(CN(C(=O)OC(C)(C)C)C4)C3)c2)C1,*OC1CN(c2ccc3c(c2)C(=O)N(C2CCC(=O)NC2=O)C3=O)C1,,0.0000000,0.0000,1
6.4869,6.4869,-6.4869,0.0000000,CCCCCCOC1CN(c2cncc(N3CCC4(CN(C(=O)OC(C)(C)C)C4)C3)c2)C1*OCC,0,CCCCCCOC1CN(c2cncc(N3CCC4(CN(C(=O)OC(C)(C)C)C4)C3)c2)C1,*OCC,,0.0000000,0.0000,1
10.5307,10.5307,-10.5307,0.0000000,CCCCCCOC1CN(c2cncc(N3CCC4(CN(C(=O)OC(C)(C)C)C4)C3)c2)C1*OCCF,0,CCCCCCOC1CN(c2cncc(N3CCC4(CN(C(=O)OC(C)(C)C)C4)C3)c2)C1,*OCCF,,0.0000000,0.0000,1
5.5447,5.5447,-5.5447,0.0000000,CCCCCCOC1CN(c2cncc(N3CCC4(CN(C(=O)OC(C)(C)C)C4)C3)c2)C1*OCc1ccccc1,0,CCCCCCOC1CN(c2cncc(N3CCC4(CN(C(=O)OC(C)(C)C)C4)C3)c2)C1,*OCc1ccccc1,,0.0000000,0.0000,1
18.5768,18.5768,-18.5768,0.0000000,CCCCCCOC1CN(c2cncc(N3CCC4(CN(C(=O)OC(C)(C)C)C4)C3)c2)C1*OCc1ccccc1OCN(C)C1CCC(=O)NC1=O,0,CCCCCCOC1CN(c2cncc(N3CCC4(CN(C(=O)OC(C)(C)C)C4)C3)c2)C1,*OCc1ccccc1OCN(C)C1CCC(=O)NC1=O,,0.0000000,0.0000,1
14.6437,14.6437,-14.6437,0.0000000,CCCCCCOC1CN(c2cncc(N3CCC4(CN(C(=O)OC(C)(C)C)C4)C3)c2)C1*O[C@@H]1C[C@H](Nc2cn[nH]c(=O)c2C(F)(F)F)[C@@H](O)[C@H]1O,0,CCCCCCOC1CN(c2cncc(N3CCC4(CN(C(=O)OC(C)(C)C)C4)C3)c2)C1,*O[C@@H]1C[C@H](Nc2cn[nH]c(=O)c2C(F)(F)F)[C@@H](O)[C@H]1O,,0.0000000,0.0000,1
13.3166,13.3166,-13.3166,0.0000000,CCCCCCOC1CN(c2cncc(N3CCC4(CN(C(=O)OC(C)(C)C)C4)C3)c2)C1*Oc1cc2ncnc(Nc3n[nH]c(C)c3C)c2cc1[S+]([O-])C(C)(C)C,0,CCCCCCOC1CN(c2cncc(N3CCC4(CN(C(=O)OC(C)(C)C)C4)C3)c2)C1,*Oc1cc2ncnc(Nc3n[nH]c(C)c3C)c2cc1[S+]([O-])C(C)(C)C,,0.0000000,0.0000,1
2.5927,2.5927,-2.5927,0.0000000,CCCCCCOC1CN(c2cncc(N3CCC4(CN(C(=O)OC(C)(C)C)C4)C3)c2)C1*Oc1ccc2c(c1)C(=O)N(C1CCC(=O)NC1=O)C2=O,0,CCCCCCOC1CN(c2cncc(N3CCC4(CN(C(=O)OC(C)(C)C)C4)C3)c2)C1,*Oc1ccc2c(c1)C(=O)N(C1CCC(=O)NC1=O)C2=O,,0.0000000,0.0000,1
3.8707,3.8707,-3.8707,0.0000000,CCCCCCOC1CN(c2cncc(N3CCC4(CN(C(=O)OC(C)(C)C)C4)C3)c2)C1*Oc1ccc2c(c1)CN(C1CCC(=O)NC1=O)C2=O,0,CCCCCCOC1CN(c2cncc(N3CCC4(CN(C(=O)OC(C)(C)C)C4)C3)c2)C1,*Oc1ccc2c(c1)CN(C1CCC(=O)NC1=O)C2=O,,0.0000000,0.0000,1
5.3596,5.3596,-5.3596,0.0000000,CCCCCCOC1CN(c2cncc(N3CCC4(CN(C(=O)OC(C)(C)C)C4)C3)c2)C1*Oc1cccc2c1C(=O)N(C1CCC(=O)NC1=O)C2=O,0,CCCCCCOC1CN(c2cncc(N3CCC4(CN(C(=O)OC(C)(C)C)C4)C3)c2)C1,*Oc1cccc2c1C(=O)N(C1CCC(=O)NC1=O)C2=O,,0.0000000,0.0000,1
13.6364,13.6364,-13.6364,0.0000000,CCCCCCOC1CN(c2cncc(N3CCC4(CN(C(=O)OC(C)(C)C)C4)C3)c2)C1*c1ccc(C(=O)OC)c(C)c1,0,CCCCCCOC1CN(c2cncc(N3CCC4(CN(C(=O)OC(C)(C)C)C4)C3)c2)C1,*c1ccc(C(=O)OC)c(C)c1,,0.0000000,0.0000,1
5.7525,5.7525,-5.7525,0.0000000,CCCCCCOC1CN(c2cncc(N3CCC4(CN(C(=O)OC(C)(C)C)C4)C3)c2)C1*c1ccc2c(c1)CN(C1CCC(=O)NC1=O)C2=O,0,CCCCCCOC1CN(c2cncc(N3CCC4(CN(C(=O)OC(C)(C)C)C4)C3)c2)C1,*c1ccc2c(c1)CN(C1CCC(=O)NC1=O)C2=O,,0.0000000,0.0000,1
5.1214,5.1214,-5.1214,0.0000000,CCCCCCOC1CN(c2cncc(N3CCC4(CN(C(=O)OC(C)(C)C)C4)C3)c2)C1*c1ccc2c(n1)NCCC2,0,CCCCCCOC1CN(c2cncc(N3CCC4(CN(C(=O)OC(C)(C)C)C4)C3)c2)C1,*c1ccc2c(n1)NCCC2,,0.0000000,0.0000,1
10.0489,10.0489,-10.0489,0.0000000,CCCCCCOC1CN(c2cncc(N3CCC4(CN(C(=O)OC(C)(C)C)C4)C3)c2)C1*c1ccc2c3c(cccc13)C(=O)N2C1CCC(=O)NC1=O,0,CCCCCCOC1CN(c2cncc(N3CCC4(CN(C(=O)OC(C)(C)C)C4)C3)c2)C1,*c1ccc2c3c(cccc13)C(=O)N2C1CCC(=O)NC1=O,,0.0000000,0.0000,1
1.4150,1.4150,-1.4150,0.0000000,O=C(c1cc([N+](=O)[O-])cc([N+](=O)[O-])c1)N1CC2(CCN(c3cncc(C#Cc4ccccc4)c3)C2)C1*C(=O)C(F)(F)F,0,O=C(c1cc([N+](=O)[O-])cc([N+](=O)[O-])c1)N1CC2(CCN(c3cncc(C#Cc4ccccc4)c3)C2)C1,*C(=O)C(F)(F)F,,0.0000000,0.0000,1
4.8546,4.8546,-4.8546,0.0000000,COC(=O)*C1N(C(=O)c2cc([N+](=O)[O-])cc([N+](=O)[O-])c2)CC12CCN(c1cncc(C#Cc3ccccc3)c1)C2,0,O=C(c1cc([N+](=O)[O-])cc([N+](=O)[O-])c1)N1CC2(CCN(c3cncc(C#Cc4ccccc4)c3)C2)C1,*C(=O)OC,,0.0000000,0.0000,1
5.5822,5.5822,-5.5822,0.0000000,CC(C)(C)OC(=O)*C1N(C(=O)c2cc([N+](=O)[O-])cc([N+](=O)[O-])c2)CC12CCN(c1cncc(C#Cc3ccccc3)c1)C2,0,O=C(c1cc([N+](=O)[O-])cc([N+](=O)[O-])c1)N1CC2(CCN(c3cncc(C#Cc4ccccc4)c3)C2)C1,*C(=O)OC(C)(C)C,,0.0000000,0.0000,1
2.6875,2.6875,-2.6875,0.0000000,CC(=O)*C1N(C(=O)c2cc([N+](=O)[O-])cc([N+](=O)[O-])c2)CC12CCN(c1cncc(C#Cc3ccccc3)c1)C2,0,O=C(c1cc([N+](=O)[O-])cc([N+](=O)[O-])c1)N1CC2(CCN(c3cncc(C#Cc4ccccc4)c3)C2)C1,*C(C)=O,,0.0000000,0.0000,1
3.6248,3.6248,-3.6248,0.0000000,NC(=O)*C1N(C(=O)c2cc([N+](=O)[O-])cc([N+](=O)[O-])c2)CC12CCN(c1cncc(C#Cc3ccccc3)c1)C2,0,O=C(c1cc([N+](=O)[O-])cc([N+](=O)[O-])c1)N1CC2(CCN(c3cncc(C#Cc4ccccc4)c3)C2)C1,*C(N)=O,,0.0000000,0.0000,1
2.1690,2.1690,-2.1690,0.0000000,O=C*C1N(C(=O)c2cc([N+](=O)[O-])cc([N+](=O)[O-])c2)CC12CCN(c1cncc(C#Cc3ccccc3)c1)C2,0,O=C(c1cc([N+](=O)[O-])cc([N+](=O)[O-])c1)N1CC2(CCN(c3cncc(C#Cc4ccccc4)c3)C2)C1,*C=O,,0.0000000,0.0000,1
1.0788,1.0788,-1.0788,0.0000000,CC*C1N(C(=O)c2cc([N+](=O)[O-])cc([N+](=O)[O-])c2)CC12CCN(c1cncc(C#Cc3ccccc3)c1)C2,0,O=C(c1cc([N+](=O)[O-])cc([N+](=O)[O-])c1)N1CC2(CCN(c3cncc(C#Cc4ccccc4)c3)C2)C1,*CC,,0.0000000,0.0000,1
4.0401,4.0401,-4.0401,0.0000000,O=C(c1cc([N+](=O)[O-])cc([N+](=O)[O-])c1)N1CC2(CCN(c3cncc(C#Cc4ccccc4)c3)C2)C1*CC(F)(F)F,0,O=C(c1cc([N+](=O)[O-])cc([N+](=O)[O-])c1)N1CC2(CCN(c3cncc(C#Cc4ccccc4)c3)C2)C1,*CC(F)(F)F,,0.0000000,0.0000,1
8.8948,8.8948,-8.8948,0.0000000,O=C(c1cc([N+](=O)[O-])cc([N+](=O)[O-])c1)N1CC2(CCN(c3cncc(C#Cc4ccccc4)c3)C2)C1*CC(O)CO,0,O=C(c1cc([N+](=O)[O-])cc([N+](=O)[O-])c1)N1CC2(CCN(c3cncc(C#Cc4ccccc4)c3)C2)C1,*CC(O)CO,,0.0000000,0.0000,1
5.5200,5.5200,-5.5200,0.0000000,O=C(c1cc([N+](=O)[O-])cc([N+](=O)[O-])c1)N1CC2(CCN(c3cncc(C#Cc4ccccc4)c3)C2)C1*CC1CC1,0,O=C(c1cc([N+](=O)[O-])cc([N+](=O)[O-])c1)N1CC2(CCN(c3cncc(C#Cc4ccccc4)c3)C2)C1,*CC1CC1,,0.0000000,0.0000,1
8.2972,8.2972,-8.2972,0.0000000,CC(C)CC*C1N(C(=O)c2cc([N+](=O)[O-])cc([N+](=O)[O-])c2)CC12CCN(c1cncc(C#Cc3ccccc3)c1)C2,0,O=C(c1cc([N+](=O)[O-])cc([N+](=O)[O-])c1)N1CC2(CCN(c3cncc(C#Cc4ccccc4)c3)C2)C1,*CCC(C)C,,0.0000000,0.0000,1
7.3590,7.3590,-7.3590,0.0000000,O=C(c1cc([N+](=O)[O-])cc([N+](=O)[O-])c1)N1CC2(CCN(c3cncc(C#Cc4ccccc4)c3)C2)C1*CCF,0,O=C(c1cc([N+](=O)[O-])cc([N+](=O)[O-])c1)N1CC2(CCN(c3cncc(C#Cc4ccccc4)c3)C2)C1,*CCF,,0.0000000,0.0000,1
9.0414,9.0414,-9.0414,0.0000000,O=C(c1cc([N+](=O)[O-])cc([N+](=O)[O-])c1)N1CC2(CCN(c3cncc(C#Cc4ccccc4)c3)C2)C1*CCN1CCCC1,0,O=C(c1cc([N+](=O)[O-])cc([N+](=O)[O-])c1)N1CC2(CCN(c3cncc(C#Cc4ccccc4)c3)C2)C1,*CCN1CCCC1,,0.0000000,0.0000,1
5.5157,5.5157,-5.5157,0.0000000,COCC*C1N(C(=O)c2cc([N+](=O)[O-])cc([N+](=O)[O-])c2)CC12CCN(c1cncc(C#Cc3ccccc3)c1)C2,0,O=C(c1cc([N+](=O)[O-])cc([N+](=O)[O-])c1)N1CC2(CCN(c3cncc(C#Cc4ccccc4)c3)C2)C1,*CCOC,,0.0000000,0.0000,1
3.9193,3.9193,-3.9193,0.0000000,O=C(c1cc([N+](=O)[O-])cc([N+](=O)[O-])c1)N1CC2(CCN(c3cncc(C#Cc4ccccc4)c3)C2)C1*Cc1ccccc1,0,O=C(c1cc([N+](=O)[O-])cc([N+](=O)[O-])c1)N1CC2(CCN(c3cncc(C#Cc4ccccc4)c3)C2)C1,*Cc1ccccc1,,0.0000000,0.0000,1
