Agent,Prior,Target,Score,SMILES,SMILES_state,Input_Scaffold,R-groups,Scaffold,LIBINVENT TRANSFORMER PUBCHEM_RL_ADME,LIBINVENT TRANSFORMER PUBCHEM_RL_ADME (raw),step
1.5722,1.5722,-1.5722,0.0000000,C*c1ccccc1C#Cc1cncc(N2CCC3(CNC3)C2)c1,0,C(#Cc1cncc(N2CCC3(CNC3)C2)c1)c1ccccc1,*C,,0.0000000,0.0000,1
9.0746,9.0746,-9.0746,0.0000000,CC(O)(*c1ccccc1C#Cc1cncc(N2CCC3(CNC3)C2)c1)C(F)(F)F,0,C(#Cc1cncc(N2CCC3(CNC3)C2)c1)c1ccccc1,*C(C)(O)C(F)(F)F,,0.0000000,0.0000,1
3.5723,3.5723,-3.5723,0.0000000,CC(C)*c1ccccc1C#Cc1cncc(N2CCC3(CNC3)C2)c1,0,C(#Cc1cncc(N2CCC3(CNC3)C2)c1)c1ccccc1,*C(C)C,,0.0000000,0.0000,1
4.1803,4.1803,-4.1803,0.0000000,FC(F)(F)*c1ccccc1C#Cc1cncc(N2CCC3(CNC3)C2)c1,0,C(#Cc1cncc(N2CCC3(CNC3)C2)c1)c1ccccc1,*C(F)(F)F,,0.0000000,0.0000,1
2.6709,2.6709,-2.6709,0.0000000,*(c1ccccc1C#Cc1cncc(N2CCC3(CNC3)C2)c1)C1CC1,0,C(#Cc1cncc(N2CCC3(CNC3)C2)c1)c1ccccc1,*C1CC1,,0.0000000,0.0000,1
10.5983,10.5983,-10.5983,0.0000000,*(CC1CNC1)c1ccccc1C#Cc1cncc(N2CCC3(CNC3)C2)c1,0,C(#Cc1cncc(N2CCC3(CNC3)C2)c1)c1ccccc1,*CC1CNC1,,0.0000000,0.0000,1
9.8441,9.8441,-9.8441,0.0000000,*(CCN1CCOCC1)c1ccccc1C#Cc1cncc(N2CCC3(CNC3)C2)c1,0,C(#Cc1cncc(N2CCC3(CNC3)C2)c1)c1ccccc1,*CCN1CCOCC1,,0.0000000,0.0000,1
6.4791,6.4791,-6.4791,0.0000000,FC*c1ccccc1C#Cc1cncc(N2CCC3(CNC3)C2)c1,0,C(#Cc1cncc(N2CCC3(CNC3)C2)c1)c1ccccc1,*CF,,0.0000000,0.0000,1
8.6128,8.6128,-8.6128,0.0000000,Fc1ccc(Cl)cc1*c1ccccc1C#Cc1cncc(N2CCC3(CNC3)C2)c1,0,C(#Cc1cncc(N2CCC3(CNC3)C2)c1)c1ccccc1,*c1cc(Cl)ccc1F,,0.0000000,0.0000,1
5.9716,5.9716,-5.9716,0.0000000,FC(F)(F)c1ccc(*c2ccccc2C#Cc2cncc(N3CCC4(CNC4)C3)c2)cc1,0,C(#Cc1cncc(N2CCC3(CNC3)C2)c1)c1ccccc1,*c1ccc(C(F)(F)F)cc1,,0.0000000,0.0000,1
19.5458,19.5458,-19.5458,0.0000000,Cc1ccc(*c2ccccc2C#Cc2cncc(N3CCC4(CNC4)C3)c2)cc1NC(=O)N1N=CC[C@H]1c1cc(F)cc(F)c1,0,C(#Cc1cncc(N2CCC3(CNC3)C2)c1)c1ccccc1,*c1ccc(C)c(NC(=O)N2N=CC[C@H]2c2cc(F)cc(F)c2)c1,,0.0000000,0.0000,1
14.3186,14.3186,-14.3186,0.0000000,*(c1cccc(-c2cccc(-c3ccccc3)c2)c1)c1ccccc1C#Cc1cncc(N2CCC3(CNC3)C2)c1,0,C(#Cc1cncc(N2CCC3(CNC3)C2)c1)c1ccccc1,*c1cccc(-c2cccc(-c3ccccc3)c2)c1,,0.0000000,0.0000,1
1.6657,1.6657,-1.6657,0.0000000,*(c1ccccc1)c1ccccc1C#Cc1cncc(N2CCC3(CNC3)C2)c1,0,C(#Cc1cncc(N2CCC3(CNC3)C2)c1)c1ccccc1,*c1ccccc1,,0.0000000,0.0000,1
8.3214,8.3214,-8.3214,0.0000000,CCc1ccccc1*c1ccccc1C#Cc1cncc(N2CCC3(CNC3)C2)c1,0,C(#Cc1cncc(N2CCC3(CNC3)C2)c1)c1ccccc1,*c1ccccc1CC,,0.0000000,0.0000,1
5.6805,5.6805,-5.6805,0.0000000,*(c1cncnc1)c1ccccc1C#Cc1cncc(N2CCC3(CNC3)C2)c1,0,C(#Cc1cncc(N2CCC3(CNC3)C2)c1)c1ccccc1,*c1cncnc1,,0.0000000,0.0000,1
9.5806,9.5806,-9.5806,0.0000000,O=C(O)c1csc(*c2ccccc2C#Cc2cncc(N3CCC4(CNC4)C3)c2)n1,0,C(#Cc1cncc(N2CCC3(CNC3)C2)c1)c1ccccc1,*c1nc(C(=O)O)cs1,,0.0000000,0.0000,1
5.7247,5.7247,-5.7247,0.0000000,Fc1cccnc1*c1ccccc1C#Cc1cncc(N2CCC3(CNC3)C2)c1,0,C(#Cc1cncc(N2CCC3(CNC3)C2)c1)c1ccccc1,*c1ncccc1F,,0.0000000,0.0000,1
6.3763,6.3763,-6.3763,0.0000000,Cc1nnc(*c2ccccc2C#Cc2cncc(N3CCC4(CNC4)C3)c2)o1,0,C(#Cc1cncc(N2CCC3(CNC3)C2)c1)c1ccccc1,*c1nnc(C)o1,,0.0000000,0.0000,1
0.0365,0.0365,-0.0365,0.0000000,CC(C)(O)*C1N(C(=O)OC(C)(C)C)CC12CCN(c1cccc(Br)n1)C2,0,CC(C)(C)OC(=O)N1CC2(CCN(c3cccc(Br)n3)C2)C1,*C(C)(C)O,,0.0000000,0.0000,1
7.0369,7.0369,-7.0369,0.0000000,CCC(O)(*C1N(C(=O)OC(C)(C)C)CC12CCN(c1cccc(Br)n1)C2)CC,0,CC(C)(C)OC(=O)N1CC2(CCN(c3cccc(Br)n3)C2)C1,*C(O)(CC)CC,,0.0000000,0.0000,1
0.0850,0.0850,-0.0850,0.0000000,CC(C)(O)*C1N(C(=O)OC(C)(C)C)CC12CCN(c1cncc(-c3ccc(F)cc3)c1)C2,0,CC(C)(C)OC(=O)N1CC2(CCN(c3cncc(-c4ccc(F)cc4)c3)C2)C1,*C(C)(C)O,,0.0000000,0.0000,1
4.7387,4.7387,-4.7387,0.0000000,CC(C)(C)OC(=O)N1CC2(CCN(c3cncc(-c4ccc(F)cc4)c3)C2)C1*C(C)(O)C(F)(F)F,0,CC(C)(C)OC(=O)N1CC2(CCN(c3cncc(-c4ccc(F)cc4)c3)C2)C1,*C(C)(O)C(F)(F)F,,0.0000000,0.0000,1
5.8698,5.8698,-5.8698,0.0000000,CC(C)(C)OC(=O)N1CC2(CCN(c3cncc(-c4ccc(F)cc4)c3)C2)C1*C1(O)CC1,0,CC(C)(C)OC(=O)N1CC2(CCN(c3cncc(-c4ccc(F)cc4)c3)C2)C1,*C1(O)CC1,,0.0000000,0.0000,1
0.0598,0.0598,-0.0598,0.0000000,CC(C)(O)*C1N(C(=O)OC(C)(C)C)CC12CCN(c1cncc(Br)c1)C2,0,CC(C)(C)OC(=O)N1CC2(CCN(c3cncc(Br)c3)C2)C1,*C(C)(C)O,,0.0000000,0.0000,1
5.1172,5.1172,-5.1172,0.0000000,CC(C)(C)OC(=O)N1CC2(CCN(c3cncc(Br)c3)C2)C1*C(O)(Cn1cncn1)c1ccc(F)cc1F,0,CC(C)(C)OC(=O)N1CC2(CCN(c3cncc(Br)c3)C2)C1,*C(O)(Cn1cncn1)c1ccc(F)cc1F,,0.0000000,0.0000,1
16.0378,16.0378,-16.0378,0.0000000,C[C@@H]1CC1(O)*C1N(C(=O)OC(C)(C)C)CC12CCN(c1cncc(Br)c1)C2,0,CC(C)(C)OC(=O)N1CC2(CCN(c3cncc(Br)c3)C2)C1,*C1(O)C[C@H]1C,,0.0000000,0.0000,1
0.0882,0.0882,-0.0882,0.0000000,CC(C)(O)*C1N(C(=O)OC(C)(C)C)CC12CCN(c1cncc(C#Cc3ccccc3)c1)C2,0,CC(C)(C)OC(=O)N1CC2(CCN(c3cncc(C#Cc4ccccc4)c3)C2)C1,*C(C)(C)O,,0.0000000,0.0000,1
4.3964,4.3964,-4.3964,0.0000000,CN*C1N(C(=O)OC(C)(C)C)CC12CCN(c1cncc(C#Cc3ccccc3)c1)C2,0,CC(C)(C)OC(=O)N1CC2(CCN(c3cncc(C#Cc4ccccc4)c3)C2)C1,*NC,,0.0000000,0.0000,1
5.5691,5.5691,-5.5691,0.0000000,CC(C)(C)N*C1N(C(=O)OC(C)(C)C)CC12CCN(c1cncc(C#Cc3ccccc3)c1)C2,0,CC(C)(C)OC(=O)N1CC2(CCN(c3cncc(C#Cc4ccccc4)c3)C2)C1,*NC(C)(C)C,,0.0000000,0.0000,1
6.0844,6.0844,-6.0844,0.0000000,CCN*C1N(C(=O)OC(C)(C)C)CC12CCN(c1cncc(C#Cc3ccccc3)c1)C2,0,CC(C)(C)OC(=O)N1CC2(CCN(c3cncc(C#Cc4ccccc4)c3)C2)C1,*NCC,,0.0000000,0.0000,1
7.9913,7.9913,-7.9913,0.0000000,CC(C)(C)OC(=O)N1CC2(CCN(c3cncc(C#Cc4ccccc4)c3)C2)C1*[N+](C)(C)C,0,CC(C)(C)OC(=O)N1CC2(CCN(c3cncc(C#Cc4ccccc4)c3)C2)C1,*[N+](C)(C)C,,0.0000000,0.0000,1
0.0798,0.0798,-0.0798,0.0000000,CC(C)(O)*C1N(C(=O)OC(C)(C)C)CC12CCN(c1cncc(N3CC(OCCCc4ccccc4)C3)c1)C2,0,CC(C)(C)OC(=O)N1CC2(CCN(c3cncc(N4CC(OCCCc5ccccc5)C4)c3)C2)C1,*C(C)(C)O,,0.0000000,0.0000,1
4.9482,4.9482,-4.9482,0.0000000,CC(C)(C)OC(=O)N1CC2(CCN(c3cncc(N4CC(OCCCc5ccccc5)C4)c3)C2)C1*C(C)(O)C(F)(F)F,0,CC(C)(C)OC(=O)N1CC2(CCN(c3cncc(N4CC(OCCCc5ccccc5)C4)c3)C2)C1,*C(C)(O)C(F)(F)F,,0.0000000,0.0000,1
6.0960,6.0960,-6.0960,0.0000000,CC(=O)*C1N(C(=O)OC(C)(C)C)CC12CCN(c1cncc(N3CC(OCCCc4ccccc4)C3)c1)C2,0,CC(C)(C)OC(=O)N1CC2(CCN(c3cncc(N4CC(OCCCc5ccccc5)C4)c3)C2)C1,*C(C)=O,,0.0000000,0.0000,1
4.2077,4.2077,-4.2077,0.0000000,CC(C)(C)OC(=O)N1CC2(CCN(c3cncc(N4CC(OCCCc5ccccc5)C4)c3)C2)C1*C(O)(Cn1cncn1)c1ccc(F)cc1F,0,CC(C)(C)OC(=O)N1CC2(CCN(c3cncc(N4CC(OCCCc5ccccc5)C4)c3)C2)C1,*C(O)(Cn1cncn1)c1ccc(F)cc1F,,0.0000000,0.0000,1
11.7518,11.7518,-11.7518,0.0000000,CC(C)(C)OC(=O)N1CC2(CCN(c3cncc(N4CC(OCCCc5ccccc5)C4)c3)C2)C1*NC1CNC1,0,CC(C)(C)OC(=O)N1CC2(CCN(c3cncc(N4CC(OCCCc5ccccc5)C4)c3)C2)C1,*NC1CNC1,,0.0000000,0.0000,1
1.8048,1.8048,-1.8048,0.0000000,C*c1c(C#CCCCCCC)cncc1N1CCC2(CN(C(=O)CCc3c[nH]c4ccccc34)C2)C1,0,CCCCCCC#Cc1cncc(N2CCC3(CN(C(=O)CCc4c[nH]c5ccccc45)C3)C2)c1,*C,,0.0000000,0.0000,1
6.5929,6.5929,-6.5929,0.0000000,CCCCCCC#Cc1cncc(N2CCC3(CN(C(=O)CCc4c[nH]c5ccccc45)C3)C2)c1*C#Cc1cccc2c1CN(C1CCC(=O)NC1=O)C2=O,0,CCCCCCC#Cc1cncc(N2CCC3(CN(C(=O)CCc4c[nH]c5ccccc45)C3)C2)c1,*C#Cc1cccc2c1CN(C1CCC(=O)NC1=O)C2=O,,0.0000000,0.0000,1
5.8435,5.8435,-5.8435,0.0000000,CCCCCCC#Cc1cncc(N2CCC3(CN(C(=O)CCc4c[nH]c5ccccc45)C3)C2)c1*C(C)(C)C,0,CCCCCCC#Cc1cncc(N2CCC3(CN(C(=O)CCc4c[nH]c5ccccc45)C3)C2)c1,*C(C)(C)C,,0.0000000,0.0000,1
10.0105,10.0105,-10.0105,0.0000000,CCCCCCC#Cc1cncc(N2CCC3(CN(C(=O)CCc4c[nH]c5ccccc45)C3)C2)c1*C(C)(C)[Si](C)(C)O,0,CCCCCCC#Cc1cncc(N2CCC3(CN(C(=O)CCc4c[nH]c5ccccc45)C3)C2)c1,*C(C)(C)[Si](C)(C)O,,0.0000000,0.0000,1
2.5935,2.5935,-2.5935,0.0000000,CC*c1c(C#CCCCCCC)cncc1N1CCC2(CN(C(=O)CCc3c[nH]c4ccccc34)C2)C1,0,CCCCCCC#Cc1cncc(N2CCC3(CN(C(=O)CCc4c[nH]c5ccccc45)C3)C2)c1,*CC,,0.0000000,0.0000,1
5.7474,5.7474,-5.7474,0.0000000,CCCCCCC#Cc1cncc(N2CCC3(CN(C(=O)CCc4c[nH]c5ccccc45)C3)C2)c1*CC=O,0,CCCCCCC#Cc1cncc(N2CCC3(CN(C(=O)CCc4c[nH]c5ccccc45)C3)C2)c1,*CC=O,,0.0000000,0.0000,1
8.4074,8.4074,-8.4074,0.0000000,CCCCCCC#Cc1cncc(N2CCC3(CN(C(=O)CCc4c[nH]c5ccccc45)C3)C2)c1*CCC(=O)NCC,0,CCCCCCC#Cc1cncc(N2CCC3(CN(C(=O)CCc4c[nH]c5ccccc45)C3)C2)c1,*CCC(=O)NCC,,0.0000000,0.0000,1
3.4868,3.4868,-3.4868,0.0000000,CCCC*c1c(C#CCCCCCC)cncc1N1CCC2(CN(C(=O)CCc3c[nH]c4ccccc34)C2)C1,0,CCCCCCC#Cc1cncc(N2CCC3(CN(C(=O)CCc4c[nH]c5ccccc45)C3)C2)c1,*CCCC,,0.0000000,0.0000,1
13.8967,13.8967,-13.8967,0.0000000,CCCCCCC#Cc1cncc(N2CCC3(CN(C(=O)CCc4c[nH]c5ccccc45)C3)C2)c1*CCCC(=O)NS(=O)(=O)C1(C)CC1,0,CCCCCCC#Cc1cncc(N2CCC3(CN(C(=O)CCc4c[nH]c5ccccc45)C3)C2)c1,*CCCC(=O)NS(=O)(=O)C1(C)CC1,,0.0000000,0.0000,1
11.1051,11.1051,-11.1051,0.0000000,CCCCCCC#Cc1cncc(N2CCC3(CN(C(=O)CCc4c[nH]c5ccccc45)C3)C2)c1*CCCN1CCC2(CC2)C1,0,CCCCCCC#Cc1cncc(N2CCC3(CN(C(=O)CCc4c[nH]c5ccccc45)C3)C2)c1,*CCCN1CCC2(CC2)C1,,0.0000000,0.0000,1
8.5672,8.5672,-8.5672,0.0000000,CCCCCCC#Cc1cncc(N2CCC3(CN(C(=O)CCc4c[nH]c5ccccc45)C3)C2)c1*CCCNC(=O)O,0,CCCCCCC#Cc1cncc(N2CCC3(CN(C(=O)CCc4c[nH]c5ccccc45)C3)C2)c1,*CCCNC(=O)O,,0.0000000,0.0000,1
7.6682,7.6682,-7.6682,0.0000000,CCCCCCC#Cc1cncc(N2CCC3(CN(C(=O)CCc4c[nH]c5ccccc45)C3)C2)c1*CCCOc1cccc2c1C(=O)N(C1CCC(=O)NC1=O)C2=O,0,CCCCCCC#Cc1cncc(N2CCC3(CN(C(=O)CCc4c[nH]c5ccccc45)C3)C2)c1,*CCCOc1cccc2c1C(=O)N(C1CCC(=O)NC1=O)C2=O,,0.0000000,0.0000,1
8.6754,8.6754,-8.6754,0.0000000,CCCCCCC#Cc1cncc(N2CCC3(CN(C(=O)CCc4c[nH]c5ccccc45)C3)C2)c1*CCCS(C)(=O)=O,0,CCCCCCC#Cc1cncc(N2CCC3(CN(C(=O)CCc4c[nH]c5ccccc45)C3)C2)c1,*CCCS(C)(=O)=O,,0.0000000,0.0000,1
3.3582,3.3582,-3.3582,0.0000000,CCCCCCC#Cc1cncc(N2CCC3(CN(C(=O)CCc4c[nH]c5ccccc45)C3)C2)c1*N,0,CCCCCCC#Cc1cncc(N2CCC3(CN(C(=O)CCc4c[nH]c5ccccc45)C3)C2)c1,*N,,0.0000000,0.0000,1
5.6419,5.6419,-5.6419,0.0000000,CCCCCCC#Cc1cncc(N2CCC3(CN(C(=O)CCc4c[nH]c5ccccc45)C3)C2)c1*N1CCC(c2ccc3c(c2)n(C)c(=O)n3C2CCC(=O)NC2=O)CC1,0,CCCCCCC#Cc1cncc(N2CCC3(CN(C(=O)CCc4c[nH]c5ccccc45)C3)C2)c1,*N1CCC(c2ccc3c(c2)n(C)c(=O)n3C2CCC(=O)NC2=O)CC1,,0.0000000,0.0000,1
13.8397,13.8397,-13.8397,0.0000000,CCCCCCC#Cc1cncc(N2CCC3(CN(C(=O)CCc4c[nH]c5ccccc45)C3)C2)c1*N1CCC2(CC1)CN(c1ccnc(C)c1)C(=O)O2,0,CCCCCCC#Cc1cncc(N2CCC3(CN(C(=O)CCc4c[nH]c5ccccc45)C3)C2)c1,*N1CCC2(CC1)CN(c1ccnc(C)c1)C(=O)O2,,0.0000000,0.0000,1
6.1177,6.1177,-6.1177,0.0000000,CCCCCCC#Cc1cncc(N2CCC3(CN(C(=O)CCc4c[nH]c5ccccc45)C3)C2)c1*N1CCN(c2ccc3c(c2)CN(C2CCC(=O)NC2=O)C3=O)CC1,0,CCCCCCC#Cc1cncc(N2CCC3(CN(C(=O)CCc4c[nH]c5ccccc45)C3)C2)c1,*N1CCN(c2ccc3c(c2)CN(C2CCC(=O)NC2=O)C3=O)CC1,,0.0000000,0.0000,1
4.8538,4.8538,-4.8538,0.0000000,CCCCCCC#Cc1cncc(N2CCC3(CN(C(=O)CCc4c[nH]c5ccccc45)C3)C2)c1*NC,0,CCCCCCC#Cc1cncc(N2CCC3(CN(C(=O)CCc4c[nH]c5ccccc45)C3)C2)c1,*NC,,0.0000000,0.0000,1
11.0887,11.0887,-11.0887,0.0000000,CCCCCCC#Cc1cncc(N2CCC3(CN(C(=O)CCc4c[nH]c5ccccc45)C3)C2)c1*NCc1c(OC)cc(-c2cn(C)c(=O)c3cnccc23)cc1OC,0,CCCCCCC#Cc1cncc(N2CCC3(CN(C(=O)CCc4c[nH]c5ccccc45)C3)C2)c1,*NCc1c(OC)cc(-c2cn(C)c(=O)c3cnccc23)cc1OC,,0.0000000,0.0000,1
3.5108,3.5108,-3.5108,0.0000000,CCCCCCC#Cc1cncc(N2CCC3(CN(C(=O)CCc4c[nH]c5ccccc45)C3)C2)c1*Nc1cccc2c1C(=O)N(C1CCC(=O)NC1=O)C2=O,0,CCCCCCC#Cc1cncc(N2CCC3(CN(C(=O)CCc4c[nH]c5ccccc45)C3)C2)c1,*Nc1cccc2c1C(=O)N(C1CCC(=O)NC1=O)C2=O,,0.0000000,0.0000,1
10.4064,10.4064,-10.4064,0.0000000,CCCCCCC#Cc1cncc(N2CCC3(CN(C(=O)CCc4c[nH]c5ccccc45)C3)C2)c1*OCC(=O)N[C@@H](C(=O)N1C[C@H](O)C[C@H]1C(=O)N[C@@H](C)c1ccc(-c2scnc2C)cc1)C(C)(C)C,0,CCCCCCC#Cc1cncc(N2CCC3(CN(C(=O)CCc4c[nH]c5ccccc45)C3)C2)c1,*OCC(=O)N[C@@H](C(=O)N1C[C@H](O)C[C@H]1C(=O)N[C@@H](C)c1ccc(-c2scnc2C)cc1)C(C)(C)C,,0.0000000,0.0000,1
10.3258,10.3258,-10.3258,0.0000000,CCCCCCC#Cc1cncc(N2CCC3(CN(C(=O)CCc4c[nH]c5ccccc45)C3)C2)c1*Oc1ccccc1,0,CCCCCCC#Cc1cncc(N2CCC3(CN(C(=O)CCc4c[nH]c5ccccc45)C3)C2)c1,*Oc1ccccc1,,0.0000000,0.0000,1
1.3709,1.3709,-1.3709,0.0000000,C*c1c(C#CCCCCCC)cncc1N1CCC2(CN(C(=O)c3cc([N+](=O)[O-])cc([N+](=O)[O-])c3)C2)C1,0,CCCCCCC#Cc1cncc(N2CCC3(CN(C(=O)c4cc([N+](=O)[O-])cc([N+](=O)[O-])c4)C3)C2)c1,*C,,0.0000000,0.0000,1
1.9939,1.9939,-1.9939,0.0000000,CC*c1c(C#CCCCCCC)cncc1N1CCC2(CN(C(=O)c3cc([N+](=O)[O-])cc([N+](=O)[O-])c3)C2)C1,0,CCCCCCC#Cc1cncc(N2CCC3(CN(C(=O)c4cc([N+](=O)[O-])cc([N+](=O)[O-])c4)C3)C2)c1,*CC,,0.0000000,0.0000,1
2.3593,2.3593,-2.3593,0.0000000,CCC*c1c(C#CCCCCCC)cncc1N1CCC2(CN(C(=O)c3cc([N+](=O)[O-])cc([N+](=O)[O-])c3)C2)C1,0,CCCCCCC#Cc1cncc(N2CCC3(CN(C(=O)c4cc([N+](=O)[O-])cc([N+](=O)[O-])c4)C3)C2)c1,*CCC,,0.0000000,0.0000,1
2.6931,2.6931,-2.6931,0.0000000,CCCC*c1c(C#CCCCCCC)cncc1N1CCC2(CN(C(=O)c3cc([N+](=O)[O-])cc([N+](=O)[O-])c3)C2)C1,0,CCCCCCC#Cc1cncc(N2CCC3(CN(C(=O)c4cc([N+](=O)[O-])cc([N+](=O)[O-])c4)C3)C2)c1,*CCCC,,0.0000000,0.0000,1
7.5443,7.5443,-7.5443,0.0000000,C=CCCC*c1c(C#CCCCCCC)cncc1N1CCC2(CN(C(=O)c3cc([N+](=O)[O-])cc([N+](=O)[O-])c3)C2)C1,0,CCCCCCC#Cc1cncc(N2CCC3(CN(C(=O)c4cc([N+](=O)[O-])cc([N+](=O)[O-])c4)C3)C2)c1,*CCCC=C,,0.0000000,0.0000,1
2.9723,2.9723,-2.9723,0.0000000,CCCCC*c1c(C#CCCCCCC)cncc1N1CCC2(CN(C(=O)c3cc([N+](=O)[O-])cc([N+](=O)[O-])c3)C2)C1,0,CCCCCCC#Cc1cncc(N2CCC3(CN(C(=O)c4cc([N+](=O)[O-])cc([N+](=O)[O-])c4)C3)C2)c1,*CCCCC,,0.0000000,0.0000,1
3.2640,3.2640,-3.2640,0.0000000,CCCCCC*c1c(C#CCCCCCC)cncc1N1CCC2(CN(C(=O)c3cc([N+](=O)[O-])cc([N+](=O)[O-])c3)C2)C1,0,CCCCCCC#Cc1cncc(N2CCC3(CN(C(=O)c4cc([N+](=O)[O-])cc([N+](=O)[O-])c4)C3)C2)c1,*CCCCCC,,0.0000000,0.0000,1
3.6234,3.6234,-3.6234,0.0000000,CCCCCCC#Cc1cncc(N2CCC3(CN(C(=O)c4cc([N+](=O)[O-])cc([N+](=O)[O-])c4)C3)C2)c1*CCCCCCC,0,CCCCCCC#Cc1cncc(N2CCC3(CN(C(=O)c4cc([N+](=O)[O-])cc([N+](=O)[O-])c4)C3)C2)c1,*CCCCCCC,,0.0000000,0.0000,1
4.1835,4.1835,-4.1835,0.0000000,CCCCCCC#Cc1cncc(N2CCC3(CN(C(=O)c4cc([N+](=O)[O-])cc([N+](=O)[O-])c4)C3)C2)c1*CCCCCCCC,0,CCCCCCC#Cc1cncc(N2CCC3(CN(C(=O)c4cc([N+](=O)[O-])cc([N+](=O)[O-])c4)C3)C2)c1,*CCCCCCCC,,0.0000000,0.0000,1
20.0472,20.0472,-20.0472,0.0000000,CCCCCCC#Cc1cncc(N2CCC3(CN(C(=O)c4cc([N+](=O)[O-])cc([N+](=O)[O-])c4)C3)C2)c1*CCOc1cccc2c1NC(=O)CC2,0,CCCCCCC#Cc1cncc(N2CCC3(CN(C(=O)c4cc([N+](=O)[O-])cc([N+](=O)[O-])c4)C3)C2)c1,*CCOc1cccc2c1NC(=O)CC2,,0.0000000,0.0000,1
16.6214,16.6214,-16.6214,0.0000000,CCCCCCC#Cc1cncc(N2CCC3(CN(C(=O)c4cc([N+](=O)[O-])cc([N+](=O)[O-])c4)C3)C2)c1*C[C@H](O)C[C@@H]1CCC(=O)N1,0,CCCCCCC#Cc1cncc(N2CCC3(CN(C(=O)c4cc([N+](=O)[O-])cc([N+](=O)[O-])c4)C3)C2)c1,*C[C@H](O)C[C@@H]1CCC(=O)N1,,0.0000000,0.0000,1
4.4991,4.4991,-4.4991,0.0000000,CCCCCCC#Cc1cncc(N2CCC3(CN(C(=O)c4cc([N+](=O)[O-])cc([N+](=O)[O-])c4)C3)C2)c1*N,0,CCCCCCC#Cc1cncc(N2CCC3(CN(C(=O)c4cc([N+](=O)[O-])cc([N+](=O)[O-])c4)C3)C2)c1,*N,,0.0000000,0.0000,1
8.2902,8.2902,-8.2902,0.0000000,CCCCCCC#Cc1cncc(N2CCC3(CN(C(=O)c4cc([N+](=O)[O-])cc([N+](=O)[O-])c4)C3)C2)c1*N(CC)CC,0,CCCCCCC#Cc1cncc(N2CCC3(CN(C(=O)c4cc([N+](=O)[O-])cc([N+](=O)[O-])c4)C3)C2)c1,*N(CC)CC,,0.0000000,0.0000,1
12.1240,12.1240,-12.1240,0.0000000,CCCCCCC#Cc1cncc(N2CCC3(CN(C(=O)c4cc([N+](=O)[O-])cc([N+](=O)[O-])c4)C3)C2)c1*N1CCN(c2cc(=O)n(C3CCC(=O)NC3=O)c(=O)n2C)CC1,0,CCCCCCC#Cc1cncc(N2CCC3(CN(C(=O)c4cc([N+](=O)[O-])cc([N+](=O)[O-])c4)C3)C2)c1,*N1CCN(c2cc(=O)n(C3CCC(=O)NC3=O)c(=O)n2C)CC1,,0.0000000,0.0000,1
1.5640,1.5640,-1.5640,0.0000000,C*c1c(C#CCCCCCC)cncc1N1CCC2(CN(C(=O)c3cc4c(cc3[N+](=O)[O-])OCO4)C2)C1,0,CCCCCCC#Cc1cncc(N2CCC3(CN(C(=O)c4cc5c(cc4[N+](=O)[O-])OCO5)C3)C2)c1,*C,,0.0000000,0.0000,1
5.6275,5.6275,-5.6275,0.0000000,C#C*c1c(C#CCCCCCC)cncc1N1CCC2(CN(C(=O)c3cc4c(cc3[N+](=O)[O-])OCO4)C2)C1,0,CCCCCCC#Cc1cncc(N2CCC3(CN(C(=O)c4cc5c(cc4[N+](=O)[O-])OCO5)C3)C2)c1,*C#C,,0.0000000,0.0000,1
6.1327,6.1327,-6.1327,0.0000000,CCCCCCC#Cc1cncc(N2CCC3(CN(C(=O)c4cc5c(cc4[N+](=O)[O-])OCO5)C3)C2)c1*CBr,0,CCCCCCC#Cc1cncc(N2CCC3(CN(C(=O)c4cc5c(cc4[N+](=O)[O-])OCO5)C3)C2)c1,*CBr,,0.0000000,0.0000,1
2.2333,2.2333,-2.2333,0.0000000,CC*c1c(C#CCCCCCC)cncc1N1CCC2(CN(C(=O)c3cc4c(cc3[N+](=O)[O-])OCO4)C2)C1,0,CCCCCCC#Cc1cncc(N2CCC3(CN(C(=O)c4cc5c(cc4[N+](=O)[O-])OCO5)C3)C2)c1,*CC,,0.0000000,0.0000,1
11.1293,11.1293,-11.1293,0.0000000,CCCCCCC#Cc1cncc(N2CCC3(CN(C(=O)c4cc5c(cc4[N+](=O)[O-])OCO5)C3)C2)c1*CC(=O)NC12CC3CC(CC(C3)C1)C2,0,CCCCCCC#Cc1cncc(N2CCC3(CN(C(=O)c4cc5c(cc4[N+](=O)[O-])OCO5)C3)C2)c1,*CC(=O)NC12CC3CC(CC(C3)C1)C2,,0.0000000,0.0000,1
5.7414,5.7414,-5.7414,0.0000000,CCCCCCC#Cc1cncc(N2CCC3(CN(C(=O)c4cc5c(cc4[N+](=O)[O-])OCO5)C3)C2)c1*CC(=O)NO,0,CCCCCCC#Cc1cncc(N2CCC3(CN(C(=O)c4cc5c(cc4[N+](=O)[O-])OCO5)C3)C2)c1,*CC(=O)NO,,0.0000000,0.0000,1
2.6734,2.6734,-2.6734,0.0000000,CCC*c1c(C#CCCCCCC)cncc1N1CCC2(CN(C(=O)c3cc4c(cc3[N+](=O)[O-])OCO4)C2)C1,0,CCCCCCC#Cc1cncc(N2CCC3(CN(C(=O)c4cc5c(cc4[N+](=O)[O-])OCO5)C3)C2)c1,*CCC,,0.0000000,0.0000,1
8.8161,8.8161,-8.8161,0.0000000,CCCCCCC#Cc1cncc(N2CCC3(CN(C(=O)c4cc5c(cc4[N+](=O)[O-])OCO5)C3)C2)c1*CCC(=O)NCC,0,CCCCCCC#Cc1cncc(N2CCC3(CN(C(=O)c4cc5c(cc4[N+](=O)[O-])OCO5)C3)C2)c1,*CCC(=O)NCC,,0.0000000,0.0000,1
15.2644,15.2644,-15.2644,0.0000000,CCCCCCC#Cc1cncc(N2CCC3(CN(C(=O)c4cc5c(cc4[N+](=O)[O-])OCO5)C3)C2)c1*CCC1CC1N,0,CCCCCCC#Cc1cncc(N2CCC3(CN(C(=O)c4cc5c(cc4[N+](=O)[O-])OCO5)C3)C2)c1,*CCC1CC1N,,0.0000000,0.0000,1
11.7350,11.7350,-11.7350,0.0000000,CCCCCCC#Cc1cncc(N2CCC3(CN(C(=O)c4cc5c(cc4[N+](=O)[O-])OCO5)C3)C2)c1*CCCC(=O)N=O,0,CCCCCCC#Cc1cncc(N2CCC3(CN(C(=O)c4cc5c(cc4[N+](=O)[O-])OCO5)C3)C2)c1,*CCCC(=O)N=O,,0.0000000,0.0000,1
22.5757,22.5757,-22.5757,0.0000000,CCCCCCC#Cc1cncc(N2CCC3(CN(C(=O)c4cc5c(cc4[N+](=O)[O-])OCO5)C3)C2)c1*CCCCCC(=O)N1CCN2C(=O)c3cc(OC)ccc3NC(=O)[C@@H]2C1,0,CCCCCCC#Cc1cncc(N2CCC3(CN(C(=O)c4cc5c(cc4[N+](=O)[O-])OCO5)C3)C2)c1,*CCCCCC(=O)N1CCN2C(=O)c3cc(OC)ccc3NC(=O)[C@@H]2C1,,0.0000000,0.0000,1
8.4458,8.4458,-8.4458,0.0000000,CCCCCCC#Cc1cncc(N2CCC3(CN(C(=O)c4cc5c(cc4[N+](=O)[O-])OCO5)C3)C2)c1*CCC[C@H](C)O,0,CCCCCCC#Cc1cncc(N2CCC3(CN(C(=O)c4cc5c(cc4[N+](=O)[O-])OCO5)C3)C2)c1,*CCC[C@H](C)O,,0.0000000,0.0000,1
5.4606,5.4606,-5.4606,0.0000000,CCCCCCC#Cc1cncc(N2CCC3(CN(C(=O)c4cc5c(cc4[N+](=O)[O-])OCO5)C3)C2)c1*CCN,0,CCCCCCC#Cc1cncc(N2CCC3(CN(C(=O)c4cc5c(cc4[N+](=O)[O-])OCO5)C3)C2)c1,*CCN,,0.0000000,0.0000,1
9.4259,9.4259,-9.4259,0.0000000,CCCCCCC#Cc1cncc(N2CCC3(CN(C(=O)c4cc5c(cc4[N+](=O)[O-])OCO5)C3)C2)c1*CCN(C(=O)OC(C)(C)C)C(=O)OC(C)(C)C,0,CCCCCCC#Cc1cncc(N2CCC3(CN(C(=O)c4cc5c(cc4[N+](=O)[O-])OCO5)C3)C2)c1,*CCN(C(=O)OC(C)(C)C)C(=O)OC(C)(C)C,,0.0000000,0.0000,1
3.8596,3.8596,-3.8596,0.0000000,CCCCCCC#Cc1cncc(N2CCC3(CN(C(=O)c4cc5c(cc4[N+](=O)[O-])OCO5)C3)C2)c1*N,0,CCCCCCC#Cc1cncc(N2CCC3(CN(C(=O)c4cc5c(cc4[N+](=O)[O-])OCO5)C3)C2)c1,*N,,0.0000000,0.0000,1
5.2052,5.2052,-5.2052,0.0000000,CCCCCCC#Cc1cncc(N2CCC3(CN(C(=O)c4cc5c(cc4[N+](=O)[O-])OCO5)C3)C2)c1*N1C(=O)c2ccccc2C1=O,0,CCCCCCC#Cc1cncc(N2CCC3(CN(C(=O)c4cc5c(cc4[N+](=O)[O-])OCO5)C3)C2)c1,*N1C(=O)c2ccccc2C1=O,,0.0000000,0.0000,1
7.6422,7.6422,-7.6422,0.0000000,CCCCCCC#Cc1cncc(N2CCC3(CN(C(=O)c4cc5c(cc4[N+](=O)[O-])OCO5)C3)C2)c1*NC1CC1,0,CCCCCCC#Cc1cncc(N2CCC3(CN(C(=O)c4cc5c(cc4[N+](=O)[O-])OCO5)C3)C2)c1,*NC1CC1,,0.0000000,0.0000,1
18.8742,18.8742,-18.8742,0.0000000,CCCCCCC#Cc1cncc(N2CCC3(CN(C(=O)c4cc5c(cc4[N+](=O)[O-])OCO5)C3)C2)c1*O[C@H](C)[C@H](CC(C)C)NC(=O)O,0,CCCCCCC#Cc1cncc(N2CCC3(CN(C(=O)c4cc5c(cc4[N+](=O)[O-])OCO5)C3)C2)c1,*O[C@H](C)[C@H](CC(C)C)NC(=O)O,,0.0000000,0.0000,1
14.7276,14.7276,-14.7276,0.0000000,CCCCCCC#Cc1cncc(N2CCC3(CN(C(=O)c4cc5c(cc4[N+](=O)[O-])OCO5)C3)C2)c1*Oc1ccc2c(c1)CN(C)C2=O,0,CCCCCCC#Cc1cncc(N2CCC3(CN(C(=O)c4cc5c(cc4[N+](=O)[O-])OCO5)C3)C2)c1,*Oc1ccc2c(c1)CN(C)C2=O,,0.0000000,0.0000,1
1.6104,1.6104,-1.6104,0.0000000,C*c1c(C#CCCCCCC)cncc1N1CCC2(CN(C(=O)c3ccc4c(c3)OCO4)C2)C1,0,CCCCCCC#Cc1cncc(N2CCC3(CN(C(=O)c4ccc5c(c4)OCO5)C3)C2)c1,*C,,0.0000000,0.0000,1
11.0482,11.0482,-11.0482,0.0000000,CCCCCCC#Cc1cncc(N2CCC3(CN(C(=O)c4ccc5c(c4)OCO5)C3)C2)c1*C(C)CC(=O)O,0,CCCCCCC#Cc1cncc(N2CCC3(CN(C(=O)c4ccc5c(c4)OCO5)C3)C2)c1,*C(C)CC(=O)O,,0.0000000,0.0000,1
6.3097,6.3097,-6.3097,0.0000000,CCCCCCC#Cc1cncc(N2CCC3(CN(C(=O)c4ccc5c(c4)OCO5)C3)C2)c1*CBr,0,CCCCCCC#Cc1cncc(N2CCC3(CN(C(=O)c4ccc5c(c4)OCO5)C3)C2)c1,*CBr,,0.0000000,0.0000,1
6.9796,6.9796,-6.9796,0.0000000,CCCCCCC#Cc1cncc(N2CCC3(CN(C(=O)c4ccc5c(c4)OCO5)C3)C2)c1*CC#Cc1cccc2c1CN(C1CCC(=O)NC1=O)C2=O,0,CCCCCCC#Cc1cncc(N2CCC3(CN(C(=O)c4ccc5c(c4)OCO5)C3)C2)c1,*CC#Cc1cccc2c1CN(C1CCC(=O)NC1=O)C2=O,,0.0000000,0.0000,1
10.4198,10.4198,-10.4198,0.0000000,C#CCNC(=O)C*c1c(C#CCCCCCC)cncc1N1CCC2(CN(C(=O)c3ccc4c(c3)OCO4)C2)C1,0,CCCCCCC#Cc1cncc(N2CCC3(CN(C(=O)c4ccc5c(c4)OCO5)C3)C2)c1,*CC(=O)NCC#C,,0.0000000,0.0000,1
2.9310,2.9310,-2.9310,0.0000000,CCC*c1c(C#CCCCCCC)cncc1N1CCC2(CN(C(=O)c3ccc4c(c3)OCO4)C2)C1,0,CCCCCCC#Cc1cncc(N2CCC3(CN(C(=O)c4ccc5c(c4)OCO5)C3)C2)c1,*CCC,,0.0000000,0.0000,1
7.0265,7.0265,-7.0265,0.0000000,CCCCCCC#Cc1cncc(N2CCC3(CN(C(=O)c4ccc5c(c4)OCO5)C3)C2)c1*CCC(=O)N[C@H](C(=O)N1C[C@H](O)C[C@H]1C(=O)N[C@@H](C)c1ccc(-c2scnc2C)cc1)C(C)(C)C,0,CCCCCCC#Cc1cncc(N2CCC3(CN(C(=O)c4ccc5c(c4)OCO5)C3)C2)c1,*CCC(=O)N[C@H](C(=O)N1C[C@H](O)C[C@H]1C(=O)N[C@@H](C)c1ccc(-c2scnc2C)cc1)C(C)(C)C,,0.0000000,0.0000,1
3.4240,3.4240,-3.4240,0.0000000,CCCC*c1c(C#CCCCCCC)cncc1N1CCC2(CN(C(=O)c3ccc4c(c3)OCO4)C2)C1,0,CCCCCCC#Cc1cncc(N2CCC3(CN(C(=O)c4ccc5c(c4)OCO5)C3)C2)c1,*CCCC,,0.0000000,0.0000,1
6.2287,6.2287,-6.2287,0.0000000,CCCCCCC#Cc1cncc(N2CCC3(CN(C(=O)c4ccc5c(c4)OCO5)C3)C2)c1*CCCN,0,CCCCCCC#Cc1cncc(N2CCC3(CN(C(=O)c4ccc5c(c4)OCO5)C3)C2)c1,*CCCN,,0.0000000,0.0000,1
12.9854,12.9854,-12.9854,0.0000000,CCCCCCC#Cc1cncc(N2CCC3(CN(C(=O)c4ccc5c(c4)OCO5)C3)C2)c1*CCN1CCN(c2ncccn2)CC1,0,CCCCCCC#Cc1cncc(N2CCC3(CN(C(=O)c4ccc5c(c4)OCO5)C3)C2)c1,*CCN1CCN(c2ncccn2)CC1,,0.0000000,0.0000,1
13.7766,13.7766,-13.7766,0.0000000,CCCCCCC#Cc1cncc(N2CCC3(CN(C(=O)c4ccc5c(c4)OCO5)C3)C2)c1*CCS(=O)(=O)c1ccccc1[N+](=O)[O-],0,CCCCCCC#Cc1cncc(N2CCC3(CN(C(=O)c4ccc5c(c4)OCO5)C3)C2)c1,*CCS(=O)(=O)c1ccccc1[N+](=O)[O-],,0.0000000,0.0000,1
22.6272,22.6272,-22.6272,0.0000000,C/C=C(/S)c1ccc([C@H](C)NC(=O)[C@@H]2C[C@@H](O)CN2C(=O)[C@@H](CC*c2c(C#CCCCCCC)cncc2N2CCC3(CN(C(=O)c4ccc5c(c4)OCO5)C3)C2)C(C)(C)C)cc1,0,CCCCCCC#Cc1cncc(N2CCC3(CN(C(=O)c4ccc5c(c4)OCO5)C3)C2)c1,*CC[C@H](C(=O)N1C[C@H](O)C[C@H]1C(=O)N[C@@H](C)c1ccc(/C(S)=C\C)cc1)C(C)(C)C,,0.0000000,0.0000,1
5.0704,5.0704,-5.0704,0.0000000,CCCCCCC#Cc1cncc(N2CCC3(CN(C(=O)c4ccc5c(c4)OCO5)C3)C2)c1*N1C(=O)c2ccccc2C1=O,0,CCCCCCC#Cc1cncc(N2CCC3(CN(C(=O)c4ccc5c(c4)OCO5)C3)C2)c1,*N1C(=O)c2ccccc2C1=O,,0.0000000,0.0000,1
6.3227,6.3227,-6.3227,0.0000000,CCCCCCC#Cc1cncc(N2CCC3(CN(C(=O)c4ccc5c(c4)OCO5)C3)C2)c1*N1CCC2(CC1)CN(c1ccc3c(c1)C(=O)N(C1CCC(=O)NC1=O)C3=O)C2,0,CCCCCCC#Cc1cncc(N2CCC3(CN(C(=O)c4ccc5c(c4)OCO5)C3)C2)c1,*N1CCC2(CC1)CN(c1ccc3c(c1)C(=O)N(C1CCC(=O)NC1=O)C3=O)C2,,0.0000000,0.0000,1
13.5046,13.5046,-13.5046,0.0000000,CCCCCCC#Cc1cncc(N2CCC3(CN(C(=O)c4ccc5c(c4)OCO5)C3)C2)c1*N1CCN(C(=O)c2cnc[nH]2)CC1,0,CCCCCCC#Cc1cncc(N2CCC3(CN(C(=O)c4ccc5c(c4)OCO5)C3)C2)c1,*N1CCN(C(=O)c2cnc[nH]2)CC1,,0.0000000,0.0000,1
10.9301,10.9301,-10.9301,0.0000000,CCCCCCC#Cc1cncc(N2CCC3(CN(C(=O)c4ccc5c(c4)OCO5)C3)C2)c1*N1CCN(c2ccc(C(=O)N(C)C3CCC(=O)NC3=O)c(Cl)c2)CC1,0,CCCCCCC#Cc1cncc(N2CCC3(CN(C(=O)c4ccc5c(c4)OCO5)C3)C2)c1,*N1CCN(c2ccc(C(=O)N(C)C3CCC(=O)NC3=O)c(Cl)c2)CC1,,0.0000000,0.0000,1
5.3478,5.3478,-5.3478,0.0000000,CCCCCCC#Cc1cncc(N2CCC3(CN(C(=O)c4ccc5c(c4)OCO5)C3)C2)c1*NC,0,CCCCCCC#Cc1cncc(N2CCC3(CN(C(=O)c4ccc5c(c4)OCO5)C3)C2)c1,*NC,,0.0000000,0.0000,1
7.1071,7.1071,-7.1071,0.0000000,CCCCCCC#Cc1cncc(N2CCC3(CN(C(=O)c4ccc5c(c4)OCO5)C3)C2)c1*OCC,0,CCCCCCC#Cc1cncc(N2CCC3(CN(C(=O)c4ccc5c(c4)OCO5)C3)C2)c1,*OCC,,0.0000000,0.0000,1
6.7694,6.7694,-6.7694,0.0000000,CCCCCCC#Cc1cncc(N2CCC3(CN(C(=O)c4ccc5c(c4)OCO5)C3)C2)c1*OCC(=O)N[C@H](C(=O)N1C[C@H](O)C[C@H]1C(=O)NCc1ccc(-c2scnc2C)cc1)C(C)(C)C,0,CCCCCCC#Cc1cncc(N2CCC3(CN(C(=O)c4ccc5c(c4)OCO5)C3)C2)c1,*OCC(=O)N[C@H](C(=O)N1C[C@H](O)C[C@H]1C(=O)NCc1ccc(-c2scnc2C)cc1)C(C)(C)C,,0.0000000,0.0000,1
20.1732,20.1732,-20.1732,0.0000000,CCCCCCC#Cc1cncc(N2CCC3(CN(C(=O)c4ccc5c(c4)OCO5)C3)C2)c1*OCCN1CCC(n2c(=O)n(CC)c3ccccc32)CC1,0,CCCCCCC#Cc1cncc(N2CCC3(CN(C(=O)c4ccc5c(c4)OCO5)C3)C2)c1,*OCCN1CCC(n2c(=O)n(CC)c3ccccc32)CC1,,0.0000000,0.0000,1
17.9473,17.9473,-17.9473,0.0000000,CCCCCCC#Cc1cncc(N2CCC3(CN(C(=O)c4ccc5c(c4)OCO5)C3)C2)c1*Oc1ccc(CO)c(S(N)(=O)=O)c1,0,CCCCCCC#Cc1cncc(N2CCC3(CN(C(=O)c4ccc5c(c4)OCO5)C3)C2)c1,*Oc1ccc(CO)c(S(N)(=O)=O)c1,,0.0000000,0.0000,1
7.2349,7.2349,-7.2349,0.0000000,CCCCCCC#Cc1cncc(N2CCC3(CN(C(=O)c4ccc5c(c4)OCO5)C3)C2)c1*c1ccc2c(c1)CN(C1CCC(=O)NC1=O)C2=O,0,CCCCCCC#Cc1cncc(N2CCC3(CN(C(=O)c4ccc5c(c4)OCO5)C3)C2)c1,*c1ccc2c(c1)CN(C1CCC(=O)NC1=O)C2=O,,0.0000000,0.0000,1
1.3994,1.3994,-1.3994,0.0000000,C*c1c(C#CCCCCCC)cncc1N1CCC2(CN(Cc3cc([N+](=O)[O-])cc([N+](=O)[O-])c3)C2)C1,0,CCCCCCC#Cc1cncc(N2CCC3(CN(Cc4cc([N+](=O)[O-])cc([N+](=O)[O-])c4)C3)C2)c1,*C,,0.0000000,0.0000,1
6.6289,6.6289,-6.6289,0.0000000,CCCCCCC#Cc1cncc(N2CCC3(CN(Cc4cc([N+](=O)[O-])cc([N+](=O)[O-])c4)C3)C2)c1*C#Cc1cccc2c1CN(C1CCC(=O)NC1=O)C2=O,0,CCCCCCC#Cc1cncc(N2CCC3(CN(Cc4cc([N+](=O)[O-])cc([N+](=O)[O-])c4)C3)C2)c1,*C#Cc1cccc2c1CN(C1CCC(=O)NC1=O)C2=O,,0.0000000,0.0000,1
2.0432,2.0432,-2.0432,0.0000000,CC*c1c(C#CCCCCCC)cncc1N1CCC2(CN(Cc3cc([N+](=O)[O-])cc([N+](=O)[O-])c3)C2)C1,0,CCCCCCC#Cc1cncc(N2CCC3(CN(Cc4cc([N+](=O)[O-])cc([N+](=O)[O-])c4)C3)C2)c1,*CC,,0.0000000,0.0000,1
8.0384,8.0384,-8.0384,0.0000000,CCCCCCC#Cc1cncc(N2CCC3(CN(Cc4cc([N+](=O)[O-])cc([N+](=O)[O-])c4)C3)C2)c1*CC(=O)NC(C(=O)N1C[C@H](O)C[C@H]1C(=O)NCc1ccc(-c2scnc2C)cc1)C(C)(C)C,0,CCCCCCC#Cc1cncc(N2CCC3(CN(Cc4cc([N+](=O)[O-])cc([N+](=O)[O-])c4)C3)C2)c1,*CC(=O)NC(C(=O)N1C[C@H](O)C[C@H]1C(=O)NCc1ccc(-c2scnc2C)cc1)C(C)(C)C,,0.0000000,0.0000,1
17.3779,17.3779,-17.3779,0.0000000,CCCCCCC#Cc1cncc(N2CCC3(CN(Cc4cc([N+](=O)[O-])cc([N+](=O)[O-])c4)C3)C2)c1*CC(=O)N[C@@H](C)C(O)N1C[C@H](O)C[C@H]1C(=O)N[C@@H](C)c1ccc(-c2scnc2C)cc1,0,CCCCCCC#Cc1cncc(N2CCC3(CN(Cc4cc([N+](=O)[O-])cc([N+](=O)[O-])c4)C3)C2)c1,*CC(=O)N[C@@H](C)C(O)N1C[C@H](O)C[C@H]1C(=O)N[C@@H](C)c1ccc(-c2scnc2C)cc1,,0.0000000,0.0000,1
4.1825,4.1825,-4.1825,0.0000000,CCCCCCC#Cc1cncc(N2CCC3(CN(Cc4cc([N+](=O)[O-])cc([N+](=O)[O-])c4)C3)C2)c1*CC(=O)O,0,CCCCCCC#Cc1cncc(N2CCC3(CN(Cc4cc([N+](=O)[O-])cc([N+](=O)[O-])c4)C3)C2)c1,*CC(=O)O,,0.0000000,0.0000,1
6.8605,6.8605,-6.8605,0.0000000,CCCCCCC#Cc1cncc(N2CCC3(CN(Cc4cc([N+](=O)[O-])cc([N+](=O)[O-])c4)C3)C2)c1*CC(C)C,0,CCCCCCC#Cc1cncc(N2CCC3(CN(Cc4cc([N+](=O)[O-])cc([N+](=O)[O-])c4)C3)C2)c1,*CC(C)C,,0.0000000,0.0000,1
2.4470,2.4470,-2.4470,0.0000000,CCC*c1c(C#CCCCCCC)cncc1N1CCC2(CN(Cc3cc([N+](=O)[O-])cc([N+](=O)[O-])c3)C2)C1,0,CCCCCCC#Cc1cncc(N2CCC3(CN(Cc4cc([N+](=O)[O-])cc([N+](=O)[O-])c4)C3)C2)c1,*CCC,,0.0000000,0.0000,1
2.8252,2.8252,-2.8252,0.0000000,CCCC*c1c(C#CCCCCCC)cncc1N1CCC2(CN(Cc3cc([N+](=O)[O-])cc([N+](=O)[O-])c3)C2)C1,0,CCCCCCC#Cc1cncc(N2CCC3(CN(Cc4cc([N+](=O)[O-])cc([N+](=O)[O-])c4)C3)C2)c1,*CCCC,,0.0000000,0.0000,1
3.2216,3.2216,-3.2216,0.0000000,CCCCC*c1c(C#CCCCCCC)cncc1N1CCC2(CN(Cc3cc([N+](=O)[O-])cc([N+](=O)[O-])c3)C2)C1,0,CCCCCCC#Cc1cncc(N2CCC3(CN(Cc4cc([N+](=O)[O-])cc([N+](=O)[O-])c4)C3)C2)c1,*CCCCC,,0.0000000,0.0000,1
3.6172,3.6172,-3.6172,0.0000000,CCCCCC*c1c(C#CCCCCCC)cncc1N1CCC2(CN(Cc3cc([N+](=O)[O-])cc([N+](=O)[O-])c3)C2)C1,0,CCCCCCC#Cc1cncc(N2CCC3(CN(Cc4cc([N+](=O)[O-])cc([N+](=O)[O-])c4)C3)C2)c1,*CCCCCC,,0.0000000,0.0000,1
4.9491,4.9491,-4.9491,0.0000000,CCCCCCC#Cc1cncc(N2CCC3(CN(Cc4cc([N+](=O)[O-])cc([N+](=O)[O-])c4)C3)C2)c1*CCCCCCCC,0,CCCCCCC#Cc1cncc(N2CCC3(CN(Cc4cc([N+](=O)[O-])cc([N+](=O)[O-])c4)C3)C2)c1,*CCCCCCCC,,0.0000000,0.0000,1
9.7938,9.7938,-9.7938,0.0000000,CCCCCCC#Cc1cncc(N2CCC3(CN(Cc4cc([N+](=O)[O-])cc([N+](=O)[O-])c4)C3)C2)c1*CCCN1CCN(c2ccc3c(c2)C(=O)N(C2CCC(=O)NC2=O)C3=O)CC1,0,CCCCCCC#Cc1cncc(N2CCC3(CN(Cc4cc([N+](=O)[O-])cc([N+](=O)[O-])c4)C3)C2)c1,*CCCN1CCN(c2ccc3c(c2)C(=O)N(C2CCC(=O)NC2=O)C3=O)CC1,,0.0000000,0.0000,1
6.1133,6.1133,-6.1133,0.0000000,CCCCCCC#Cc1cncc(N2CCC3(CN(Cc4cc([N+](=O)[O-])cc([N+](=O)[O-])c4)C3)C2)c1*N1C(=O)c2ccccc2C1=O,0,CCCCCCC#Cc1cncc(N2CCC3(CN(Cc4cc([N+](=O)[O-])cc([N+](=O)[O-])c4)C3)C2)c1,*N1C(=O)c2ccccc2C1=O,,0.0000000,0.0000,1
7.2744,7.2744,-7.2744,0.0000000,CCCCCCC#Cc1cncc(N2CCC3(CN(Cc4cc([N+](=O)[O-])cc([N+](=O)[O-])c4)C3)C2)c1*N1CCOCC1,0,CCCCCCC#Cc1cncc(N2CCC3(CN(Cc4cc([N+](=O)[O-])cc([N+](=O)[O-])c4)C3)C2)c1,*N1CCOCC1,,0.0000000,0.0000,1
6.0049,6.0049,-6.0049,0.0000000,CCCCCCC#Cc1cncc(N2CCC3(CN(Cc4cc([N+](=O)[O-])cc([N+](=O)[O-])c4)C3)C2)c1*OC1CCCCO1,0,CCCCCCC#Cc1cncc(N2CCC3(CN(Cc4cc([N+](=O)[O-])cc([N+](=O)[O-])c4)C3)C2)c1,*OC1CCCCO1,,0.0000000,0.0000,1
2.8683,2.8683,-2.8683,0.0000000,C*C1C(OCCCCCC)CN1c1cncc(N2CCC3(CN(C(=O)OC(C)(C)C)C3)C2)c1,0,CCCCCCOC1CN(c2cncc(N3CCC4(CN(C(=O)OC(C)(C)C)C4)C3)c2)C1,*C,,0.0000000,0.0000,1
5.3925,5.3925,-5.3925,0.0000000,CCCCCCOC1CN(c2cncc(N3CCC4(CN(C(=O)OC(C)(C)C)C4)C3)c2)C1*C(C)C,0,CCCCCCOC1CN(c2cncc(N3CCC4(CN(C(=O)OC(C)(C)C)C4)C3)c2)C1,*C(C)C,,0.0000000,0.0000,1
5.6764,5.6764,-5.6764,0.0000000,CCCCCCOC1CN(c2cncc(N3CCC4(CN(C(=O)OC(C)(C)C)C4)C3)c2)C1*CC(=O)OC,0,CCCCCCOC1CN(c2cncc(N3CCC4(CN(C(=O)OC(C)(C)C)C4)C3)c2)C1,*CC(=O)OC,,0.0000000,0.0000,1
5.3798,5.3798,-5.3798,0.0000000,CCCCCC*C1C(OCCCCCC)CN1c1cncc(N2CCC3(CN(C(=O)OC(C)(C)C)C3)C2)c1,0,CCCCCCOC1CN(c2cncc(N3CCC4(CN(C(=O)OC(C)(C)C)C4)C3)c2)C1,*CCCCCC,,0.0000000,0.0000,1
5.7710,5.7710,-5.7710,0.0000000,CCCCCCCC*C1C(OCCCCCC)CN1c1cncc(N2CCC3(CN(C(=O)OC(C)(C)C)C3)C2)c1,0,CCCCCCOC1CN(c2cncc(N3CCC4(CN(C(=O)OC(C)(C)C)C4)C3)c2)C1,*CCCCCCCC,,0.0000000,0.0000,1
6.3741,6.3741,-6.3741,0.0000000,CCCCCCCCC*C1C(OCCCCCC)CN1c1cncc(N2CCC3(CN(C(=O)OC(C)(C)C)C3)C2)c1,0,CCCCCCOC1CN(c2cncc(N3CCC4(CN(C(=O)OC(C)(C)C)C4)C3)c2)C1,*CCCCCCCCC,,0.0000000,0.0000,1
11.7443,11.7443,-11.7443,0.0000000,CCCCCCOC1CN(c2cncc(N3CCC4(CN(C(=O)OC(C)(C)C)C4)C3)c2)C1*CCN(C)C1CCCCC1,0,CCCCCCOC1CN(c2cncc(N3CCC4(CN(C(=O)OC(C)(C)C)C4)C3)c2)C1,*CCN(C)C1CCCCC1,,0.0000000,0.0000,1
27.4765,27.4765,-27.4765,0.0000000,CCCCCCOC1CN(c2cncc(N3CCC4(CN(C(=O)OC(C)(C)C)C4)C3)c2)C1*CCNCC(O)c1cc(CO)c(CO)c(N[S+]([O-])c2ccc(N)cc2)c1,0,CCCCCCOC1CN(c2cncc(N3CCC4(CN(C(=O)OC(C)(C)C)C4)C3)c2)C1,*CCNCC(O)c1cc(CO)c(CO)c(N[S+]([O-])c2ccc(N)cc2)c1,,0.0000000,0.0000,1
5.5258,5.5258,-5.5258,0.0000000,CCCCCCOC1CN(c2cncc(N3CCC4(CN(C(=O)OC(C)(C)C)C4)C3)c2)C1*CCO,0,CCCCCCOC1CN(c2cncc(N3CCC4(CN(C(=O)OC(C)(C)C)C4)C3)c2)C1,*CCO,,0.0000000,0.0000,1
17.7836,17.7836,-17.7836,0.0000000,CCCCCCOC1CN(c2cncc(N3CCC4(CN(C(=O)OC(C)(C)C)C4)C3)c2)C1*CCOC(=O)c1c(C)cc(OC)cc1C,0,CCCCCCOC1CN(c2cncc(N3CCC4(CN(C(=O)OC(C)(C)C)C4)C3)c2)C1,*CCOC(=O)c1c(C)cc(OC)cc1C,,0.0000000,0.0000,1
23.4754,23.4754,-23.4754,0.0000000,CCCCCCOC1CN(c2cncc(N3CCC4(CN(C(=O)OC(C)(C)C)C4)C3)c2)C1*CC[nH]c(=O)c(C(F)F)c1ccc(F)cc1F,0,CCCCCCOC1CN(c2cncc(N3CCC4(CN(C(=O)OC(C)(C)C)C4)C3)c2)C1,*CC[nH]c(=O)c(C(F)F)c1ccc(F)cc1F,,0.0000000,0.0000,1
12.3885,12.3885,-12.3885,0.0000000,CCCCCCOC1CN(c2cncc(N3CCC4(CN(C(=O)OC(C)(C)C)C4)C3)c2)C1*Cc1ccc(N2C(=S)N(c3ccc(C#N)c(C(F)(F)F)c3)C(=O)C2(C)C)cc1,0,CCCCCCOC1CN(c2cncc(N3CCC4(CN(C(=O)OC(C)(C)C)C4)C3)c2)C1,*Cc1ccc(N2C(=S)N(c3ccc(C#N)c(C(F)(F)F)c3)C(=O)C2(C)C)cc1,,0.0000000,0.0000,1
14.8399,14.8399,-14.8399,0.0000000,CCCCCCOC1CN(c2cncc(N3CCC4(CN(C(=O)OC(C)(C)C)C4)C3)c2)C1*Cn1c(O)cc(SC)c1O,0,CCCCCCOC1CN(c2cncc(N3CCC4(CN(C(=O)OC(C)(C)C)C4)C3)c2)C1,*Cn1c(O)cc(SC)c1O,,0.0000000,0.0000,1
10.7294,10.7294,-10.7294,0.0000000,CCCCCCOC1CN(c2cncc(N3CCC4(CN(C(=O)OC(C)(C)C)C4)C3)c2)C1*Cn1cc(-c2cnc(N)c(O[C@H](C)c3c(Cl)ccc(F)c3Cl)c2)cn1,0,CCCCCCOC1CN(c2cncc(N3CCC4(CN(C(=O)OC(C)(C)C)C4)C3)c2)C1,*Cn1cc(-c2cnc(N)c(O[C@H](C)c3c(Cl)ccc(F)c3Cl)c2)cn1,,0.0000000,0.0000,1
5.2837,5.2837,-5.2837,0.0000000,CCCCCCOC1CN(c2cncc(N3CCC4(CN(C(=O)OC(C)(C)C)C4)C3)c2)C1*NC,0,CCCCCCOC1CN(c2cncc(N3CCC4(CN(C(=O)OC(C)(C)C)C4)C3)c2)C1,*NC,,0.0000000,0.0000,1
13.0709,13.0709,-13.0709,0.0000000,CCCCCCOC1CN(c2cncc(N3CCC4(CN(C(=O)OC(C)(C)C)C4)C3)c2)C1*NCC[C@H](O)c1ccc(O)c2[nH]c(=O)sc12,0,CCCCCCOC1CN(c2cncc(N3CCC4(CN(C(=O)OC(C)(C)C)C4)C3)c2)C1,*NCC[C@H](O)c1ccc(O)c2[nH]c(=O)sc12,,0.0000000,0.0000,1
3.4484,3.4484,-3.4484,0.0000000,CCCCCCOC1CN(c2cncc(N3CCC4(CN(C(=O)OC(C)(C)C)C4)C3)c2)C1*Nc1ccc2c(c1)C(=O)N(C1CCC(=O)NC1=O)C2=O,0,CCCCCCOC1CN(c2cncc(N3CCC4(CN(C(=O)OC(C)(C)C)C4)C3)c2)C1,*Nc1ccc2c(c1)C(=O)N(C1CCC(=O)NC1=O)C2=O,,0.0000000,0.0000,1
8.0525,8.0525,-8.0525,0.0000000,CCCCCCOC1CN(c2cncc(N3CCC4(CN(C(=O)OC(C)(C)C)C4)C3)c2)C1*Nc1ccc2c(c1)C(O)N(C1CCC(=O)NC1=O)C2=O,0,CCCCCCOC1CN(c2cncc(N3CCC4(CN(C(=O)OC(C)(C)C)C4)C3)c2)C1,*Nc1ccc2c(c1)C(O)N(C1CCC(=O)NC1=O)C2=O,,0.0000000,0.0000,1
6.2413,6.2413,-6.2413,0.0000000,CCCCCCOC1CN(c2cncc(N3CCC4(CN(C(=O)OC(C)(C)C)C4)C3)c2)C1*OC(C)(C)C,0,CCCCCCOC1CN(c2cncc(N3CCC4(CN(C(=O)OC(C)(C)C)C4)C3)c2)C1,*OC(C)(C)C,,0.0000000,0.0000,1
8.3675,8.3675,-8.3675,0.0000000,CCCCCCOC1CN(c2cncc(N3CCC4(CN(C(=O)OC(C)(C)C)C4)C3)c2)C1*OC1CCC(C(C(N)=O)(c2ccccc2)c2ccccc2)CC1,0,CCCCCCOC1CN(c2cncc(N3CCC4(CN(C(=O)OC(C)(C)C)C4)C3)c2)C1,*OC1CCC(C(C(N)=O)(c2ccccc2)c2ccccc2)CC1,,0.0000000,0.0000,1
12.4815,12.4815,-12.4815,0.0000000,CCCCCCOC1CN(c2cncc(N3CCC4(CN(C(=O)OC(C)(C)C)C4)C3)c2)C1*OCCC(=O)N(C)C(C(=O)N[C@H]1Cc2cc(O)cc(c2)-c2ccc3c(c2)c(c(-c2cccnc2[C@H](C)OC)n3CC)CC(C)(C)COC(=O)[C@@H]2CCCN(N2)C1=O)C(C)C,0,CCCCCCOC1CN(c2cncc(N3CCC4(CN(C(=O)OC(C)(C)C)C4)C3)c2)C1,*OCCC(=O)N(C)C(C(=O)N[C@H]1Cc2cc(O)cc(c2)-c2ccc3c(c2)c(c(-c2cccnc2[C@H](C)OC)n3CC)CC(C)(C)COC(=O)[C@@H]2CCCN(N2)C1=O)C(C)C,,0.0000000,0.0000,1
6.2388,6.2388,-6.2388,0.0000000,CCCCCCOC1CN(c2cncc(N3CCC4(CN(C(=O)OC(C)(C)C)C4)C3)c2)C1*OCCC(=O)OC(C)(C)C,0,CCCCCCOC1CN(c2cncc(N3CCC4(CN(C(=O)OC(C)(C)C)C4)C3)c2)C1,*OCCC(=O)OC(C)(C)C,,0.0000000,0.0000,1
7.9619,7.9619,-7.9619,0.0000000,CCCCCCOC1CN(c2cncc(N3CCC4(CN(C(=O)OC(C)(C)C)C4)C3)c2)C1*OCCC(=O)OCC,0,CCCCCCOC1CN(c2cncc(N3CCC4(CN(C(=O)OC(C)(C)C)C4)C3)c2)C1,*OCCC(=O)OCC,,0.0000000,0.0000,1
2.5927,2.5927,-2.5927,0.0000000,CCCCCCOC1CN(c2cncc(N3CCC4(CN(C(=O)OC(C)(C)C)C4)C3)c2)C1*Oc1ccc2c(c1)C(=O)N(C1CCC(=O)NC1=O)C2=O,0,CCCCCCOC1CN(c2cncc(N3CCC4(CN(C(=O)OC(C)(C)C)C4)C3)c2)C1,*Oc1ccc2c(c1)C(=O)N(C1CCC(=O)NC1=O)C2=O,,0.0000000,0.0000,1
3.8707,3.8707,-3.8707,0.0000000,CCCCCCOC1CN(c2cncc(N3CCC4(CN(C(=O)OC(C)(C)C)C4)C3)c2)C1*Oc1ccc2c(c1)CN(C1CCC(=O)NC1=O)C2=O,0,CCCCCCOC1CN(c2cncc(N3CCC4(CN(C(=O)OC(C)(C)C)C4)C3)c2)C1,*Oc1ccc2c(c1)CN(C1CCC(=O)NC1=O)C2=O,,0.0000000,0.0000,1
4.1022,4.1022,-4.1022,0.0000000,CCCCCCOC1CN(c2cncc(N3CCC4(CN(C(=O)OC(C)(C)C)C4)C3)c2)C1*c1ccc2c(c1)n(C)c(=O)n2C1CCC(=O)NC1=O,0,CCCCCCOC1CN(c2cncc(N3CCC4(CN(C(=O)OC(C)(C)C)C4)C3)c2)C1,*c1ccc2c(c1)n(C)c(=O)n2C1CCC(=O)NC1=O,,0.0000000,0.0000,1
5.9608,5.9608,-5.9608,0.0000000,CCCCCCOC1CN(c2cncc(N3CCC4(CN(C(=O)OC(C)(C)C)C4)C3)c2)C1*c1cccc2c1C(=O)N(C1CCC(=O)NC1=O)C2=O,0,CCCCCCOC1CN(c2cncc(N3CCC4(CN(C(=O)OC(C)(C)C)C4)C3)c2)C1,*c1cccc2c1C(=O)N(C1CCC(=O)NC1=O)C2=O,,0.0000000,0.0000,1
1.4150,1.4150,-1.4150,0.0000000,O=C(c1cc([N+](=O)[O-])cc([N+](=O)[O-])c1)N1CC2(CCN(c3cncc(C#Cc4ccccc4)c3)C2)C1*C(=O)C(F)(F)F,0,O=C(c1cc([N+](=O)[O-])cc([N+](=O)[O-])c1)N1CC2(CCN(c3cncc(C#Cc4ccccc4)c3)C2)C1,*C(=O)C(F)(F)F,,0.0000000,0.0000,1
3.4789,3.4789,-3.4789,0.0000000,O=C(O)*C1N(C(=O)c2cc([N+](=O)[O-])cc([N+](=O)[O-])c2)CC12CCN(c1cncc(C#Cc3ccccc3)c1)C2,0,O=C(c1cc([N+](=O)[O-])cc([N+](=O)[O-])c1)N1CC2(CCN(c3cncc(C#Cc4ccccc4)c3)C2)C1,*C(=O)O,,0.0000000,0.0000,1
4.8546,4.8546,-4.8546,0.0000000,COC(=O)*C1N(C(=O)c2cc([N+](=O)[O-])cc([N+](=O)[O-])c2)CC12CCN(c1cncc(C#Cc3ccccc3)c1)C2,0,O=C(c1cc([N+](=O)[O-])cc([N+](=O)[O-])c1)N1CC2(CCN(c3cncc(C#Cc4ccccc4)c3)C2)C1,*C(=O)OC,,0.0000000,0.0000,1
12.5472,12.5472,-12.5472,0.0000000,O=C(*C1N(C(=O)c2cc([N+](=O)[O-])cc([N+](=O)[O-])c2)CC12CCN(c1cncc(C#Cc3ccccc3)c1)C2)OC(=O)OC(c1cncc(C#Cc2ccccc2)c1)c1cncc(C#Cc2ccccc2)c1,0,O=C(c1cc([N+](=O)[O-])cc([N+](=O)[O-])c1)N1CC2(CCN(c3cncc(C#Cc4ccccc4)c3)C2)C1,*C(=O)OC(=O)OC(c1cncc(C#Cc2ccccc2)c1)c1cncc(C#Cc2ccccc2)c1,,0.0000000,0.0000,1
4.8187,4.8187,-4.8187,0.0000000,CCOC(=O)*C1N(C(=O)c2cc([N+](=O)[O-])cc([N+](=O)[O-])c2)CC12CCN(c1cncc(C#Cc3ccccc3)c1)C2,0,O=C(c1cc([N+](=O)[O-])cc([N+](=O)[O-])c1)N1CC2(CCN(c3cncc(C#Cc4ccccc4)c3)C2)C1,*C(=O)OCC,,0.0000000,0.0000,1
2.6875,2.6875,-2.6875,0.0000000,CC(=O)*C1N(C(=O)c2cc([N+](=O)[O-])cc([N+](=O)[O-])c2)CC12CCN(c1cncc(C#Cc3ccccc3)c1)C2,0,O=C(c1cc([N+](=O)[O-])cc([N+](=O)[O-])c1)N1CC2(CCN(c3cncc(C#Cc4ccccc4)c3)C2)C1,*C(C)=O,,0.0000000,0.0000,1
3.6248,3.6248,-3.6248,0.0000000,NC(=O)*C1N(C(=O)c2cc([N+](=O)[O-])cc([N+](=O)[O-])c2)CC12CCN(c1cncc(C#Cc3ccccc3)c1)C2,0,O=C(c1cc([N+](=O)[O-])cc([N+](=O)[O-])c1)N1CC2(CCN(c3cncc(C#Cc4ccccc4)c3)C2)C1,*C(N)=O,,0.0000000,0.0000,1
2.1690,2.1690,-2.1690,0.0000000,O=C*C1N(C(=O)c2cc([N+](=O)[O-])cc([N+](=O)[O-])c2)CC12CCN(c1cncc(C#Cc3ccccc3)c1)C2,0,O=C(c1cc([N+](=O)[O-])cc([N+](=O)[O-])c1)N1CC2(CCN(c3cncc(C#Cc4ccccc4)c3)C2)C1,*C=O,,0.0000000,0.0000,1
1.0788,1.0788,-1.0788,0.0000000,CC*C1N(C(=O)c2cc([N+](=O)[O-])cc([N+](=O)[O-])c2)CC12CCN(c1cncc(C#Cc3ccccc3)c1)C2,0,O=C(c1cc([N+](=O)[O-])cc([N+](=O)[O-])c1)N1CC2(CCN(c3cncc(C#Cc4ccccc4)c3)C2)C1,*CC,,0.0000000,0.0000,1
6.2053,6.2053,-6.2053,0.0000000,CC(C)(C)C*C1N(C(=O)c2cc([N+](=O)[O-])cc([N+](=O)[O-])c2)CC12CCN(c1cncc(C#Cc3ccccc3)c1)C2,0,O=C(c1cc([N+](=O)[O-])cc([N+](=O)[O-])c1)N1CC2(CCN(c3cncc(C#Cc4ccccc4)c3)C2)C1,*CC(C)(C)C,,0.0000000,0.0000,1
4.0401,4.0401,-4.0401,0.0000000,O=C(c1cc([N+](=O)[O-])cc([N+](=O)[O-])c1)N1CC2(CCN(c3cncc(C#Cc4ccccc4)c3)C2)C1*CC(F)(F)F,0,O=C(c1cc([N+](=O)[O-])cc([N+](=O)[O-])c1)N1CC2(CCN(c3cncc(C#Cc4ccccc4)c3)C2)C1,*CC(F)(F)F,,0.0000000,0.0000,1
7.0873,7.0873,-7.0873,0.0000000,O=C(c1cc([N+](=O)[O-])cc([N+](=O)[O-])c1)N1CC2(CCN(c3cncc(C#Cc4ccccc4)c3)C2)C1*CC(F)F,0,O=C(c1cc([N+](=O)[O-])cc([N+](=O)[O-])c1)N1CC2(CCN(c3cncc(C#Cc4ccccc4)c3)C2)C1,*CC(F)F,,0.0000000,0.0000,1
9.0947,9.0947,-9.0947,0.0000000,O=C(c1cc([N+](=O)[O-])cc([N+](=O)[O-])c1)N1CC2(CCN(c3cncc(C#Cc4ccccc4)c3)C2)C1*CC1CCCO1,0,O=C(c1cc([N+](=O)[O-])cc([N+](=O)[O-])c1)N1CC2(CCN(c3cncc(C#Cc4ccccc4)c3)C2)C1,*CC1CCCO1,,0.0000000,0.0000,1
9.6348,9.6348,-9.6348,0.0000000,O=C(c1cc([N+](=O)[O-])cc([N+](=O)[O-])c1)N1CC2(CCN(c3cncc(C#Cc4ccccc4)c3)C2)C1*CC1CCOC1,0,O=C(c1cc([N+](=O)[O-])cc([N+](=O)[O-])c1)N1CC2(CCN(c3cncc(C#Cc4ccccc4)c3)C2)C1,*CC1CCOC1,,0.0000000,0.0000,1
5.5157,5.5157,-5.5157,0.0000000,COCC*C1N(C(=O)c2cc([N+](=O)[O-])cc([N+](=O)[O-])c2)CC12CCN(c1cncc(C#Cc3ccccc3)c1)C2,0,O=C(c1cc([N+](=O)[O-])cc([N+](=O)[O-])c1)N1CC2(CCN(c3cncc(C#Cc4ccccc4)c3)C2)C1,*CCOC,,0.0000000,0.0000,1
