Agent,Prior,Target,Score,SMILES,SMILES_state,Input_Scaffold,R-groups,Scaffold,LIBINVENT_RL_ADME,LIBINVENT_RL_ADME (raw),step
142.5146,138.7678,-138.7678,0.0000000,C#CCCNC(=O)c1c(Cl)c(-c2cc(NC(=O)N3CCCC3C(=O)NCCCCC(=Cc3ccc([N+](=O)[O-])cc3)C(N)=O)c(C(C)NC(N)(C(=O)NCCCCC(C(=O)NCC(=O)OCCCCC(NC(=O)CC3CC(C(=O)NCC(O)C(NC(C)=O)C(C)C)C(O)C(O)C3N)C(C)=O)C(=O)OCC)c3ccccc3C#Cc3cncc(N4CCC5(CNC5)C4)c3)cc2OC)cn1C,0,C(#Cc1cncc(N2CCC3(CNC3)C2)c1)c1ccccc1,C(N)(NC(C)c1cc(OC)c(-c2c(Cl)c(C(NCCC#C)=O)n(C)c2)cc1NC(N1CCCC1C(=O)NCCCCC(C(=O)N)=Cc1ccc([N+](=O)[O-])cc1)=O)C(=O)NCCCCC(C(=O)OCC)C(=O)NCC(=O)OCCCCC(C(C)=O)NC(CC1C(N)C(O)C(O)C(C(NCC(O)C(NC(=O)C)C(C)C)=O)C1)=O,,0.0000000,0.0000,1
48.4385,46.9891,-46.9891,0.0000000,C(#Cc1cncc(N2CCC3(CNC3)C2)c1)c1ccccc1Nc1nc2n(C3OC(CO)C(O)C(O)C3)cnc2c(N)n1CCCCNC(CC(*)C(=O)O)=O,0,C(#Cc1cncc(N2CCC3(CNC3)C2)c1)c1ccccc1,Nc1nc2n(C3OC(CO)C(O)C(O)C3)cnc2c(N)n1CCCCNC(CC(*)C(=O)O)=O,,0.0000000,0.0000,1
108.0846,105.1161,-105.1161,0.0000000,C(#Cc1cncc(N2CCC3(CNC3)C2)c1)c1ccccc1O1CCN(c2ncc(C(=O)NC3CC3)cc2-c2cc(NC(=O)C)ncc2C(=O)NCCO)CC1COc1cc(C(F)(F)F)cc(CS(C(C)C)(=O)=O)c1CCCN1CCC(CCC(=O)OCC)CC1CCOc1c(OC)cc(NC(CCC(=O)O)=O)cc1C(NC1CC2N(C)C(CC2)C1)=O)CC#C,0,C(#Cc1cncc(N2CCC3(CNC3)C2)c1)c1ccccc1,O1CCN(c2ncc(C(=O)NC3CC3)cc2-c2cc(NC(=O)C)ncc2C(=O)NCCO)CC1COc1cc(C(F)(F)F)cc(CS(C(C)C)(=O)=O)c1CCCN1CCC(CCC(=O)OCC)CC1CCOc1c(OC)cc(NC(CCC(=O)O)=O)cc1C(NC1CC2N(C)C(CC2)C1)=O)CC#C,,0.0000000,0.0000,1
110.6026,106.5195,-106.5195,0.0000000,C(#Cc1cncc(N2CCC3(CNC3)C2)c1)c1ccccc1O=C(N)c1cc(Cl)c(-c2ccc(C(CC)C3CCS(=O)(=O)CC3=O)cc2)nc1NCCCCC(C(=O)N)NC(=O)CCC1CCC(CNC(=O)C)C(C(=O)OC)C1C(=O)NCC(=O)NCc1ccc(CCCC(=O)N2C(C(=O)NC(C(=O)O)CC(C)C)CC2C(O)=O)cc1,0,C(#Cc1cncc(N2CCC3(CNC3)C2)c1)c1ccccc1,O=C(N)c1cc(Cl)c(-c2ccc(C(CC)C3CCS(=O)(=O)CC3=O)cc2)nc1NCCCCC(C(=O)N)NC(=O)CCC1CCC(CNC(=O)C)C(C(=O)OC)C1C(=O)NCC(=O)NCc1ccc(CCCC(=O)N2C(C(=O)NC(C(=O)O)CC(C)C)CC2C(O)=O)cc1,,0.0000000,0.0000,1
92.3716,93.1657,-93.1657,0.0000000,CC(C)(C)OC(=O)N1CC2(CCN(c3cccc(Br)n3)C2)C1C(c1ccccc1)Oc1ncccc1C(N)=O)CC(C(O)=O)NC(C1CCN(C(COC(=O)c2ccc(CC(C(N)=O)NC(CCCCn3cc(C(O)=O)nc3)=O)cc2CCCC(C)C(O)=O)=O)CC1)C(=O)OCCCCN(CC)CC,0,CC(C)(C)OC(=O)N1CC2(CCN(c3cccc(Br)n3)C2)C1,C(c1ccccc1)Oc1ncccc1C(N)=O)CC(C(O)=O)NC(C1CCN(C(COC(=O)c2ccc(CC(C(N)=O)NC(CCCCn3cc(C(O)=O)nc3)=O)cc2CCCC(C)C(O)=O)=O)CC1)C(=O)OCCCCN(CC)CC,,0.0000000,0.0000,1
127.1517,121.0959,-121.0959,0.0000000,CCCNC(=O)C(N)CCC(=O)C(CCC(=O)O)N(CCNC(=O)C(CC)Nc1c(CC(CC(C)C(=O)N2CCC3C(O)C(C(N)=O)C32)C(N)=O)cccc1OCC1CN(c2ccc(F)cc2CCC(CC(O)C(=O)N(C(C)C)C(C)C)c2ccncc2)CCN1C(=O)CC1N(C(=O)OC(C)(C)C)CC12CCN(c1cccc(Br)n1)C2)C(=O)CCC(=O)O,0,CC(C)(C)OC(=O)N1CC2(CCN(c3cccc(Br)n3)C2)C1,CC(=O)N1CCN(c2ccc(F)cc2CCC(c2ccncc2)CC(O)C(N(C(C)C)C(C)C)=O)CC1COc1cccc(CC(C(N)=O)CC(C)C(=O)N2C3C(C(O)C3C(=O)N)CC2)c1NC(CC)C(=O)NCCN(C(=O)CCC(O)=O)C(CCC(O)=O)C(CCC(C(NCCC)=O)N)=O,,0.0000000,0.0000,1
86.7192,81.2175,-81.2175,0.0000000,CC(C)(C)OC(=O)N1CC2(CCN(c3cccc(Br)n3)C2)C1O=C(CCC(=O)OCC)N1CCCC1C(N1C(C(c2cc3c(cc(OC)c(OC)c3)[nH]2)CC(C(=O)N)=O)CC=CC1)=O)CCC=CCC#CCCCC(=O)CCCCC(=O)NCCCCC(C(=O)N)*,0,CC(C)(C)OC(=O)N1CC2(CCN(c3cccc(Br)n3)C2)C1,O=C(CCC(=O)OCC)N1CCCC1C(N1C(C(c2cc3c(cc(OC)c(OC)c3)[nH]2)CC(C(=O)N)=O)CC=CC1)=O)CCC=CCC#CCCCC(=O)CCCCC(=O)NCCCCC(C(=O)N)*,,0.0000000,0.0000,1
38.5837,39.3802,-39.3802,0.0000000,CC(C)(C)OC(=O)N1CC2(CCN(c3cccc(Br)n3)C2)C1n1(C)c(C)c(C(=O)Nc2cc(C(N)=O)ccc2CC(*)(C=O)C)cc1,0,CC(C)(C)OC(=O)N1CC2(CCN(c3cccc(Br)n3)C2)C1,n1(C)c(C)c(C(=O)Nc2cc(C(N)=O)ccc2CC(*)(C=O)C)cc1,,0.0000000,0.0000,1
28.4824,27.7519,-27.7519,0.0000000,*CCCC(=O)NCC1CCN(C(=O)C2CCC(C(C(=O)OC(C)(C)C)C3N(C(=O)OC(C)(C)C)CC34CCN(c3cncc(-c5ccc(F)cc5)c3)C4)CC2)CC1,0,CC(C)(C)OC(=O)N1CC2(CCN(c3cncc(-c4ccc(F)cc4)c3)C2)C1,C(C(=O)OC(C)(C)C)C1CCC(C(=O)N2CCC(CNC(=O)CCC*)CC2)CC1,,0.0000000,0.0000,1
71.4469,67.3127,-67.3127,0.0000000,CC(=O)N1C(=O)OCC1C(CCCCS(=O)(=O)NCCCNC(=O)CCC(=O)OCC(C)(C)C(=O)NCC(F)(F)F)(NC(=O)c1ncc(F)c(-n2cccn2)n1)C1N(C(=O)OC(C)(C)C)CC12CCN(c1cncc(-c3ccc(F)cc3)c1)C2,0,CC(C)(C)OC(=O)N1CC2(CCN(c3cncc(-c4ccc(F)cc4)c3)C2)C1,C(C1COC(=O)N1C(C)=O)(NC(=O)c1ncc(F)c(-n2nccc2)n1)CCCCS(=O)(=O)NCCCNC(=O)CCC(OCC(C(=O)NCC(F)(F)F)(C)C)=O,,0.0000000,0.0000,1
89.5728,79.2635,-79.2635,0.0000000,C#CCCCCC(=O)NC(CC(C)C)C(=O)NC(CCCNC(=O)C(Cc1ccccc1)NC(=O)C1C(CCC(C)C)C(c2ccc(F)cc2F)C(C(C)(C)NC(=O)C=C)CC1(NC(=O)c1ccnn1C)C1N(C(=O)OC(C)(C)C)CC12CCN(c1cncc(-c3ccc(F)cc3)c1)C2)C(N)=O,0,CC(C)(C)OC(=O)N1CC2(CCN(c3cncc(-c4ccc(F)cc4)c3)C2)C1,C1(NC(=O)c2ccnn2C)CC(C(NC(=O)C=C)(C)C)C(c2ccc(F)cc2F)C(CCC(C)C)C1C(=O)NC(Cc1ccccc1)C(NCCCC(C(N)=O)NC(=O)C(CC(C)C)NC(CCCCC#C)=O)=O,,0.0000000,0.0000,1
132.9672,119.4362,-119.4362,0.0000000,CC(C)(C)OC(=O)N1CC2(CCN(c3cncc(-c4ccc(F)cc4)c3)C2)C1C1COCCN1CCNc1c2c(c(F)c(F)c1)nc(-c1oc(C(F)(F)F)nc1)cc2C(CCCCC)C(CNC(=O)CCCC(O)=O)C(=O)NCCCCC(NC(=O)CCCC(C(N)=O)NC(=O)c1oc(Br)cc1)C(CCCC)NCC(C(N)CCCC)=O)OCCN(C(=O)CCCC1C2C(CS1)NC(=O)N2)C(O)=O,0,CC(C)(C)OC(=O)N1CC2(CCN(c3cncc(-c4ccc(F)cc4)c3)C2)C1,C1COCCN1CCNc1c2c(c(F)c(F)c1)nc(-c1oc(C(F)(F)F)nc1)cc2C(CCCCC)C(CNC(=O)CCCC(O)=O)C(=O)NCCCCC(NC(=O)CCCC(C(N)=O)NC(=O)c1oc(Br)cc1)C(CCCC)NCC(C(N)CCCC)=O)OCCN(C(=O)CCCC1C2C(CS1)NC(=O)N2)C(O)=O,,0.0000000,0.0000,1
82.2617,79.1961,-79.1961,0.0000000,COc1ccc(S(=O)(=O)N(C(=O)c2ncc(-c3cc(C(N)=O)c(Cl)s3)c(NC(C)C)c2NC(=O)C2(C)COCCN2C(=O)OC(C)(C)C)C2N(C(=O)OC(C)(C)C)CC23CCN(c2cncc(Br)c2)C3)cc1,0,CC(C)(C)OC(=O)N1CC2(CCN(c3cncc(Br)c3)C2)C1,N(S(c1ccc(OC)cc1)(=O)=O)C(=O)c1ncc(-c2sc(Cl)c(C(=O)N)c2)c(NC(C)C)c1NC(C1(C)COCCN1C(OC(C)(C)C)=O)=O,,0.0000000,0.0000,1
63.7995,59.4106,-59.4106,0.0000000,CC(C)(C)OC(=O)N1CC2(CCN(c3cncc(Br)c3)C2)C1O=S(C)(Nc1c(C)ccc(C(N2c3n(ccc(NCCN(C)C)n3)C(C)C2)=O)c1)=O)C(C(C)C)NC(=O)CCC(=O)NCCCC(C(N)=O)NC(=O)OC(C)(C)C,0,CC(C)(C)OC(=O)N1CC2(CCN(c3cncc(Br)c3)C2)C1,O=S(C)(Nc1c(C)ccc(C(N2c3n(ccc(NCCN(C)C)n3)C(C)C2)=O)c1)=O)C(C(C)C)NC(=O)CCC(=O)NCCCC(C(N)=O)NC(=O)OC(C)(C)C,,0.0000000,0.0000,1
148.1850,143.7834,-143.7834,0.0000000,CC(C)(C)OC(=O)N1CC2(CCN(c3cncc(Br)c3)C2)C1c1ccc(-c2ncnn2C(C)(C)C)c(C(c2cc(F)cc(F)c2)(CN2C(C(=O)N)CCC2)=O)c1C(CC)CCOc1ccc(-c2ncc(C(=O)OCC(N3C(C(N)=O)=NC(C)=C3C(=O)O)=O)cc2C(=O)OCC)c(CC=C)c1C(=O)NCC(=O)N(Cc1ccccc1)CCC(C)C,0,CC(C)(C)OC(=O)N1CC2(CCN(c3cncc(Br)c3)C2)C1,c1ccc(-c2ncnn2C(C)(C)C)c(C(c2cc(F)cc(F)c2)(CN2C(C(=O)N)CCC2)=O)c1C(CC)CCOc1ccc(-c2ncc(C(=O)OCC(N3C(C(N)=O)=NC(C)=C3C(=O)O)=O)cc2C(=O)OCC)c(CC=C)c1C(=O)NCC(=O)N(Cc1ccccc1)CCC(C)C,,0.0000000,0.0000,1
94.7695,97.6091,-97.6091,0.0000000,CC(C)(C)OC(=O)N1CC2(CCN(c3cncc(Br)c3)C2)C1c1ccnc(N2CCN(C(OC(C)(C)C)=O)C(C(N3CCOCC3)=O)C2)c1-c1ccc(C=C)cc1CCC(C(=O)N)NC(=O)c1cnc2cc(C#CCCCCC#N)cc3ncnc321C=CCCC(=O)NCCC(C)C,0,CC(C)(C)OC(=O)N1CC2(CCN(c3cncc(Br)c3)C2)C1,c1ccnc(N2CCN(C(OC(C)(C)C)=O)C(C(N3CCOCC3)=O)C2)c1-c1ccc(C=C)cc1CCC(C(=O)N)NC(=O)c1cnc2cc(C#CCCCCC#N)cc3ncnc321C=CCCC(=O)NCCC(C)C,,0.0000000,0.0000,1
5.7408,6.4916,-6.4916,0.0000000,CC(C)(C)OC(=O)N1CC2(CCN(c3cncc(C#Cc4ccccc4)c3)C2)C1*C(C)(C)C(N)=O,0,CC(C)(C)OC(=O)N1CC2(CCN(c3cncc(C#Cc4ccccc4)c3)C2)C1,*C(C)(C)C(N)=O,,0.0000000,0.0000,1
82.6211,74.4097,-74.4097,0.0000000,C#CCNC(=O)C(CCCCC(=O)NCCCCC(NC(=O)OC(C)(C)C)C(N)=O)CC1C(CCCC(C)(C)C(N)=O)CC(C(=O)N2CC(OCC)CC2C(=O)O)N1C(=O)CC(C(=O)O)C1N(C(=O)OC(C)(C)C)CC12CCN(c1cncc(C#Cc3ccccc3)c1)C2,0,CC(C)(C)OC(=O)N1CC2(CCN(c3cncc(C#Cc4ccccc4)c3)C2)C1,C(C(=O)O)CC(=O)N1C(C(=O)N2C(C(=O)O)CC(OCC)C2)CC(CCCC(C(=O)N)(C)C)C1CC(C(=O)NCC#C)CCCCC(NCCCCC(C(=O)N)NC(OC(C)(C)C)=O)=O,,0.0000000,0.0000,1
90.6505,86.4558,-86.4558,0.0000000,CCSC1=NCN(C(CCCC(NC(=O)C2CN(S(=O)(=O)C(F)(F)F)CC2C(C)C)(C(N)=O)C2N(C(=O)OC(C)(C)C)CC23CCN(c2cncc(C#Cc4ccccc4)c2)C3)C(=O)NCC(NC(=O)CCC(NC(=O)CC(NC(C)=O)C(C)C)C(C)C(=O)O)C(C)CC)C1C(N)=O,0,CC(C)(C)OC(=O)N1CC2(CCN(c3cncc(C#Cc4ccccc4)c3)C2)C1,C(C(N)=O)(NC(C1C(C(C)C)CN(S(=O)(C(F)(F)F)=O)C1)=O)CCCC(N1C(C(=O)N)C(SCC)=NC1)C(=O)NCC(C(CC)C)NC(=O)CCC(C(C)C(O)=O)NC(CC(C(C)C)NC(=O)C)=O,,0.0000000,0.0000,1
96.5544,92.0182,-92.0182,0.0000000,CC(C)(C)OC(=O)N1CC2(CCN(c3cncc(C#Cc4ccccc4)c3)C2)C1O=C(C)CCS(=O)(=O)CC1CN(C2(C(=O)N)CC2)CCC1C(N)C(C)C(=O)NC(C(C)C)C(NCC(O)C(C(CO)C)N)=O)Cc1cncn1CCCCn1ncnc1C(OC(C)C)=O,0,CC(C)(C)OC(=O)N1CC2(CCN(c3cncc(C#Cc4ccccc4)c3)C2)C1,O=C(C)CCS(=O)(=O)CC1CN(C2(C(=O)N)CC2)CCC1C(N)C(C)C(=O)NC(C(C)C)C(NCC(O)C(C(CO)C)N)=O)Cc1cncn1CCCCn1ncnc1C(OC(C)C)=O,,0.0000000,0.0000,1
173.6901,154.7358,-154.7358,0.0000000,CC(C)(C)OC(=O)N1CC2(CCN(c3cncc(N4CC(OCCCc5ccccc5)C4)c3)C2)C1C(F)(F)(CCC(C(=O)OC)NC(=O)C1CCCN1C(CCC(C)C)C(=O)NC1C(CC(C)C)CCC(C(=O)NCCCCC(C(=O)N)NC(=O)CCCCC(=O)NCCCC(NC(CCC(=O)O)=O)C(C(CC)C)NC(=O)CCC(C)C)c1)C(C)CCCC#CC#CCC(C)(C)CCC(=O)N1CCC(CCC(C)C)(CN(C)CCCC(C)C)CC1C(=O)NC(CC(C)C)C(=O)NCC(NCC(=O)O)C(=O)NCC(=O)OC(C),0,CC(C)(C)OC(=O)N1CC2(CCN(c3cncc(N4CC(OCCCc5ccccc5)C4)c3)C2)C1,C(F)(F)(CCC(C(=O)OC)NC(=O)C1CCCN1C(CCC(C)C)C(=O)NC1C(CC(C)C)CCC(C(=O)NCCCCC(C(=O)N)NC(=O)CCCCC(=O)NCCCC(NC(CCC(=O)O)=O)C(C(CC)C)NC(=O)CCC(C)C)c1)C(C)CCCC#CC#CCC(C)(C)CCC(=O)N1CCC(CCC(C)C)(CN(C)CCCC(C)C)CC1C(=O)NC(CC(C)C)C(=O)NCC(NCC(=O)O)C(=O)NCC(=O)OC(C),,0.0000000,0.0000,1
100.8356,96.3103,-96.3103,0.0000000,CC(C)(C)OC(=O)N1CC2(CCN(c3cncc(N4CC(OCCCc5ccccc5)C4)c3)C2)C1C1(Cc2onc(C)c2)CCN1C(CCC(C)C)C(N1CCC(CCC(CC(C(N)=O)CCCC)=O)N(C(=O)CCCOCCC(C)C)C1)CC)C(=O)CCCC(NC(=O)CCCC1CCCCC1)C(=O)NC(CCCCN)C(=O)NCC(O)=O,0,CC(C)(C)OC(=O)N1CC2(CCN(c3cncc(N4CC(OCCCc5ccccc5)C4)c3)C2)C1,C1(Cc2onc(C)c2)CCN1C(CCC(C)C)C(N1CCC(CCC(CC(C(N)=O)CCCC)=O)N(C(=O)CCCOCCC(C)C)C1)CC)C(=O)CCCC(NC(=O)CCCC1CCCCC1)C(=O)NC(CCCCN)C(=O)NCC(O)=O,,0.0000000,0.0000,1
102.8635,101.5826,-101.5826,0.0000000,CC(CCCC(NC(CC1CCCCC1)C(N1CCC(C(=O)N2CCC2C(=O)NC(C)c2ccccc2)C1)C(C)(C)CNC(=O)C1CC1C1N(C(=O)OC(C)(C)C)CC12CCN(c1cncc(N3CC(OCCCc4ccccc4)C3)c1)C2)C(=O)NCCCC(C)(C)C)C(=O)OC(C)C1CCC(CCC(=O)N2CCCC(CCCC(N)=O)C2)C1C(=O)NCCCCC(NC(=O)OC(C)(C)C)C(=O)OC(C)(C)C,0,CC(C)(C)OC(=O)N1CC2(CCN(c3cncc(N4CC(OCCCc5ccccc5)C4)c3)C2)C1,C1CC1C(=O)NCC(C)(C)C(N1CC(C(N2C(C(NC(C)c3ccccc3)=O)CC2)=O)CC1)C(CC1CCCCC1)NC(CCCC(C)C(=O)OC(C)C1CCC(CCC(=O)N2CCCC(CCCC(=O)N)C2)C1C(=O)NCCCCC(NC(=O)OC(C)(C)C)C(=O)OC(C)(C)C)C(=O)NCCCC(C)(C)C,,0.0000000,0.0000,1
84.5365,69.9865,-69.9865,0.0000000,CC(C)(C)OC(=O)N1CC2(CCN(c3cncc(N4CC(OCCCc5ccccc5)C4)c3)C2)C1C1CC1CC(=O)N1CC2C(C2C2CC2C(=O)NCCC#C)C1C(=O)OCC(O)C(C(O)C(O)CO)O)OCCNC(OC(C)(C)C)=O)CCCC#CC#CC#CCC(C)CC(C)(C)CO,0,CC(C)(C)OC(=O)N1CC2(CCN(c3cncc(N4CC(OCCCc5ccccc5)C4)c3)C2)C1,C1CC1CC(=O)N1CC2C(C2C2CC2C(=O)NCCC#C)C1C(=O)OCC(O)C(C(O)C(O)CO)O)OCCNC(OC(C)(C)C)=O)CCCC#CC#CC#CCC(C)CC(C)(C)CO,,0.0000000,0.0000,1
63.6295,56.7014,-56.7014,0.0000000,*N(CCO)CCNCC(O)CCCc1cc(C#CC#CCCCCC#C)ccc1-c1c(C(=O)CNC2CC2)ccc(O)c1NC(=O)C1C(c2c(C#CCCCCCC)cncc2N2CCC3(CN(C(=O)CCc4c[nH]c5ccccc45)C3)C2)C(C#N)CCN1C(=O)C1CC1,0,CCCCCCC#Cc1cncc(N2CCC3(CN(C(=O)CCc4c[nH]c5ccccc45)C3)C2)c1,C1C(C#N)CCN(C(C2CC2)=O)C1C(=O)Nc1c(O)ccc(C(CNC2CC2)=O)c1-c1ccc(C#CC#CCCCCC#C)cc1CCCC(O)CNCCN(CCO)*,,0.0000000,0.0000,1
129.8556,118.6054,-118.6054,0.0000000,CCCCCCC#Cc1cncc(N2CCC3(CN(C(=O)CCc4c[nH]c5ccccc45)C3)C2)c1N1(CCc2ncc(F)cc2)CCCN(C(=O)C)CC1CC(c1ccccc1)COc1ccc(CCC(=O)O)c(C2CC2C(=O)O)c1CCCN(C)CCCCOCCOCCOCCOCCN(C)CC#Cc1cc(F)c(CCOCC#CCOCCNC(=O)c2cc(O)c(C=CC(=O)O)cc2)cc1CCCOc1ccc(N(C)C(=O)CC2CC2)cc1C=CC(O)=O,0,CCCCCCC#Cc1cncc(N2CCC3(CN(C(=O)CCc4c[nH]c5ccccc45)C3)C2)c1,N1(CCc2ncc(F)cc2)CCCN(C(=O)C)CC1CC(c1ccccc1)COc1ccc(CCC(=O)O)c(C2CC2C(=O)O)c1CCCN(C)CCCCOCCOCCOCCOCCN(C)CC#Cc1cc(F)c(CCOCC#CCOCCNC(=O)c2cc(O)c(C=CC(=O)O)cc2)cc1CCCOc1ccc(N(C)C(=O)CC2CC2)cc1C=CC(O)=O,,0.0000000,0.0000,1
53.4849,52.2271,-52.2271,0.0000000,*N1CCCC1COc1c(CC(C)(N)C(=O)Oc2c(C#CCCCCCC)cncc2N2CCC3(CN(C(=O)CCc4c[nH]c5ccccc45)C3)C2)ccc(OCCCC#C)c1CCNCC1CCCN1C(=O)C1CCCN1C(=O)CNC(=O)CCCC#C,0,CCCCCCC#Cc1cncc(N2CCC3(CN(C(=O)CCc4c[nH]c5ccccc45)C3)C2)c1,OC(=O)C(C)(N)Cc1ccc(OCCCC#C)c(CCNCC2CCCN2C(C2CCCN2C(=O)CNC(=O)CCCC#C)=O)c1OCC1N(*)CCC1,,0.0000000,0.0000,1
33.8501,32.4744,-32.4744,0.0000000,*NC(O)C(O)CC(O)Cc1cc(-c2c(C#CCCCCCC)cncc2N2CCC3(CN(C(=O)CCc4c[nH]c5ccccc45)C3)C2)c(C#N)cc1OC,0,CCCCCCC#Cc1cncc(N2CCC3(CN(C(=O)CCc4c[nH]c5ccccc45)C3)C2)c1,c1c(C#N)cc(OC)c(CC(CC(O)C(N*)O)O)c1,,0.0000000,0.0000,1
10.9666,11.0835,-11.0835,0.0000000,CCCCCCC#Cc1cncc(N2CCC3(CN(C(=O)c4cc([N+](=O)[O-])cc([N+](=O)[O-])c4)C3)C2)c1*C(C#N)C(=O)OC(C)(C)C,0,CCCCCCC#Cc1cncc(N2CCC3(CN(C(=O)c4cc([N+](=O)[O-])cc([N+](=O)[O-])c4)C3)C2)c1,*C(C(OC(C)(C)C)=O)C#N,,0.0000000,0.0000,1
41.7803,40.7861,-40.7861,0.0000000,CCCCCCC#Cc1cncc(N2CCC3(CN(C(=O)c4cc([N+](=O)[O-])cc([N+](=O)[O-])c4)C3)C2)c1O=C(N(Cc1c(F)cc(F)cc1)C)CCC#CC#CCCCC(N1C(C(O)=O)CCC1)=O)C#N,0,CCCCCCC#Cc1cncc(N2CCC3(CN(C(=O)c4cc([N+](=O)[O-])cc([N+](=O)[O-])c4)C3)C2)c1,O=C(N(Cc1c(F)cc(F)cc1)C)CCC#CC#CCCCC(N1C(C(O)=O)CCC1)=O)C#N,,0.0000000,0.0000,1
52.0482,47.3442,-47.3442,0.0000000,CCCCCCC#Cc1cncc(N2CCC3(CN(C(=O)c4cc([N+](=O)[O-])cc([N+](=O)[O-])c4)C3)C2)c1-c1ncc(C(N)=O)cc1C(O)C(C(C)CC)C(CC(C)C(=O)NCC(C)C)NC(=O)C(=O)NCCN(C)C,0,CCCCCCC#Cc1cncc(N2CCC3(CN(C(=O)c4cc([N+](=O)[O-])cc([N+](=O)[O-])c4)C3)C2)c1,c1ncc(C(N)=O)cc1C(O)C(C(CC)C)C(NC(C(=O)NCCN(C)C)=O)CC(C)C(NCC(C)C)=O,,0.0000000,0.0000,1
93.3205,102.6245,-102.6245,0.0000000,CCCCCCC#Cc1cncc(N2CCC3(CN(C(=O)c4cc([N+](=O)[O-])cc([N+](=O)[O-])c4)C3)C2)c1c1nccc(CNC(C(C)C)=O)c1C(Nc1cc(OC)c(OC)c(OC)c1)=O)OCCNC(=O)CCCCC#CCC#CCC#CCCCCC(=O)N1CCC2(OC(=O)N(CCCCC#CCC(C)C(O)=O)C(C)C2)C(=O)C1,0,CCCCCCC#Cc1cncc(N2CCC3(CN(C(=O)c4cc([N+](=O)[O-])cc([N+](=O)[O-])c4)C3)C2)c1,c1nccc(CNC(C(C)C)=O)c1C(Nc1cc(OC)c(OC)c(OC)c1)=O)OCCNC(=O)CCCCC#CCC#CCC#CCCCCC(=O)N1CCC2(OC(=O)N(CCCCC#CCC(C)C(O)=O)C(C)C2)C(=O)C1,,0.0000000,0.0000,1
202.7203,169.4205,-169.4205,0.0000000,CCCCCCC#Cc1cncc(N2CCC3(CN(C(=O)c4cc5c(cc4[N+](=O)[O-])OCO5)C3)C2)c1C(C)(CCC#N)(C(=O)N)C#CCCCC(N1CCCCC1)CCOc1c(OCC=C)ccc(CCCC(=O)O)c1CCCC#Cc1ccc(CCCCOC(CCCCOc2ccc(CC(C(=O)O)NC(=O)C)cc2)=O)c1CCCOCCCOCCC#CC#CC#CC#CCC1CCC(COC(=O)C(C(O)C(O)CO)O)C(O)C1OCCOCCOCCNC(=O)c1c(O)c(O)cc(CCCNCCN(C)CC#CC#CC#CC#CCOCCOCCOCCOCCN(C)C(=O)CCC,0,CCCCCCC#Cc1cncc(N2CCC3(CN(C(=O)c4cc5c(cc4[N+](=O)[O-])OCO5)C3)C2)c1,C(C)(CCC#N)(C(=O)N)C#CCCCC(N1CCCCC1)CCOc1c(OCC=C)ccc(CCCC(=O)O)c1CCCC#Cc1ccc(CCCCOC(CCCCOc2ccc(CC(C(=O)O)NC(=O)C)cc2)=O)c1CCCOCCCOCCC#CC#CC#CC#CCC1CCC(COC(=O)C(C(O)C(O)CO)O)C(O)C1OCCOCCOCCNC(=O)c1c(O)c(O)cc(CCCNCCN(C)CC#CC#CC#CC#CCOCCOCCOCCOCCN(C)C(=O)CCC,,0.0000000,0.0000,1
171.5543,166.1835,-166.1835,0.0000000,CCCCCCC#Cc1cncc(N2CCC3(CN(C(=O)c4cc5c(cc4[N+](=O)[O-])OCO5)C3)C2)c1C1COCCN1c1ccc(NC(CCCC#C)=O)c(OCCOCCOCCOCCOCC#C)c1C#CCCCOCCOCCOc1c(OC)cc(C#CCNC(=O)C(C)(C)CO)c([N+]([O-])=O)c1CN1CCCC1CC(O)CCN(C)CCOCCOCCN(C)C(C)=O)c1cc(C#N)cc(CCC)c1OCC(=O)O)C(NC1CCCC1C(=O)NCCCCC#Cc1ccc(OCCCCO)c(N(C)C(C)C(O)=O)c1C#CCNC(=O)OCC(C(=O)O)(C)C,0,CCCCCCC#Cc1cncc(N2CCC3(CN(C(=O)c4cc5c(cc4[N+](=O)[O-])OCO5)C3)C2)c1,C1COCCN1c1ccc(NC(CCCC#C)=O)c(OCCOCCOCCOCCOCC#C)c1C#CCCCOCCOCCOc1c(OC)cc(C#CCNC(=O)C(C)(C)CO)c([N+]([O-])=O)c1CN1CCCC1CC(O)CCN(C)CCOCCOCCN(C)C(C)=O)c1cc(C#N)cc(CCC)c1OCC(=O)O)C(NC1CCCC1C(=O)NCCCCC#Cc1ccc(OCCCCO)c(N(C)C(C)C(O)=O)c1C#CCNC(=O)OCC(C(=O)O)(C)C,,0.0000000,0.0000,1
28.5258,30.9285,-30.9285,0.0000000,*N(C)c1ccc(Cl)cc1OCC(O)C(O)C(C)NCC(O)C(O)C(=O)Oc1c(C#CCCCCCC)cncc1N1CCC2(CN(C(=O)c3cc4c(cc3[N+](=O)[O-])OCO4)C2)C1,0,CCCCCCC#Cc1cncc(N2CCC3(CN(C(=O)c4cc5c(cc4[N+](=O)[O-])OCO5)C3)C2)c1,OC(=O)C(O)C(O)CNC(C)C(O)C(O)COc1c(N(*)C)ccc(Cl)c1,,0.0000000,0.0000,1
90.7503,88.1714,-88.1714,0.0000000,CCCCCCC#Cc1cncc(N2CCC3(CN(C(=O)c4cc5c(cc4[N+](=O)[O-])OCO5)C3)C2)c1s1nc2c(c(S(=O)(=O)N(C)C3CC3)c1)nnc2OCCCCC(C(N)=O)NC(=O)OC1CC2C(N(CC(O)CCC#C)C(F)CO2)OC1COC(CC#N)=O,0,CCCCCCC#Cc1cncc(N2CCC3(CN(C(=O)c4cc5c(cc4[N+](=O)[O-])OCO5)C3)C2)c1,s1nc2c(c(S(=O)(=O)N(C)C3CC3)c1)nnc2OCCCCC(C(N)=O)NC(=O)OC1CC2C(N(CC(O)CCC#C)C(F)CO2)OC1COC(CC#N)=O,,0.0000000,0.0000,1
4.8127,4.6864,-4.6864,0.0000000,CCCCCCC#Cc1cncc(N2CCC3(CN(C(=O)c4ccc5c(c4)OCO5)C3)C2)c1*C(C)(C)C#N,0,CCCCCCC#Cc1cncc(N2CCC3(CN(C(=O)c4ccc5c(c4)OCO5)C3)C2)c1,*C(C)(C)C#N,,0.0000000,0.0000,1
7.7900,8.0958,-8.0958,0.0000000,CCCCCCC#Cc1cncc(N2CCC3(CN(C(=O)c4ccc5c(c4)OCO5)C3)C2)c1*N1CCCCC1,0,CCCCCCC#Cc1cncc(N2CCC3(CN(C(=O)c4ccc5c(c4)OCO5)C3)C2)c1,*N1CCCCC1,,0.0000000,0.0000,1
45.0923,43.3842,-43.3842,0.0000000,CCCCCCC#Cc1cncc(N2CCC3(CN(C(=O)c4ccc5c(c4)OCO5)C3)C2)c1C(C)(=O)N1CCN(c2c(C#N)c(C)nc3cc(OC)c(OCCCN(C)C)c(C(O)=O)c23)CC1CNC(=O)C(NC(=O)CN)C*,0,CCCCCCC#Cc1cncc(N2CCC3(CN(C(=O)c4ccc5c(c4)OCO5)C3)C2)c1,C(C)(=O)N1CCN(c2c(C#N)c(C)nc3cc(OC)c(OCCCN(C)C)c(C(O)=O)c23)CC1CNC(=O)C(NC(=O)CN)C*,,0.0000000,0.0000,1
258.0560,202.1588,-202.1588,0.0000000,CCCCCCC#Cc1cncc(N2CCC3(CN(C(=O)c4ccc5c(c4)OCO5)C3)C2)c1N(C(=O)C1CC(F)(F)CN1)CCC#CC(N1CC(CNC(C)=O)CCC1)=O)Oc1ccc(F)cc1CC1N(OC(=O)C)CC(n2cc(C#N)c(C(F)(F)F)n2)C1CCCOc1ccc(OC(C)C(=O)NCC#CC#CC#CC#Cc2cn(CCNC(=O)C)cc2)cc1C(OCC#CCCCC#Cc1cc(C#CCNC(=O)C)oc1CCCOc1ccc(C#CCOC(=O)CCC)c(Cl)c1)COC(=O)CCC(=O)OC,0,CCCCCCC#Cc1cncc(N2CCC3(CN(C(=O)c4ccc5c(c4)OCO5)C3)C2)c1,N(C(=O)C1CC(F)(F)CN1)CCC#CC(N1CC(CNC(C)=O)CCC1)=O)Oc1ccc(F)cc1CC1N(OC(=O)C)CC(n2cc(C#N)c(C(F)(F)F)n2)C1CCCOc1ccc(OC(C)C(=O)NCC#CC#CC#CC#Cc2cn(CCNC(=O)C)cc2)cc1C(OCC#CCCCC#Cc1cc(C#CCNC(=O)C)oc1CCCOc1ccc(C#CCOC(=O)CCC)c(Cl)c1)COC(=O)CCC(=O)OC,,0.0000000,0.0000,1
8.2847,7.5601,-7.5601,0.0000000,CCCCCCC#Cc1cncc(N2CCC3(CN(Cc4cc([N+](=O)[O-])cc([N+](=O)[O-])c4)C3)C2)c1*C(C#N)C(=O)OCC,0,CCCCCCC#Cc1cncc(N2CCC3(CN(Cc4cc([N+](=O)[O-])cc([N+](=O)[O-])c4)C3)C2)c1,*C(C(OCC)=O)C#N,,0.0000000,0.0000,1
69.3313,67.4597,-67.4597,0.0000000,CCCCCCC#Cc1cncc(N2CCC3(CN(Cc4cc([N+](=O)[O-])cc([N+](=O)[O-])c4)C3)C2)c1CCCCS(=O)(=O)Nc1ccc2n(C)c(=O)c(C#N)c(OCCCC#Cc3ccc(CCCC#C)cc3)c2c1NCCNC(CCC(N)C(O)=O)=O)CC#CC#CC#CC(C)(C)CCC*,0,CCCCCCC#Cc1cncc(N2CCC3(CN(Cc4cc([N+](=O)[O-])cc([N+](=O)[O-])c4)C3)C2)c1,CCCCS(=O)(=O)Nc1ccc2n(C)c(=O)c(C#N)c(OCCCC#Cc3ccc(CCCC#C)cc3)c2c1NCCNC(CCC(N)C(O)=O)=O)CC#CC#CC#CC(C)(C)CCC*,,0.0000000,0.0000,1
78.0011,76.9181,-76.9181,0.0000000,CCCCCCC#Cc1cncc(N2CCC3(CN(Cc4cc([N+](=O)[O-])cc([N+](=O)[O-])c4)C3)C2)c1N(C(c1ccc(OC)c(OC)c1OC)=O)CCCC(=O)N1CC(C(O)=O)CC(C(C=C)C(C)C)C1=O)NC(=O)C(C)(C)C(=O)NCCN(C)C(=O)CCC(C(=O)O)(C)C(=O)NCC#C,0,CCCCCCC#Cc1cncc(N2CCC3(CN(Cc4cc([N+](=O)[O-])cc([N+](=O)[O-])c4)C3)C2)c1,N(C(c1ccc(OC)c(OC)c1OC)=O)CCCC(=O)N1CC(C(O)=O)CC(C(C=C)C(C)C)C1=O)NC(=O)C(C)(C)C(=O)NCCN(C)C(=O)CCC(C(=O)O)(C)C(=O)NCC#C,,0.0000000,0.0000,1
29.7667,26.6344,-26.6344,0.0000000,CCCCCCC#Cc1cncc(N2CCC3(CN(Cc4cc([N+](=O)[O-])cc([N+](=O)[O-])c4)C3)C2)c1O=C(C(C(C)C)NC(=O)c1ccc(C#N)cc1)OCC#CCCCC(=O)NCC*,0,CCCCCCC#Cc1cncc(N2CCC3(CN(Cc4cc([N+](=O)[O-])cc([N+](=O)[O-])c4)C3)C2)c1,O=C(C(C(C)C)NC(=O)c1ccc(C#N)cc1)OCC#CCCCC(=O)NCC*,,0.0000000,0.0000,1
186.4424,161.8029,-161.8029,0.0000000,CCCCCCOC1CN(c2cncc(N3CCC4(CN(C(=O)OC(C)(C)C)C4)C3)c2)C1C(OC(C)(C)C)(C(C)C)C(C(=O)OCC)NC(=O)CC1CCCCC1C(OCCC#Cc1ccc(CC(OC(C)(C)C)=O)c(CCC)c1OCCOC(CCC(=O)OC(C)(C)C)C(=O)N1CC2(CCC1)C(=O)CC(C(C)(C)C)CC2)(O)C#Cc1ccc(OCCCC(O)=O)c(C=CC(=O)OCC(=O)NCC(C(O)=O)(C)C)c1CCCC(=O)OCCOCCOCCOCCOCCN(C(C)C)C(=O)COC(=O)CC#CC#CCC(C,0,CCCCCCOC1CN(c2cncc(N3CCC4(CN(C(=O)OC(C)(C)C)C4)C3)c2)C1,C(OC(C)(C)C)(C(C)C)C(C(=O)OCC)NC(=O)CC1CCCCC1C(OCCC#Cc1ccc(CC(OC(C)(C)C)=O)c(CCC)c1OCCOC(CCC(=O)OC(C)(C)C)C(=O)N1CC2(CCC1)C(=O)CC(C(C)(C)C)CC2)(O)C#Cc1ccc(OCCCC(O)=O)c(C=CC(=O)OCC(=O)NCC(C(O)=O)(C)C)c1CCCC(=O)OCCOCCOCCOCCOCCN(C(C)C)C(=O)COC(=O)CC#CC#CCC(C,,0.0000000,0.0000,1
61.7546,60.9828,-60.9828,0.0000000,*C(CC1=CCC(CCCC(C)(CC2C(OCCCCCC)CN2c2cncc(N3CCC4(CN(C(=O)OC(C)(C)C)C4)C3)c2)OC(=O)n2c(CCCC(=O)NOC(=O)CCCC3CCCCC3)cc3c(CCCC#N)cccc32)(OC)CC1)C(=O)OC(C)(C)C,0,CCCCCCOC1CN(c2cncc(N3CCC4(CN(C(=O)OC(C)(C)C)C4)C3)c2)C1,CC(C)(OC(=O)n1c2cccc(CCCC#N)c2cc1CCCC(=O)NOC(=O)CCCC1CCCCC1)CCCC1(OC)CCC(CC(C(=O)OC(C)(C)C)*)=CC1,,0.0000000,0.0000,1
47.3160,45.4281,-45.4281,0.0000000,CCCCCCOC1CN(c2cncc(N3CCC4(CN(C(=O)OC(C)(C)C)C4)C3)c2)C1FC(F)(F)Oc1ccc(CCCC(O)C(C)(C)C)cc1C(CCC#C)C(NCCCC(C#N)(CC)O)=O)*,0,CCCCCCOC1CN(c2cncc(N3CCC4(CN(C(=O)OC(C)(C)C)C4)C3)c2)C1,FC(F)(F)Oc1ccc(CCCC(O)C(C)(C)C)cc1C(CCC#C)C(NCCCC(C#N)(CC)O)=O)*,,0.0000000,0.0000,1
47.3483,44.3450,-44.3450,0.0000000,CCCCCCOC1CN(c2cncc(N3CCC4(CN(C(=O)OC(C)(C)C)C4)C3)c2)C1FC(F)(F)c1c(C#N)ccc(OCC(C)(C)C(C)(C(C)C)C)c1OCCOC(CCCCC(C#N)C(C)C)=O,0,CCCCCCOC1CN(c2cncc(N3CCC4(CN(C(=O)OC(C)(C)C)C4)C3)c2)C1,FC(F)(F)c1c(C#N)ccc(OCC(C)(C)C(C)(C(C)C)C)c1OCCOC(CCCCC(C#N)C(C)C)=O,,0.0000000,0.0000,1
9.2273,9.6068,-9.6068,0.0000000,CC(C)(*C1N(C(=O)c2cc([N+](=O)[O-])cc([N+](=O)[O-])c2)CC12CCN(c1cncc(C#Cc3ccccc3)c1)C2)C(N)=O,0,O=C(c1cc([N+](=O)[O-])cc([N+](=O)[O-])c1)N1CC2(CCN(c3cncc(C#Cc4ccccc4)c3)C2)C1,*C(C(N)=O)(C)C,,0.0000000,0.0000,1
175.8764,160.7135,-160.7135,0.0000000,O=C(c1cc([N+](=O)[O-])cc([N+](=O)[O-])c1)N1CC2(CCN(c3cncc(C#Cc4ccccc4)c3)C2)C1C(#CC(N)C(C)C)(CC)CSCC(O)C(CCCC)OC(=O)c1ccc(C(=O)OC)c(-c2cc(C#N)ccc2C(CCCCC)CCN2CC(N(C=O)C)C(CCCC)C2C(C)CNC(CCCOC(CC#CC#CC#CCCCCC(=O)NC(C)CCCC)=O)CCCCNC(=O)CCCCC#CC#CC(C)C(=CC(=O)OC)C)c1CC#N,0,O=C(c1cc([N+](=O)[O-])cc([N+](=O)[O-])c1)N1CC2(CCN(c3cncc(C#Cc4ccccc4)c3)C2)C1,C(#CC(N)C(C)C)(CC)CSCC(O)C(CCCC)OC(=O)c1ccc(C(=O)OC)c(-c2cc(C#N)ccc2C(CCCCC)CCN2CC(N(C=O)C)C(CCCC)C2C(C)CNC(CCCOC(CC#CC#CC#CCCCCC(=O)NC(C)CCCC)=O)CCCCNC(=O)CCCCC#CC#CC(C)C(=CC(=O)OC)C)c1CC#N,,0.0000000,0.0000,1
111.8170,107.1640,-107.1640,0.0000000,O=C(c1cc([N+](=O)[O-])cc([N+](=O)[O-])c1)N1CC2(CCN(c3cncc(C#Cc4ccccc4)c3)C2)C1C(C)(C)C(N)C(OC(C(=O)NC(C(C)CC)C(=O)NCCCC)C(O)=O)=O)CCCC#CCC(C(N)=O)NC(=O)CCC(C(=O)O)NC(CC(C)C)C(=O)NC(CC(C)C)C(CCCC(C)C)n1nnc(C(O)C(CC)C(=O)NCCC(C)C)c1CCCN(C)CC#C)C#CCCCC1CCC1,0,O=C(c1cc([N+](=O)[O-])cc([N+](=O)[O-])c1)N1CC2(CCN(c3cncc(C#Cc4ccccc4)c3)C2)C1,C(C)(C)C(N)C(OC(C(=O)NC(C(C)CC)C(=O)NCCCC)C(O)=O)=O)CCCC#CCC(C(N)=O)NC(=O)CCC(C(=O)O)NC(CC(C)C)C(=O)NC(CC(C)C)C(CCCC(C)C)n1nnc(C(O)C(CC)C(=O)NCCC(C)C)c1CCCN(C)CC#C)C#CCCCC1CCC1,,0.0000000,0.0000,1
58.0682,52.0291,-52.0291,0.0000000,O=C(c1cc([N+](=O)[O-])cc([N+](=O)[O-])c1)N1CC2(CCN(c3cncc(C#Cc4ccccc4)c3)C2)C1CC(C)(OC(=O)N(CC)C1CCC(CNC(=O)C(C(CC)C)N)CC1)C(NC(CCC(=O)O)C(O)=O)=O)C#CCCC(C)C(NCC#C)=O,0,O=C(c1cc([N+](=O)[O-])cc([N+](=O)[O-])c1)N1CC2(CCN(c3cncc(C#Cc4ccccc4)c3)C2)C1,CC(C)(OC(=O)N(CC)C1CCC(CNC(=O)C(C(CC)C)N)CC1)C(NC(CCC(=O)O)C(O)=O)=O)C#CCCC(C)C(NCC#C)=O,,0.0000000,0.0000,1
