Agent,Prior,Target,Score,SMILES,SMILES_state,Warheads,Linker,Scaffold,LINKINVENT TRANSFORMER PUBCHEM_RL_ADME,LINKINVENT TRANSFORMER PUBCHEM_RL_ADME (raw),step
4.6436,4.6436,-4.6436,0.0000000,C(#Cc1cncc(N2CCC3(CNC3)C2)c1)c1ccccc1[*]C#C[*],0,C(#Cc1cncc(N2CCC3(CNC3)C2)c1)c1ccccc1,[*]C#C[*],,0.0000000,0.0000,1
6.1112,6.1112,-6.1112,0.0000000,C(#Cc1cncc(N2CCC3(CNC3)C2)c1)c1ccccc1[*]C(C)[*],0,C(#Cc1cncc(N2CCC3(CNC3)C2)c1)c1ccccc1,[*]C(C)[*],,0.0000000,0.0000,1
7.9137,7.9137,-7.9137,0.0000000,C(#Cc1cncc(N2CCC3(CNC3)C2)c1)c1ccccc1[*]C=CC[*],0,C(#Cc1cncc(N2CCC3(CNC3)C2)c1)c1ccccc1,[*]C=CC[*],,0.0000000,0.0000,1
13.2679,13.2679,-13.2679,0.0000000,C(#Cc1cncc(N2CCC3(CNC3)C2)c1)c1ccccc1[*]C=CNC,0,C(#Cc1cncc(N2CCC3(CNC3)C2)c1)c1ccccc1,[*]C=CNC,,0.0000000,0.0000,1
2.4370,2.4370,-2.4370,0.0000000,C(#Cc1cncc(N2CCC3(CNC3)C2)c1)c1ccccc1[*]CC[*],0,C(#Cc1cncc(N2CCC3(CNC3)C2)c1)c1ccccc1,[*]CC[*],,0.0000000,0.0000,1
6.8018,6.8018,-6.8018,0.0000000,C(#Cc1cncc(N2CCC3(CNC3)C2)c1)c1ccccc1[*]CCc[*],0,C(#Cc1cncc(N2CCC3(CNC3)C2)c1)c1ccccc1,[*]CCc[*],,0.0000000,0.0000,1
35.0441,35.0441,-35.0441,0.0000000,C(#Cc1cncc(N2CCC3(CNC3)C2)c1)c1ccccc1[*]NC1=S(C)=NCc2cccc(F)c21C[*],0,C(#Cc1cncc(N2CCC3(CNC3)C2)c1)c1ccccc1,[*]NC1=S(C)=NCc2cccc(F)c21C[*],,0.0000000,0.0000,1
4.5744,4.5744,-4.5744,0.0000000,C(#Cc1cncc(N2CCC3(CNC3)C2)c1)c1ccccc1[*]N[*],0,C(#Cc1cncc(N2CCC3(CNC3)C2)c1)c1ccccc1,[*]N[*],,0.0000000,0.0000,1
11.8553,11.8553,-11.8553,0.0000000,C(#Cc1cncc(N2CCC3(CNC3)C2)c1)c1ccccc1[*]c1ccc(C(C)[*])cc1,0,C(#Cc1cncc(N2CCC3(CNC3)C2)c1)c1ccccc1,[*]c1ccc(C(C)[*])cc1,,0.0000000,0.0000,1
11.6219,11.6219,-11.6219,0.0000000,C(#Cc1cncc(N2CCC3(CNC3)C2)c1)c1ccccc1[*]c1ccc(N)cc1[*],0,C(#Cc1cncc(N2CCC3(CNC3)C2)c1)c1ccccc1,[*]c1ccc(N)cc1[*],,0.0000000,0.0000,1
11.2768,11.2768,-11.2768,0.0000000,C(#Cc1cncc(N2CCC3(CNC3)C2)c1)c1ccccc1[*]c1ccccc(NC(=O)c2ccc([*])cn2)c1,0,C(#Cc1cncc(N2CCC3(CNC3)C2)c1)c1ccccc1,[*]c1ccccc(NC(=O)c2ccc([*])cn2)c1,,0.0000000,0.0000,1
3.7184,3.7184,-3.7184,0.0000000,C(#Cc1cncc(N2CCC3(CNC3)C2)c1)c1ccccc1[*]c[*]C[*],0,C(#Cc1cncc(N2CCC3(CNC3)C2)c1)c1ccccc1,[*]c[*]C[*],,0.0000000,0.0000,1
7.5680,7.5680,-7.5680,0.0000000,C(#Cc1cncc(N2CCC3(CNC3)C2)c1)c1ccccc1[*]c[*]NCC,0,C(#Cc1cncc(N2CCC3(CNC3)C2)c1)c1ccccc1,[*]c[*]NCC,,0.0000000,0.0000,1
2.1669,2.1669,-2.1669,0.0000000,C(#Cc1cncc(N2CCC3(CNC3)C2)c1)c1ccccc1[*]c[*][*],0,C(#Cc1cncc(N2CCC3(CNC3)C2)c1)c1ccccc1,[*]c[*][*],,0.0000000,0.0000,1
8.3776,8.3776,-8.3776,0.0000000,C(#Cc1cncc(N2CCC3(CNC3)C2)c1)c1ccccc1[*]c[*][C@H](C)C[*],0,C(#Cc1cncc(N2CCC3(CNC3)C2)c1)c1ccccc1,[*]c[*][C@H](C)C[*],,0.0000000,0.0000,1
93.5485,93.5485,-93.5485,0.0000000,C(#Cc1cncc(N2CCC3(CNC3)C2)c1)c1ccccc1[*]c[*]c(=C)Cc1cccc(-c2nccc3[nH]c(-c4cncc(C#Cc5cc(C#Cc6cnnc(N7CCCC(N8CCC8)C7)c6)ccc5C)cc(C(N)N/C=C/c7ccccccc7)c(C)c(C#C)ccc4C=C)cc23)cc1,0,C(#Cc1cncc(N2CCC3(CNC3)C2)c1)c1ccccc1,[*]c[*]c(=C)Cc1cccc(-c2nccc3[nH]c(-c4cncc(C#Cc5cc(C#Cc6cnnc(N7CCCC(N8CCC8)C7)c6)ccc5C)cc(C(N)N/C=C/c7ccccccc7)c(C)c(C#C)ccc4C=C)cc23)cc1,,0.0000000,0.0000,1
7.6196,7.6196,-7.6196,0.0000000,C(#Cc1cncc(N2CCC3(CNC3)C2)c1)c1ccccc1[*]c[*]c(F)C[*],0,C(#Cc1cncc(N2CCC3(CNC3)C2)c1)c1ccccc1,[*]c[*]c(F)C[*],,0.0000000,0.0000,1
8.5095,8.5095,-8.5095,0.0000000,C(#Cc1cncc(N2CCC3(CNC3)C2)c1)c1ccccc1[*]c[*]c(O)ccc1[*],0,C(#Cc1cncc(N2CCC3(CNC3)C2)c1)c1ccccc1,[*]c[*]c(O)ccc1[*],,0.0000000,0.0000,1
26.6191,26.6191,-26.6191,0.0000000,C(#Cc1cncc(N2CCC3(CNC3)C2)c1)c1ccccc1[*]c[*]c1cccc(C)c([*])cccc1-c1cc(F)cc2ccccc12,0,C(#Cc1cncc(N2CCC3(CNC3)C2)c1)c1ccccc1,[*]c[*]c1cccc(C)c([*])cccc1-c1cc(F)cc2ccccc12,,0.0000000,0.0000,1
2.8877,2.8877,-2.8877,0.0000000,C(#Cc1cncc(N2CCC3(CNC3)C2)c1)c1ccccc1[*]c[*]c[*],0,C(#Cc1cncc(N2CCC3(CNC3)C2)c1)c1ccccc1,[*]c[*]c[*],,0.0000000,0.0000,1
11.7616,11.7616,-11.7616,0.0000000,C(#Cc1cncc(N2CCC3(CNC3)C2)c1)c1ccccc1[*]c[*]cc(=O)n(C)c1,0,C(#Cc1cncc(N2CCC3(CNC3)C2)c1)c1ccccc1,[*]c[*]cc(=O)n(C)c1,,0.0000000,0.0000,1
15.2286,15.2286,-15.2286,0.0000000,C(#Cc1cncc(N2CCC3(CNC3)C2)c1)c1ccccc1[*]c[*]cc1cccc(C)c1C(=O)NC,0,C(#Cc1cncc(N2CCC3(CNC3)C2)c1)c1ccccc1,[*]c[*]cc1cccc(C)c1C(=O)NC,,0.0000000,0.0000,1
7.6014,7.6014,-7.6014,0.0000000,C(#Cc1cncc(N2CCC3(CNC3)C2)c1)c1ccccc1[*]c[*]cc1cccc([*])c1,0,C(#Cc1cncc(N2CCC3(CNC3)C2)c1)c1ccccc1,[*]c[*]cc1cccc([*])c1,,0.0000000,0.0000,1
23.4831,23.4831,-23.4831,0.0000000,C(#Cc1cncc(N2CCC3(CNC3)C2)c1)c1ccccc1[*]c[*]cc\c(=C/C)\c(=C)C(=O)[*],0,C(#Cc1cncc(N2CCC3(CNC3)C2)c1)c1ccccc1,[*]c[*]cc\c(=C/C)\c(=C)C(=O)[*],,0.0000000,0.0000,1
12.7576,12.7576,-12.7576,0.0000000,C(#Cc1cncc(N2CCC3(CNC3)C2)c1)c1ccccc1[*]c[*]ccc2ccc([*])[nH]c1=O,0,C(#Cc1cncc(N2CCC3(CNC3)C2)c1)c1ccccc1,[*]c[*]ccc2ccc([*])[nH]c1=O,,0.0000000,0.0000,1
62.7043,62.7043,-62.7043,0.0000000,C(#Cc1cncc(N2CCC3(CNC3)C2)c1)c1ccccc1[*]c[*]cccc(CC(=C/c2ccc([*])cc(C)ccc3cc(C)oc3c(-c3cccc(C)ccc3)nc2)/C=C\C,0,C(#Cc1cncc(N2CCC3(CNC3)C2)c1)c1ccccc1,[*]c[*]cccc(CC(=C/c2ccc([*])cc(C)ccc3cc(C)oc3c(-c3cccc(C)ccc3)nc2)/C=C\C,,0.0000000,0.0000,1
7.0596,7.0596,-7.0596,0.0000000,C(#Cc1cncc(N2CCC3(CNC3)C2)c1)c1ccccc1[*]c[*]cccc([*])c1C,0,C(#Cc1cncc(N2CCC3(CNC3)C2)c1)c1ccccc1,[*]c[*]cccc([*])c1C,,0.0000000,0.0000,1
3.5418,3.5418,-3.5418,0.0000000,CC(C)(C)OC(=O)N1CC2(CCN(c3cccc(Br)n3)C2)C1[*]C#C[*],0,CC(C)(C)OC(=O)N1CC2(CCN(c3cccc(Br)n3)C2)C1,[*]C#C[*],,0.0000000,0.0000,1
11.5965,11.5965,-11.5965,0.0000000,CC(C)(C)OC(=O)N1CC2(CCN(c3cccc(Br)n3)C2)C1[*]C(=O)OC(C)(C)CC(=O)[*],0,CC(C)(C)OC(=O)N1CC2(CCN(c3cccc(Br)n3)C2)C1,[*]C(=O)OC(C)(C)CC(=O)[*],,0.0000000,0.0000,1
9.6962,9.6962,-9.6962,0.0000000,CC(C)(C)OC(=O)N1CC2(CCN(c3cccc(Br)n3)C2)C1[*]C(=O)O[C@@H](C)C[*],0,CC(C)(C)OC(=O)N1CC2(CCN(c3cccc(Br)n3)C2)C1,[*]C(=O)O[C@@H](C)C[*],,0.0000000,0.0000,1
4.0270,4.0270,-4.0270,0.0000000,CC(C)(C)OC(=O)N1CC2(CCN(c3cccc(Br)n3)C2)C1[*]C(=O)[*],0,CC(C)(C)OC(=O)N1CC2(CCN(c3cccc(Br)n3)C2)C1,[*]C(=O)[*],,0.0000000,0.0000,1
29.8593,29.8593,-29.8593,0.0000000,CC(C)(C)OC(=O)N1CC2(CCN(c3cccc(Br)n3)C2)C1[*]C(=O)[N+]1([*])C(=O)OC(C)(C)C1=C,0,CC(C)(C)OC(=O)N1CC2(CCN(c3cccc(Br)n3)C2)C1,[*]C(=O)[N+]1([*])C(=O)OC(C)(C)C1=C,,0.0000000,0.0000,1
34.2007,34.2007,-34.2007,0.0000000,CC(C)(C)OC(=O)N1CC2(CCN(c3cccc(Br)n3)C2)C1[*]C(C)(C)C(C)(C)OC(=O)N1C2(CC2)N(c2cccc(C(F)(F)F)n2)C1CN(c1cccc(Br)n1)c(C)C(C)(C)O,0,CC(C)(C)OC(=O)N1CC2(CCN(c3cccc(Br)n3)C2)C1,[*]C(C)(C)C(C)(C)OC(=O)N1C2(CC2)N(c2cccc(C(F)(F)F)n2)C1CN(c1cccc(Br)n1)c(C)C(C)(C)O,,0.0000000,0.0000,1
7.8294,7.8294,-7.8294,0.0000000,CC(C)(C)OC(=O)N1CC2(CCN(c3cccc(Br)n3)C2)C1[*]C(C)(C)C(C)(C)[*],0,CC(C)(C)OC(=O)N1CC2(CCN(c3cccc(Br)n3)C2)C1,[*]C(C)(C)C(C)(C)[*],,0.0000000,0.0000,1
19.3004,19.3004,-19.3004,0.0000000,CC(C)(C)OC(=O)N1CC2(CCN(c3cccc(Br)n3)C2)C1[*]C(C)(C)OC(=O)N(C)C1(C)CC1C(C)(C)OC(=O)NC(C)(C)O[*],0,CC(C)(C)OC(=O)N1CC2(CCN(c3cccc(Br)n3)C2)C1,[*]C(C)(C)OC(=O)N(C)C1(C)CC1C(C)(C)OC(=O)NC(C)(C)O[*],,0.0000000,0.0000,1
21.3538,21.3538,-21.3538,0.0000000,CC(C)(C)OC(=O)N1CC2(CCN(c3cccc(Br)n3)C2)C1[*]C(C)(C)OC(=O)N1CC2(CC(N[*])c3cccc(Br)c3)CCC1C2,0,CC(C)(C)OC(=O)N1CC2(CCN(c3cccc(Br)n3)C2)C1,[*]C(C)(C)OC(=O)N1CC2(CC(N[*])c3cccc(Br)c3)CCC1C2,,0.0000000,0.0000,1
8.8862,8.8862,-8.8862,0.0000000,CC(C)(C)OC(=O)N1CC2(CCN(c3cccc(Br)n3)C2)C1[*]C(C)(C)OC(=O)Nc1ccc([*])nc1,0,CC(C)(C)OC(=O)N1CC2(CCN(c3cccc(Br)n3)C2)C1,[*]C(C)(C)OC(=O)Nc1ccc([*])nc1,,0.0000000,0.0000,1
3.2391,3.2391,-3.2391,0.0000000,CC(C)(C)OC(=O)N1CC2(CCN(c3cccc(Br)n3)C2)C1[*]C(C)(C)OC(=O)[*],0,CC(C)(C)OC(=O)N1CC2(CCN(c3cccc(Br)n3)C2)C1,[*]C(C)(C)OC(=O)[*],,0.0000000,0.0000,1
14.7592,14.7592,-14.7592,0.0000000,CC(C)(C)OC(=O)N1CC2(CCN(c3cccc(Br)n3)C2)C1[*]C(C)(C)OC(C)(C)C(C)(C)OC(=O)N1C2C3CC21C3,0,CC(C)(C)OC(=O)N1CC2(CCN(c3cccc(Br)n3)C2)C1,[*]C(C)(C)OC(C)(C)C(C)(C)OC(=O)N1C2C3CC21C3,,0.0000000,0.0000,1
12.5235,12.5235,-12.5235,0.0000000,CC(C)(C)OC(=O)N1CC2(CCN(c3cccc(Br)n3)C2)C1[*]C(C)(C)OCC(C)(C)OC(C)(C)C(C)(C)O[*],0,CC(C)(C)OC(=O)N1CC2(CCN(c3cccc(Br)n3)C2)C1,[*]C(C)(C)OCC(C)(C)OC(C)(C)C(C)(C)O[*],,0.0000000,0.0000,1
3.0952,3.0952,-3.0952,0.0000000,CC(C)(C)OC(=O)N1CC2(CCN(c3cccc(Br)n3)C2)C1[*]C(C)(C)[*],0,CC(C)(C)OC(=O)N1CC2(CCN(c3cccc(Br)n3)C2)C1,[*]C(C)(C)[*],,0.0000000,0.0000,1
22.6146,22.6146,-22.6146,0.0000000,CC(C)(C)OC(=O)N1CC2(CCN(c3cccc(Br)n3)C2)C1[*]C(C)(O)C(C)(C)OC(=O)c1cccn2c(C[*])nnc12,0,CC(C)(C)OC(=O)N1CC2(CCN(c3cccc(Br)n3)C2)C1,[*]C(C)(O)C(C)(C)OC(=O)c1cccn2c(C[*])nnc12,,0.0000000,0.0000,1
13.8117,13.8117,-13.8117,0.0000000,CC(C)(C)OC(=O)N1CC2(CCN(c3cccc(Br)n3)C2)C1[*]C(C)(O)CCNC(=O)[*],0,CC(C)(C)OC(=O)N1CC2(CCN(c3cccc(Br)n3)C2)C1,[*]C(C)(O)CCNC(=O)[*],,0.0000000,0.0000,1
4.6686,4.6686,-4.6686,0.0000000,CC(C)(C)OC(=O)N1CC2(CCN(c3cccc(Br)n3)C2)C1[*]C(C)[*],0,CC(C)(C)OC(=O)N1CC2(CCN(c3cccc(Br)n3)C2)C1,[*]C(C)[*],,0.0000000,0.0000,1
6.9715,6.9715,-6.9715,0.0000000,CC(C)(C)OC(=O)N1CC2(CCN(c3cccc(Br)n3)C2)C1[*]C(CC)[*],0,CC(C)(C)OC(=O)N1CC2(CCN(c3cccc(Br)n3)C2)C1,[*]C(CC)[*],,0.0000000,0.0000,1
10.4224,10.4224,-10.4224,0.0000000,CC(C)(C)OC(=O)N1CC2(CCN(c3cccc(Br)n3)C2)C1[*]C(O)CCn1ccc([*])n1,0,CC(C)(C)OC(=O)N1CC2(CCN(c3cccc(Br)n3)C2)C1,[*]C(O)CCn1ccc([*])n1,,0.0000000,0.0000,1
3.9300,3.9300,-3.9300,0.0000000,CC(C)(C)OC(=O)N1CC2(CCN(c3cccc(Br)n3)C2)C1[*]C(O)C[*],0,CC(C)(C)OC(=O)N1CC2(CCN(c3cccc(Br)n3)C2)C1,[*]C(O)C[*],,0.0000000,0.0000,1
4.7863,4.7863,-4.7863,0.0000000,CC(C)(C)OC(=O)N1CC2(CCN(c3cccc(Br)n3)C2)C1[*]CC(=O)[*],0,CC(C)(C)OC(=O)N1CC2(CCN(c3cccc(Br)n3)C2)C1,[*]CC(=O)[*],,0.0000000,0.0000,1
14.7030,14.7030,-14.7030,0.0000000,CC(C)(C)OC(=O)N1CC2(CCN(c3cccc(Br)n3)C2)C1[*]CC(C)(C)OC(C)(C)CC(C)(C)OC(=O)N1C2(CCN(c3cccnc3)C2)C1,0,CC(C)(C)OC(=O)N1CC2(CCN(c3cccc(Br)n3)C2)C1,[*]CC(C)(C)OC(C)(C)CC(C)(C)OC(=O)N1C2(CCN(c3cccnc3)C2)C1,,0.0000000,0.0000,1
5.9201,5.9201,-5.9201,0.0000000,CC(C)(C)OC(=O)N1CC2(CCN(c3cccc(Br)n3)C2)C1[*]CC(C)[*],0,CC(C)(C)OC(=O)N1CC2(CCN(c3cccc(Br)n3)C2)C1,[*]CC(C)[*],,0.0000000,0.0000,1
24.2133,24.2133,-24.2133,0.0000000,CC(C)(C)OC(=O)N1CC2(CCN(c3cccc(Br)n3)C2)C1[*]CCC(C)(C)OCC(C)(C)OC(=O)N1CCN(c2cccc(C(F)(F)C(F)(F)F)n2)C1,0,CC(C)(C)OC(=O)N1CC2(CCN(c3cccc(Br)n3)C2)C1,[*]CCC(C)(C)OCC(C)(C)OC(=O)N1CCN(c2cccc(C(F)(F)C(F)(F)F)n2)C1,,0.0000000,0.0000,1
2.5746,2.5746,-2.5746,0.0000000,CC(C)(C)OC(=O)N1CC2(CCN(c3cccc(Br)n3)C2)C1[*]CC[*],0,CC(C)(C)OC(=O)N1CC2(CCN(c3cccc(Br)n3)C2)C1,[*]CC[*],,0.0000000,0.0000,1
14.8851,14.8851,-14.8851,0.0000000,CC(C)(C)OC(=O)N1CC2(CCN(c3cccc(Br)n3)C2)C1[*]Cn1c(C)cc2c(C)nc([*])nc21,0,CC(C)(C)OC(=O)N1CC2(CCN(c3cccc(Br)n3)C2)C1,[*]Cn1c(C)cc2c(C)nc([*])nc21,,0.0000000,0.0000,1
7.4528,7.4528,-7.4528,0.0000000,CC(C)(C)OC(=O)N1CC2(CCN(c3cccc(Br)n3)C2)C1[*]Cn1ccc([*])cc1=O,0,CC(C)(C)OC(=O)N1CC2(CCN(c3cccc(Br)n3)C2)C1,[*]Cn1ccc([*])cc1=O,,0.0000000,0.0000,1
17.9999,17.9999,-17.9999,0.0000000,CC(C)(C)OC(=O)N1CC2(CCN(c3cccc(Br)n3)C2)C1[*][C@@H](C)C(C)(C)OC(=O)N1CC2(C1)CN(c1ccc(Br)nn1)C2,0,CC(C)(C)OC(=O)N1CC2(CCN(c3cccc(Br)n3)C2)C1,[*][C@@H](C)C(C)(C)OC(=O)N1CC2(C1)CN(c1ccc(Br)nn1)C2,,0.0000000,0.0000,1
45.1891,45.1891,-45.1891,0.0000000,CC(C)(C)OC(=O)N1CC2(CCN(c3cccc(Br)n3)C2)C1[*][C@H](CC(C)(C)OC(=O)N1C2(CCN(c3nccc(F)c3F)C2)C1)N1CC2(CCN(c3nccn(C(F)(F)F)c3)CC2)C1,0,CC(C)(C)OC(=O)N1CC2(CCN(c3cccc(Br)n3)C2)C1,[*][C@H](CC(C)(C)OC(=O)N1C2(CCN(c3nccc(F)c3F)C2)C1)N1CC2(CCN(c3nccn(C(F)(F)F)c3)CC2)C1,,0.0000000,0.0000,1
3.2407,3.2407,-3.2407,0.0000000,CC(C)(C)OC(=O)N1CC2(CCN(c3cncc(-c4ccc(F)cc4)c3)C2)C1[*]C#C[*],0,CC(C)(C)OC(=O)N1CC2(CCN(c3cncc(-c4ccc(F)cc4)c3)C2)C1,[*]C#C[*],,0.0000000,0.0000,1
21.8657,21.8657,-21.8657,0.0000000,CC(C)(C)OC(=O)N1CC2(CCN(c3cncc(-c4ccc(F)cc4)c3)C2)C1[*]C(C)(C)OC(=O)N1CC2(CCCN(c3ccc(-c4ccc(F)c(F)c4)cc3[*])C2)C1,0,CC(C)(C)OC(=O)N1CC2(CCN(c3cncc(-c4ccc(F)cc4)c3)C2)C1,[*]C(C)(C)OC(=O)N1CC2(CCCN(c3ccc(-c4ccc(F)c(F)c4)cc3[*])C2)C1,,0.0000000,0.0000,1
11.3370,11.3370,-11.3370,0.0000000,CC(C)(C)OC(=O)N1CC2(CCN(c3cncc(-c4ccc(F)cc4)c3)C2)C1[*]C(C)(C)OC(=O)N1CC2(C[*])CCC12,0,CC(C)(C)OC(=O)N1CC2(CCN(c3cncc(-c4ccc(F)cc4)c3)C2)C1,[*]C(C)(C)OC(=O)N1CC2(C[*])CCC12,,0.0000000,0.0000,1
43.9763,43.9763,-43.9763,0.0000000,CC(C)(C)OC(=O)N1CC2(CCN(c3cncc(-c4ccc(F)cc4)c3)C2)C1[*]C(C)(C)OC(C)(C)c1cncnc1-c1cccc(C(C)(C)OC(=O)N2CC3(C2)CN(c2ccc(F)c(-c4ncc(F)c(C)c4)c2)C3)c(C)c(O)c([*])c1,0,CC(C)(C)OC(=O)N1CC2(CCN(c3cncc(-c4ccc(F)cc4)c3)C2)C1,[*]C(C)(C)OC(C)(C)c1cncnc1-c1cccc(C(C)(C)OC(=O)N2CC3(C2)CN(c2ccc(F)c(-c4ncc(F)c(C)c4)c2)C3)c(C)c(O)c([*])c1,,0.0000000,0.0000,1
2.3651,2.3651,-2.3651,0.0000000,CC(C)(C)OC(=O)N1CC2(CCN(c3cncc(-c4ccc(F)cc4)c3)C2)C1[*]C(C)(C)O[*],0,CC(C)(C)OC(=O)N1CC2(CCN(c3cncc(-c4ccc(F)cc4)c3)C2)C1,[*]C(C)(C)O[*],,0.0000000,0.0000,1
2.5007,2.5007,-2.5007,0.0000000,CC(C)(C)OC(=O)N1CC2(CCN(c3cncc(-c4ccc(F)cc4)c3)C2)C1[*]C(C)(C)[*],0,CC(C)(C)OC(=O)N1CC2(CCN(c3cncc(-c4ccc(F)cc4)c3)C2)C1,[*]C(C)(C)[*],,0.0000000,0.0000,1
3.8494,3.8494,-3.8494,0.0000000,CC(C)(C)OC(=O)N1CC2(CCN(c3cncc(-c4ccc(F)cc4)c3)C2)C1[*]C(C)(O)[*],0,CC(C)(C)OC(=O)N1CC2(CCN(c3cncc(-c4ccc(F)cc4)c3)C2)C1,[*]C(C)(O)[*],,0.0000000,0.0000,1
29.8045,29.8045,-29.8045,0.0000000,CC(C)(C)OC(=O)N1CC2(CCN(c3cncc(-c4ccc(F)cc4)c3)C2)C1[*]C(C/C(N)=N/C=C)Nc1ccnc([*])c1,0,CC(C)(C)OC(=O)N1CC2(CCN(c3cncc(-c4ccc(F)cc4)c3)C2)C1,[*]C(C/C(N)=N/C=C)Nc1ccnc([*])c1,,0.0000000,0.0000,1
9.5552,9.5552,-9.5552,0.0000000,CC(C)(C)OC(=O)N1CC2(CCN(c3cncc(-c4ccc(F)cc4)c3)C2)C1[*]C(C[*])c1ccccc1,0,CC(C)(C)OC(=O)N1CC2(CCN(c3cncc(-c4ccc(F)cc4)c3)C2)C1,[*]C(C[*])c1ccccc1,,0.0000000,0.0000,1
25.7555,25.7555,-25.7555,0.0000000,CC(C)(C)OC(=O)N1CC2(CCN(c3cncc(-c4ccc(F)cc4)c3)C2)C1[*]C(O)(C#C[*])C(=O)N1CCC(Oc2cncc(-c3ccc(F)c(Cl)c3)n2)CC1,0,CC(C)(C)OC(=O)N1CC2(CCN(c3cncc(-c4ccc(F)cc4)c3)C2)C1,[*]C(O)(C#C[*])C(=O)N1CCC(Oc2cncc(-c3ccc(F)c(Cl)c3)n2)CC1,,0.0000000,0.0000,1
20.9232,20.9232,-20.9232,0.0000000,CC(C)(C)OC(=O)N1CC2(CCN(c3cncc(-c4ccc(F)cc4)c3)C2)C1[*]C(O)(C1=CCCOC1)C(F)(F)[*],0,CC(C)(C)OC(=O)N1CC2(CCN(c3cncc(-c4ccc(F)cc4)c3)C2)C1,[*]C(O)(C1=CCCOC1)C(F)(F)[*],,0.0000000,0.0000,1
4.2773,4.2773,-4.2773,0.0000000,CC(C)(C)OC(=O)N1CC2(CCN(c3cncc(-c4ccc(F)cc4)c3)C2)C1[*]C(O)(CC)[*],0,CC(C)(C)OC(=O)N1CC2(CCN(c3cncc(-c4ccc(F)cc4)c3)C2)C1,[*]C(O)(CC)[*],,0.0000000,0.0000,1
11.8558,11.8558,-11.8558,0.0000000,CC(C)(C)OC(=O)N1CC2(CCN(c3cncc(-c4ccc(F)cc4)c3)C2)C1[*]C(O)(CCC(C)(C)O)C[*],0,CC(C)(C)OC(=O)N1CC2(CCN(c3cncc(-c4ccc(F)cc4)c3)C2)C1,[*]C(O)(CCC(C)(C)O)C[*],,0.0000000,0.0000,1
28.2748,28.2748,-28.2748,0.0000000,CC(C)(C)OC(=O)N1CC2(CCN(c3cncc(-c4ccc(F)cc4)c3)C2)C1[*]C(O)(CO)CN(C)c1cccc(-c2ccnc(-c3cnn(C(C)(C)[*])c3)n2)c1,0,CC(C)(C)OC(=O)N1CC2(CCN(c3cncc(-c4ccc(F)cc4)c3)C2)C1,[*]C(O)(CO)CN(C)c1cccc(-c2ccnc(-c3cnn(C(C)(C)[*])c3)n2)c1,,0.0000000,0.0000,1
7.4586,7.4586,-7.4586,0.0000000,CC(C)(C)OC(=O)N1CC2(CCN(c3cncc(-c4ccc(F)cc4)c3)C2)C1[*]C(O)C(C)[*],0,CC(C)(C)OC(=O)N1CC2(CCN(c3cncc(-c4ccc(F)cc4)c3)C2)C1,[*]C(O)C(C)[*],,0.0000000,0.0000,1
17.1304,17.1304,-17.1304,0.0000000,CC(C)(C)OC(=O)N1CC2(CCN(c3cncc(-c4ccc(F)cc4)c3)C2)C1[*]CCNC(=O)c1cnc(-c2cccc([*])c2)n1C,0,CC(C)(C)OC(=O)N1CC2(CCN(c3cncc(-c4ccc(F)cc4)c3)C2)C1,[*]CCNC(=O)c1cnc(-c2cccc([*])c2)n1C,,0.0000000,0.0000,1
13.9714,13.9714,-13.9714,0.0000000,CC(C)(C)OC(=O)N1CC2(CCN(c3cncc(-c4ccc(F)cc4)c3)C2)C1[*]CCNc1cnc(-c2ccc(F)cc2)c([*])n1,0,CC(C)(C)OC(=O)N1CC2(CCN(c3cncc(-c4ccc(F)cc4)c3)C2)C1,[*]CCNc1cnc(-c2ccc(F)cc2)c([*])n1,,0.0000000,0.0000,1
3.1867,3.1867,-3.1867,0.0000000,CC(C)(C)OC(=O)N1CC2(CCN(c3cncc(-c4ccc(F)cc4)c3)C2)C1[*]CC[*],0,CC(C)(C)OC(=O)N1CC2(CCN(c3cncc(-c4ccc(F)cc4)c3)C2)C1,[*]CC[*],,0.0000000,0.0000,1
13.8880,13.8880,-13.8880,0.0000000,CC(C)(C)OC(=O)N1CC2(CCN(c3cncc(-c4ccc(F)cc4)c3)C2)C1[*]Cc1cccc(C[*])ccc1,0,CC(C)(C)OC(=O)N1CC2(CCN(c3cncc(-c4ccc(F)cc4)c3)C2)C1,[*]Cc1cccc(C[*])ccc1,,0.0000000,0.0000,1
11.3063,11.3063,-11.3063,0.0000000,CC(C)(C)OC(=O)N1CC2(CCN(c3cncc(-c4ccc(F)cc4)c3)C2)C1[*]Cn1cc(-c2cccc([*])c2)c2c(N)ncnc21,0,CC(C)(C)OC(=O)N1CC2(CCN(c3cncc(-c4ccc(F)cc4)c3)C2)C1,[*]Cn1cc(-c2cccc([*])c2)c2c(N)ncnc21,,0.0000000,0.0000,1
18.3624,18.3624,-18.3624,0.0000000,CC(C)(C)OC(=O)N1CC2(CCN(c3cncc(-c4ccc(F)cc4)c3)C2)C1[*]Cn1cc(C[*])nc1-c1ccc(F)cn1,0,CC(C)(C)OC(=O)N1CC2(CCN(c3cncc(-c4ccc(F)cc4)c3)C2)C1,[*]Cn1cc(C[*])nc1-c1ccc(F)cn1,,0.0000000,0.0000,1
8.6281,8.6281,-8.6281,0.0000000,CC(C)(C)OC(=O)N1CC2(CCN(c3cncc(-c4ccc(F)cc4)c3)C2)C1[*]Cn1cnc(-c2ccc([*])cc2)c1,0,CC(C)(C)OC(=O)N1CC2(CCN(c3cncc(-c4ccc(F)cc4)c3)C2)C1,[*]Cn1cnc(-c2ccc([*])cc2)c1,,0.0000000,0.0000,1
30.6530,30.6530,-30.6530,0.0000000,CC(C)(C)OC(=O)N1CC2(CCN(c3cncc(-c4ccc(F)cc4)c3)C2)C1[*]N1CCc2nc(C(=O)[*])n(-c3ccccc3C(F)(F)F)c2C1=O,0,CC(C)(C)OC(=O)N1CC2(CCN(c3cncc(-c4ccc(F)cc4)c3)C2)C1,[*]N1CCc2nc(C(=O)[*])n(-c3ccccc3C(F)(F)F)c2C1=O,,0.0000000,0.0000,1
7.5288,7.5288,-7.5288,0.0000000,CC(C)(C)OC(=O)N1CC2(CCN(c3cncc(-c4ccc(F)cc4)c3)C2)C1[*][C@H](C)[*],0,CC(C)(C)OC(=O)N1CC2(CCN(c3cncc(-c4ccc(F)cc4)c3)C2)C1,[*][C@H](C)[*],,0.0000000,0.0000,1
37.7127,37.7127,-37.7127,0.0000000,CC(C)(C)OC(=O)N1CC2(CCN(c3cncc(-c4ccc(F)cc4)c3)C2)C1[*][C@H](C)n1cc([*])c2nc(-c3ccnc(N4CC5(COC5)C4)c3)c(=O)n(-c3ccccc3)c21,0,CC(C)(C)OC(=O)N1CC2(CCN(c3cncc(-c4ccc(F)cc4)c3)C2)C1,[*][C@H](C)n1cc([*])c2nc(-c3ccnc(N4CC5(COC5)C4)c3)c(=O)n(-c3ccccc3)c21,,0.0000000,0.0000,1
2.8945,2.8945,-2.8945,0.0000000,CC(C)(C)OC(=O)N1CC2(CCN(c3cncc(Br)c3)C2)C1[*]C#C[*],0,CC(C)(C)OC(=O)N1CC2(CCN(c3cncc(Br)c3)C2)C1,[*]C#C[*],,0.0000000,0.0000,1
41.2075,41.2075,-41.2075,0.0000000,CC(C)(C)OC(=O)N1CC2(CCN(c3cncc(Br)c3)C2)C1[*]C(=O)N1C(=O)N2C1CC1(C)C2C1C(C)(C)OC(=O)Nc1cnc2cncc(Br)c2c1,0,CC(C)(C)OC(=O)N1CC2(CCN(c3cncc(Br)c3)C2)C1,[*]C(=O)N1C(=O)N2C1CC1(C)C2C1C(C)(C)OC(=O)Nc1cnc2cncc(Br)c2c1,,0.0000000,0.0000,1
4.1918,4.1918,-4.1918,0.0000000,CC(C)(C)OC(=O)N1CC2(CCN(c3cncc(Br)c3)C2)C1[*]C(=O)[*],0,CC(C)(C)OC(=O)N1CC2(CCN(c3cncc(Br)c3)C2)C1,[*]C(=O)[*],,0.0000000,0.0000,1
30.8571,30.8571,-30.8571,0.0000000,CC(C)(C)OC(=O)N1CC2(CCN(c3cncc(Br)c3)C2)C1[*]C(C)(C)C(O)COCC(C)(C)C(O)C(C)(C)OC(C)(C)C(O)C(C)(C)CC(C)(C)O,0,CC(C)(C)OC(=O)N1CC2(CCN(c3cncc(Br)c3)C2)C1,[*]C(C)(C)C(O)COCC(C)(C)C(O)C(C)(C)OC(C)(C)C(O)C(C)(C)CC(C)(C)O,,0.0000000,0.0000,1
43.9242,43.9242,-43.9242,0.0000000,CC(C)(C)OC(=O)N1CC2(CCN(c3cncc(Br)c3)C2)C1[*]C(C)(C)OC(=O)N(C)C1CC1(C)N(c1ncnc2c1cncn2C)C(C)(C)OC(=O)N1C2CCN(c3cnc(C(F)(F)F)c(F)c3)C21,0,CC(C)(C)OC(=O)N1CC2(CCN(c3cncc(Br)c3)C2)C1,[*]C(C)(C)OC(=O)N(C)C1CC1(C)N(c1ncnc2c1cncn2C)C(C)(C)OC(=O)N1C2CCN(c3cnc(C(F)(F)F)c(F)c3)C21,,0.0000000,0.0000,1
11.0947,11.0947,-11.0947,0.0000000,CC(C)(C)OC(=O)N1CC2(CCN(c3cncc(Br)c3)C2)C1[*]C(C)(C)OC(=O)N1C2CC2(C[*])C1,0,CC(C)(C)OC(=O)N1CC2(CCN(c3cncc(Br)c3)C2)C1,[*]C(C)(C)OC(=O)N1C2CC2(C[*])C1,,0.0000000,0.0000,1
51.9947,51.9947,-51.9947,0.0000000,CC(C)(C)OC(=O)N1CC2(CCN(c3cncc(Br)c3)C2)C1[*]C(C)(C)OC(=O)N1CC2(CC1=O)CN(c1cnc(Br)c([C@@H]3C[C@@H](OC(=O)N4C5(CCC(n6cc(Br)cn6)C5)C4)CNC3=O)c1)CC2,0,CC(C)(C)OC(=O)N1CC2(CCN(c3cncc(Br)c3)C2)C1,[*]C(C)(C)OC(=O)N1CC2(CC1=O)CN(c1cnc(Br)c([C@@H]3C[C@@H](OC(=O)N4C5(CCC(n6cc(Br)cn6)C5)C4)CNC3=O)c1)CC2,,0.0000000,0.0000,1
17.5805,17.5805,-17.5805,0.0000000,CC(C)(C)OC(=O)N1CC2(CCN(c3cncc(Br)c3)C2)C1[*]C(C)(C)OC(=O)N1CCn2cc(N3CCC(C[*])C3)cc2C1,0,CC(C)(C)OC(=O)N1CC2(CCN(c3cncc(Br)c3)C2)C1,[*]C(C)(C)OC(=O)N1CCn2cc(N3CCC(C[*])C3)cc2C1,,0.0000000,0.0000,1
3.8247,3.8247,-3.8247,0.0000000,CC(C)(C)OC(=O)N1CC2(CCN(c3cncc(Br)c3)C2)C1[*]C(C)(C)OC(=O)[*],0,CC(C)(C)OC(=O)N1CC2(CCN(c3cncc(Br)c3)C2)C1,[*]C(C)(C)OC(=O)[*],,0.0000000,0.0000,1
41.3099,41.3099,-41.3099,0.0000000,CC(C)(C)OC(=O)N1CC2(CCN(c3cncc(Br)c3)C2)C1[*]C(C)(C)OC(C)(C)C(=O)N1C2(OCCC(O[*])C1(F)F)OC2(Cl)Cl,0,CC(C)(C)OC(=O)N1CC2(CCN(c3cncc(Br)c3)C2)C1,[*]C(C)(C)OC(C)(C)C(=O)N1C2(OCCC(O[*])C1(F)F)OC2(Cl)Cl,,0.0000000,0.0000,1
32.1636,32.1636,-32.1636,0.0000000,CC(C)(C)OC(=O)N1CC2(CCN(c3cncc(Br)c3)C2)C1[*]C(C)(C)OCCC(C)(C)OC(=O)N1C2CN(c3cnc([*])c(N)c3)C(=O)N2C1,0,CC(C)(C)OC(=O)N1CC2(CCN(c3cncc(Br)c3)C2)C1,[*]C(C)(C)OCCC(C)(C)OC(=O)N1C2CN(c3cnc([*])c(N)c3)C(=O)N2C1,,0.0000000,0.0000,1
3.1947,3.1947,-3.1947,0.0000000,CC(C)(C)OC(=O)N1CC2(CCN(c3cncc(Br)c3)C2)C1[*]C(C)(C)[*],0,CC(C)(C)OC(=O)N1CC2(CCN(c3cncc(Br)c3)C2)C1,[*]C(C)(C)[*],,0.0000000,0.0000,1
24.8752,24.8752,-24.8752,0.0000000,CC(C)(C)OC(=O)N1CC2(CCN(c3cncc(Br)c3)C2)C1[*]C(C)(O)CN1CCc2cc(Br)cc(CN[*])c2C1,0,CC(C)(C)OC(=O)N1CC2(CCN(c3cncc(Br)c3)C2)C1,[*]C(C)(O)CN1CCc2cc(Br)cc(CN[*])c2C1,,0.0000000,0.0000,1
5.4419,5.4419,-5.4419,0.0000000,CC(C)(C)OC(=O)N1CC2(CCN(c3cncc(Br)c3)C2)C1[*]C(C)(O)C[*],0,CC(C)(C)OC(=O)N1CC2(CCN(c3cncc(Br)c3)C2)C1,[*]C(C)(O)C[*],,0.0000000,0.0000,1
8.2491,8.2491,-8.2491,0.0000000,CC(C)(C)OC(=O)N1CC2(CCN(c3cncc(Br)c3)C2)C1[*]C(C)C(=O)[*],0,CC(C)(C)OC(=O)N1CC2(CCN(c3cncc(Br)c3)C2)C1,[*]C(C)C(=O)[*],,0.0000000,0.0000,1
4.8241,4.8241,-4.8241,0.0000000,CC(C)(C)OC(=O)N1CC2(CCN(c3cncc(Br)c3)C2)C1[*]C(F)(F)[*],0,CC(C)(C)OC(=O)N1CC2(CCN(c3cncc(Br)c3)C2)C1,[*]C(F)(F)[*],,0.0000000,0.0000,1
6.1292,6.1292,-6.1292,0.0000000,CC(C)(C)OC(=O)N1CC2(CCN(c3cncc(Br)c3)C2)C1[*]C(F)[*],0,CC(C)(C)OC(=O)N1CC2(CCN(c3cncc(Br)c3)C2)C1,[*]C(F)[*],,0.0000000,0.0000,1
4.0531,4.0531,-4.0531,0.0000000,CC(C)(C)OC(=O)N1CC2(CCN(c3cncc(Br)c3)C2)C1[*]C(O)C[*],0,CC(C)(C)OC(=O)N1CC2(CCN(c3cncc(Br)c3)C2)C1,[*]C(O)C[*],,0.0000000,0.0000,1
75.6187,75.6187,-75.6187,0.0000000,CC(C)(C)OC(=O)N1CC2(CCN(c3cncc(Br)c3)C2)C1[*]CC(=O)N1CC2CC1C1C(CN(c3cnn(C(F)F)c3)C(=O)N3CCCC3)C(c2nn(C(C)(C)C)c3c2C(C)(C)OC(C)(C)CC3)C1CC(C)(C)OC(=O)N1C,0,CC(C)(C)OC(=O)N1CC2(CCN(c3cncc(Br)c3)C2)C1,[*]CC(=O)N1CC2CC1C1C(CN(c3cnn(C(F)F)c3)C(=O)N3CCCC3)C(c2nn(C(C)(C)C)c3c2C(C)(C)OC(C)(C)CC3)C1CC(C)(C)OC(=O)N1C,,0.0000000,0.0000,1
17.1243,17.1243,-17.1243,0.0000000,CC(C)(C)OC(=O)N1CC2(CCN(c3cncc(Br)c3)C2)C1[*]CC(C)(C)COC(=O)N1C2CCN([*])CC2(C)C1,0,CC(C)(C)OC(=O)N1CC2(CCN(c3cncc(Br)c3)C2)C1,[*]CC(C)(C)COC(=O)N1C2CCN([*])CC2(C)C1,,0.0000000,0.0000,1
30.9197,30.9197,-30.9197,0.0000000,CC(C)(C)OC(=O)N1CC2(CCN(c3cncc(Br)c3)C2)C1[*]CC(C)(CC)OC(=O)N1C2CC(N3CC4(CC4CC(C)(C)[*])C3)C1C2,0,CC(C)(C)OC(=O)N1CC2(CCN(c3cncc(Br)c3)C2)C1,[*]CC(C)(CC)OC(=O)N1C2CC(N3CC4(CC4CC(C)(C)[*])C3)C1C2,,0.0000000,0.0000,1
10.6118,10.6118,-10.6118,0.0000000,CC(C)(C)OC(=O)N1CC2(CCN(c3cncc(Br)c3)C2)C1[*]CC(O)(CC)C[*],0,CC(C)(C)OC(=O)N1CC2(CCN(c3cncc(Br)c3)C2)C1,[*]CC(O)(CC)C[*],,0.0000000,0.0000,1
19.5870,19.5870,-19.5870,0.0000000,CC(C)(C)OC(=O)N1CC2(CCN(c3cncc(Br)c3)C2)C1[*]CCC(C)(C)OC(=O)N1CC2(C1)CCN(C(=O)NC(C)(C)C[*])C2,0,CC(C)(C)OC(=O)N1CC2(CCN(c3cncc(Br)c3)C2)C1,[*]CCC(C)(C)OC(=O)N1CC2(C1)CCN(C(=O)NC(C)(C)C[*])C2,,0.0000000,0.0000,1
7.3163,7.3163,-7.3163,0.0000000,CC(C)(C)OC(=O)N1CC2(CCN(c3cncc(Br)c3)C2)C1[*]CCCC[*],0,CC(C)(C)OC(=O)N1CC2(CCN(c3cncc(Br)c3)C2)C1,[*]CCCC[*],,0.0000000,0.0000,1
38.0897,38.0897,-38.0897,0.0000000,CC(C)(C)OC(=O)N1CC2(CCN(c3cncc(Br)c3)C2)C1[*]COCCOC(C)(C)COC(C)(C)CCOC(=O)N1C2CN(c3nccc(CF)c3F)CC1C2,0,CC(C)(C)OC(=O)N1CC2(CCN(c3cncc(Br)c3)C2)C1,[*]COCCOC(C)(C)COC(C)(C)CCOC(=O)N1C2CN(c3nccc(CF)c3F)CC1C2,,0.0000000,0.0000,1
18.3910,18.3910,-18.3910,0.0000000,CC(C)(C)OC(=O)N1CC2(CCN(c3cncc(Br)c3)C2)C1[*]Cc1ccc(C#N)c(O[*])cc1OC,0,CC(C)(C)OC(=O)N1CC2(CCN(c3cncc(Br)c3)C2)C1,[*]Cc1ccc(C#N)c(O[*])cc1OC,,0.0000000,0.0000,1
16.3166,16.3166,-16.3166,0.0000000,CC(C)(C)OC(=O)N1CC2(CCN(c3cncc(Br)c3)C2)C1[*]Cn1ccnc(C(=O)NC2(c3ccc([*])cc3F)CC2)c1=O,0,CC(C)(C)OC(=O)N1CC2(CCN(c3cncc(Br)c3)C2)C1,[*]Cn1ccnc(C(=O)NC2(c3ccc([*])cc3F)CC2)c1=O,,0.0000000,0.0000,1
12.4915,12.4915,-12.4915,0.0000000,CC(C)(C)OC(=O)N1CC2(CCN(c3cncc(Br)c3)C2)C1[*]N1C(C)(C)C([*])C1(C)C,0,CC(C)(C)OC(=O)N1CC2(CCN(c3cncc(Br)c3)C2)C1,[*]N1C(C)(C)C([*])C1(C)C,,0.0000000,0.0000,1
10.2187,10.2187,-10.2187,0.0000000,CC(C)(C)OC(=O)N1CC2(CCN(c3cncc(Br)c3)C2)C1[*]N1CCC(C)([*])CC1,0,CC(C)(C)OC(=O)N1CC2(CCN(c3cncc(Br)c3)C2)C1,[*]N1CCC(C)([*])CC1,,0.0000000,0.0000,1
24.1373,24.1373,-24.1373,0.0000000,CC(C)(C)OC(=O)N1CC2(CCN(c3cncc(Br)c3)C2)C1[*]N1CCN(C(C)(C)COC(=O)NC2(C)CCN(c3cnc([*])nc3)CC2)CC1,0,CC(C)(C)OC(=O)N1CC2(CCN(c3cncc(Br)c3)C2)C1,[*]N1CCN(C(C)(C)COC(=O)NC2(C)CCN(c3cnc([*])nc3)CC2)CC1,,0.0000000,0.0000,1
28.5539,28.5539,-28.5539,0.0000000,CC(C)(C)OC(=O)N1CC2(CCN(c3cncc(Br)c3)C2)C1[*]N1Cc2ccc(C(O)CCCn3cc([*])cn3)cc21,0,CC(C)(C)OC(=O)N1CC2(CCN(c3cncc(Br)c3)C2)C1,[*]N1Cc2ccc(C(O)CCCn3cc([*])cn3)cc21,,0.0000000,0.0000,1
10.2287,10.2287,-10.2287,0.0000000,CC(C)(C)OC(=O)N1CC2(CCN(c3cncc(Br)c3)C2)C1[*][C@H](C)CO[*],0,CC(C)(C)OC(=O)N1CC2(CCN(c3cncc(Br)c3)C2)C1,[*][C@H](C)CO[*],,0.0000000,0.0000,1
7.2565,7.2565,-7.2565,0.0000000,CC(C)(C)OC(=O)N1CC2(CCN(c3cncc(C#Cc4ccccc4)c3)C2)C1[*]C#CC[*],0,CC(C)(C)OC(=O)N1CC2(CCN(c3cncc(C#Cc4ccccc4)c3)C2)C1,[*]C#CC[*],,0.0000000,0.0000,1
3.7550,3.7550,-3.7550,0.0000000,CC(C)(C)OC(=O)N1CC2(CCN(c3cncc(C#Cc4ccccc4)c3)C2)C1[*]C#C[*],0,CC(C)(C)OC(=O)N1CC2(CCN(c3cncc(C#Cc4ccccc4)c3)C2)C1,[*]C#C[*],,0.0000000,0.0000,1
63.9528,63.9528,-63.9528,0.0000000,CC(C)(C)OC(=O)N1CC2(CCN(c3cncc(C#Cc4ccccc4)c3)C2)C1[*]C#Cc1cc(CCc2ccc3c(c2)-n2ncc(C(C)(O)O)c2CO3)cc(CCc2ccc3cccc(C(=C)OCC)cc-3n2)ccn1,0,CC(C)(C)OC(=O)N1CC2(CCN(c3cncc(C#Cc4ccccc4)c3)C2)C1,[*]C#Cc1cc(CCc2ccc3c(c2)-n2ncc(C(C)(O)O)c2CO3)cc(CCc2ccc3cccc(C(=C)OCC)cc-3n2)ccn1,,0.0000000,0.0000,1
5.5762,5.5762,-5.5762,0.0000000,CC(C)(C)OC(=O)N1CC2(CCN(c3cncc(C#Cc4ccccc4)c3)C2)C1[*]C#Cc1ccc([*])nc1,0,CC(C)(C)OC(=O)N1CC2(CCN(c3cncc(C#Cc4ccccc4)c3)C2)C1,[*]C#Cc1ccc([*])nc1,,0.0000000,0.0000,1
7.4453,7.4453,-7.4453,0.0000000,CC(C)(C)OC(=O)N1CC2(CCN(c3cncc(C#Cc4ccccc4)c3)C2)C1[*]C#Cc1cnc([*])nc1,0,CC(C)(C)OC(=O)N1CC2(CCN(c3cncc(C#Cc4ccccc4)c3)C2)C1,[*]C#Cc1cnc([*])nc1,,0.0000000,0.0000,1
5.2371,5.2371,-5.2371,0.0000000,CC(C)(C)OC(=O)N1CC2(CCN(c3cncc(C#Cc4ccccc4)c3)C2)C1[*]C(=O)[*],0,CC(C)(C)OC(=O)N1CC2(CCN(c3cncc(C#Cc4ccccc4)c3)C2)C1,[*]C(=O)[*],,0.0000000,0.0000,1
10.6088,10.6088,-10.6088,0.0000000,CC(C)(C)OC(=O)N1CC2(CCN(c3cncc(C#Cc4ccccc4)c3)C2)C1[*]C(C)(C)C(=O)OCC(C)(C)[*],0,CC(C)(C)OC(=O)N1CC2(CCN(c3cncc(C#Cc4ccccc4)c3)C2)C1,[*]C(C)(C)C(=O)OCC(C)(C)[*],,0.0000000,0.0000,1
128.9072,128.9072,-128.9072,0.0000000,CC(C)(C)OC(=O)N1CC2(CCN(c3cncc(C#Cc4ccccc4)c3)C2)C1[*]C(C)(C)N1CCOc2cnc(C#Cc3ccc4c(c3)CN(C3(C(C)(C)OC(=O)N5CC(C)(C)N(C)C5=O)CCc5cnc(C=C(C)c5)ncc(C=C)c5=CCC(=C)nc3C(C)CC3CC3)C4)cc2COC)N1,0,CC(C)(C)OC(=O)N1CC2(CCN(c3cncc(C#Cc4ccccc4)c3)C2)C1,[*]C(C)(C)N1CCOc2cnc(C#Cc3ccc4c(c3)CN(C3(C(C)(C)OC(=O)N5CC(C)(C)N(C)C5=O)CCc5cnc(C=C(C)c5)ncc(C=C)c5=CCC(=C)nc3C(C)CC3CC3)C4)cc2COC)N1,,0.0000000,0.0000,1
26.2974,26.2974,-26.2974,0.0000000,CC(C)(C)OC(=O)N1CC2(CCN(c3cncc(C#Cc4ccccc4)c3)C2)C1[*]C(C)(C)OC(=O)N1C2CC2(C(=O)c2ncc([*])c(C)c2C)C1,0,CC(C)(C)OC(=O)N1CC2(CCN(c3cncc(C#Cc4ccccc4)c3)C2)C1,[*]C(C)(C)OC(=O)N1C2CC2(C(=O)c2ncc([*])c(C)c2C)C1,,0.0000000,0.0000,1
14.4375,14.4375,-14.4375,0.0000000,CC(C)(C)OC(=O)N1CC2(CCN(c3cncc(C#Cc4ccccc4)c3)C2)C1[*]C(C)(C)OC(=O)N1CC2(CC1)CN(c1cnc(C#Cc3ccccc3)c(F)c1)C2,0,CC(C)(C)OC(=O)N1CC2(CCN(c3cncc(C#Cc4ccccc4)c3)C2)C1,[*]C(C)(C)OC(=O)N1CC2(CC1)CN(c1cnc(C#Cc3ccccc3)c(F)c1)C2,,0.0000000,0.0000,1
46.0518,46.0518,-46.0518,0.0000000,CC(C)(C)OC(=O)N1CC2(CCN(c3cncc(C#Cc4ccccc4)c3)C2)C1[*]C(C)(C)OC(=O)N1CCOCc2cn(CC[C@](C)(C(=C)C)C(=C)F)nc2C1,0,CC(C)(C)OC(=O)N1CC2(CCN(c3cncc(C#Cc4ccccc4)c3)C2)C1,[*]C(C)(C)OC(=O)N1CCOCc2cn(CC[C@](C)(C(=C)C)C(=C)F)nc2C1,,0.0000000,0.0000,1
42.6053,42.6053,-42.6053,0.0000000,CC(C)(C)OC(=O)N1CC2(CCN(c3cncc(C#Cc4ccccc4)c3)C2)C1[*]C(C)(C)OC(=O)NC1CCN(c2ccnc(C#Cc3ccccc3)n2)CC1OC(=O)N1CCC(c2ccnc(C#CCc3ccc(CC)cc3)n2)C1,0,CC(C)(C)OC(=O)N1CC2(CCN(c3cncc(C#Cc4ccccc4)c3)C2)C1,[*]C(C)(C)OC(=O)NC1CCN(c2ccnc(C#Cc3ccccc3)n2)CC1OC(=O)N1CCC(c2ccnc(C#CCc3ccc(CC)cc3)n2)C1,,0.0000000,0.0000,1
3.6027,3.6027,-3.6027,0.0000000,CC(C)(C)OC(=O)N1CC2(CCN(c3cncc(C#Cc4ccccc4)c3)C2)C1[*]C(C)(C)OC(=O)[*],0,CC(C)(C)OC(=O)N1CC2(CCN(c3cncc(C#Cc4ccccc4)c3)C2)C1,[*]C(C)(C)OC(=O)[*],,0.0000000,0.0000,1
26.1005,26.1005,-26.1005,0.0000000,CC(C)(C)OC(=O)N1CC2(CCN(c3cncc(C#Cc4ccccc4)c3)C2)C1[*]C(C)(C)OC(C)(C)C(C)(C)OC(=C)C(C)(C)OC(C)(C)C(C)(C)C(=O)N1CC2(C1)CN(c1ccnc(C#Cc3ccccc3)c1)C2,0,CC(C)(C)OC(=O)N1CC2(CCN(c3cncc(C#Cc4ccccc4)c3)C2)C1,[*]C(C)(C)OC(C)(C)C(C)(C)OC(=C)C(C)(C)OC(C)(C)C(C)(C)C(=O)N1CC2(C1)CN(c1ccnc(C#Cc3ccccc3)c1)C2,,0.0000000,0.0000,1
32.1206,32.1206,-32.1206,0.0000000,CC(C)(C)OC(=O)N1CC2(CCN(c3cncc(C#Cc4ccccc4)c3)C2)C1[*]C(C)(C)OC(C)(C)C(C)OC(C)(C)Cc1ncc(C#CC(C)(C)O)c(F)n1,0,CC(C)(C)OC(=O)N1CC2(CCN(c3cncc(C#Cc4ccccc4)c3)C2)C1,[*]C(C)(C)OC(C)(C)C(C)OC(C)(C)Cc1ncc(C#CC(C)(C)O)c(F)n1,,0.0000000,0.0000,1
43.4436,43.4436,-43.4436,0.0000000,CC(C)(C)OC(=O)N1CC2(CCN(c3cncc(C#Cc4ccccc4)c3)C2)C1[*]C(C)(C)OC(C)(C)OC(=O)N1C2CCC1C2C(C)(C)OC(=O)N1C2CCC1C(=O)N(C)C1NC12CC1C(C)(C)C2,0,CC(C)(C)OC(=O)N1CC2(CCN(c3cncc(C#Cc4ccccc4)c3)C2)C1,[*]C(C)(C)OC(C)(C)OC(=O)N1C2CCC1C2C(C)(C)OC(=O)N1C2CCC1C(=O)N(C)C1NC12CC1C(C)(C)C2,,0.0000000,0.0000,1
3.6567,3.6567,-3.6567,0.0000000,CC(C)(C)OC(=O)N1CC2(CCN(c3cncc(C#Cc4ccccc4)c3)C2)C1[*]C(C)(C)O[*],0,CC(C)(C)OC(=O)N1CC2(CCN(c3cncc(C#Cc4ccccc4)c3)C2)C1,[*]C(C)(C)O[*],,0.0000000,0.0000,1
21.8456,21.8456,-21.8456,0.0000000,CC(C)(C)OC(=O)N1CC2(CCN(c3cncc(C#Cc4ccccc4)c3)C2)C1[*]C(C)(C)n1ccc2c(Oc3cccnc3)nc([*])nc21,0,CC(C)(C)OC(=O)N1CC2(CCN(c3cncc(C#Cc4ccccc4)c3)C2)C1,[*]C(C)(C)n1ccc2c(Oc3cccnc3)nc([*])nc21,,0.0000000,0.0000,1
7.6083,7.6083,-7.6083,0.0000000,CC(C)(C)OC(=O)N1CC2(CCN(c3cncc(C#Cc4ccccc4)c3)C2)C1[*]C(C)(F)[*],0,CC(C)(C)OC(=O)N1CC2(CCN(c3cncc(C#Cc4ccccc4)c3)C2)C1,[*]C(C)(F)[*],,0.0000000,0.0000,1
99.1078,99.1078,-99.1078,0.0000000,CC(C)(C)OC(=O)N1CC2(CCN(c3cncc(C#Cc4ccccc4)c3)C2)C1[*]C(C)(O)CC1C(C)C2(C)CCCN21C(=O)n1c2c(-c3ccccc3F)c(C)c(-c3cc(C)c(F)cc3F)c(F)c2c2c(-c3ccccc(F)c3)c(F)c(Nc3ncccn3)c(F)c1n2C,0,CC(C)(C)OC(=O)N1CC2(CCN(c3cncc(C#Cc4ccccc4)c3)C2)C1,[*]C(C)(O)CC1C(C)C2(C)CCCN21C(=O)n1c2c(-c3ccccc3F)c(C)c(-c3cc(C)c(F)cc3F)c(F)c2c2c(-c3ccccc(F)c3)c(F)c(Nc3ncccn3)c(F)c1n2C,,0.0000000,0.0000,1
4.6881,4.6881,-4.6881,0.0000000,CC(C)(C)OC(=O)N1CC2(CCN(c3cncc(C#Cc4ccccc4)c3)C2)C1[*]C(C)(O)[*],0,CC(C)(C)OC(=O)N1CC2(CCN(c3cncc(C#Cc4ccccc4)c3)C2)C1,[*]C(C)(O)[*],,0.0000000,0.0000,1
25.1715,25.1715,-25.1715,0.0000000,CC(C)(C)OC(=O)N1CC2(CCN(c3cncc(C#Cc4ccccc4)c3)C2)C1[*]C(CO)c1ccc2c(ccn2C)c1F,0,CC(C)(C)OC(=O)N1CC2(CCN(c3cncc(C#Cc4ccccc4)c3)C2)C1,[*]C(CO)c1ccc2c(ccn2C)c1F,,0.0000000,0.0000,1
49.2262,49.2262,-49.2262,0.0000000,CC(C)(C)OC(=O)N1CC2(CCN(c3cncc(C#Cc4ccccc4)c3)C2)C1[*]CC(=O)[C@]1(C)CCN(c2ccnc(C#Cc3cccc4c3nc(N3CC5CC3CO5)n4C)c2)[C@H]1COC(=O)N1CC(C)(C)C1,0,CC(C)(C)OC(=O)N1CC2(CCN(c3cncc(C#Cc4ccccc4)c3)C2)C1,[*]CC(=O)[C@]1(C)CCN(c2ccnc(C#Cc3cccc4c3nc(N3CC5CC3CO5)n4C)c2)[C@H]1COC(=O)N1CC(C)(C)C1,,0.0000000,0.0000,1
79.8747,79.8747,-79.8747,0.0000000,CC(C)(C)OC(=O)N1CC2(CCN(c3cncc(C#Cc4ccccc4)c3)C2)C1[*]CCOc1ccnc(-c2cncc(CN3CC4(CCN(C(=O)O[C@H]5CCN(c6nc(C(C)(C)OC(C)(C)CC4)N6c6ncc(C(=O)OC)cn6)C5)CC4)C3)n2)c1,0,CC(C)(C)OC(=O)N1CC2(CCN(c3cncc(C#Cc4ccccc4)c3)C2)C1,[*]CCOc1ccnc(-c2cncc(CN3CC4(CCN(C(=O)O[C@H]5CCN(c6nc(C(C)(C)OC(C)(C)CC4)N6c6ncc(C(=O)OC)cn6)C5)CC4)C3)n2)c1,,0.0000000,0.0000,1
3.8149,3.8149,-3.8149,0.0000000,CC(C)(C)OC(=O)N1CC2(CCN(c3cncc(C#Cc4ccccc4)c3)C2)C1[*]CC[*],0,CC(C)(C)OC(=O)N1CC2(CCN(c3cncc(C#Cc4ccccc4)c3)C2)C1,[*]CC[*],,0.0000000,0.0000,1
16.7518,16.7518,-16.7518,0.0000000,CC(C)(C)OC(=O)N1CC2(CCN(c3cncc(C#Cc4ccccc4)c3)C2)C1[*]CCc1cc([*])cccc1O,0,CC(C)(C)OC(=O)N1CC2(CCN(c3cncc(C#Cc4ccccc4)c3)C2)C1,[*]CCc1cc([*])cccc1O,,0.0000000,0.0000,1
31.2054,31.2054,-31.2054,0.0000000,CC(C)(C)OC(=O)N1CC2(CCN(c3cncc(C#Cc4ccccc4)c3)C2)C1[*]Cn1cc(-c2cccc(C(=O)N3CC4(CCN(C(=O)Nc5cnc(C)nc5)C4)C3)c2)c2c(OC)ccnc21,0,CC(C)(C)OC(=O)N1CC2(CCN(c3cncc(C#Cc4ccccc4)c3)C2)C1,[*]Cn1cc(-c2cccc(C(=O)N3CC4(CCN(C(=O)Nc5cnc(C)nc5)C4)C3)c2)c2c(OC)ccnc21,,0.0000000,0.0000,1
13.1460,13.1460,-13.1460,0.0000000,CC(C)(C)OC(=O)N1CC2(CCN(c3cncc(C#Cc4ccccc4)c3)C2)C1[*]Cn1ccc2cnc(Nc3ccc([*])nc3)nc2c1=O,0,CC(C)(C)OC(=O)N1CC2(CCN(c3cncc(C#Cc4ccccc4)c3)C2)C1,[*]Cn1ccc2cnc(Nc3ccc([*])nc3)nc2c1=O,,0.0000000,0.0000,1
22.5019,22.5019,-22.5019,0.0000000,CC(C)(C)OC(=O)N1CC2(CCN(c3cncc(C#Cc4ccccc4)c3)C2)C1[*]Cn1nc2ccc(-c3cnn(C4CC4)c3)cn2c1=O,0,CC(C)(C)OC(=O)N1CC2(CCN(c3cncc(C#Cc4ccccc4)c3)C2)C1,[*]Cn1nc2ccc(-c3cnn(C4CC4)c3)cn2c1=O,,0.0000000,0.0000,1
28.4177,28.4177,-28.4177,0.0000000,CC(C)(C)OC(=O)N1CC2(CCN(c3cncc(C#Cc4ccccc4)c3)C2)C1[*]Oc1cc(-c2ccc(OC3CC3)nn2)cc2ncnc(NC(=O)[*])c12,0,CC(C)(C)OC(=O)N1CC2(CCN(c3cncc(C#Cc4ccccc4)c3)C2)C1,[*]Oc1cc(-c2ccc(OC3CC3)nn2)cc2ncnc(NC(=O)[*])c12,,0.0000000,0.0000,1
15.3995,15.3995,-15.3995,0.0000000,CC(C)(C)OC(=O)N1CC2(CCN(c3cncc(C#Cc4ccccc4)c3)C2)C1[*]c1ccc(-c2ccc(N[*])nc2)nc1,0,CC(C)(C)OC(=O)N1CC2(CCN(c3cncc(C#Cc4ccccc4)c3)C2)C1,[*]c1ccc(-c2ccc(N[*])nc2)nc1,,0.0000000,0.0000,1
47.7403,47.7403,-47.7403,0.0000000,CC(C)(C)OC(=O)N1CC2(CCN(c3cncc(N4CC(OCCCc5ccccc5)C4)c3)C2)C1[*]C(C)(C)CC(Oc1cnc(N2CC(Oc3ncc(N4CCC(OCCC)CC4)nc3)C2)cn1)c1cc([*])ncn1,0,CC(C)(C)OC(=O)N1CC2(CCN(c3cncc(N4CC(OCCCc5ccccc5)C4)c3)C2)C1,[*]C(C)(C)CC(Oc1cnc(N2CC(Oc3ncc(N4CCC(OCCC)CC4)nc3)C2)cn1)c1cc([*])ncn1,,0.0000000,0.0000,1
33.5754,33.5754,-33.5754,0.0000000,CC(C)(C)OC(=O)N1CC2(CCN(c3cncc(N4CC(OCCCc5ccccc5)C4)c3)C2)C1[*]C(C)(C)OC(=O)C12CC1(O)C2C(=O)N1C2COC2CC1(C)C(C)(C)O[*],0,CC(C)(C)OC(=O)N1CC2(CCN(c3cncc(N4CC(OCCCc5ccccc5)C4)c3)C2)C1,[*]C(C)(C)OC(=O)C12CC1(O)C2C(=O)N1C2COC2CC1(C)C(C)(C)O[*],,0.0000000,0.0000,1
34.5547,34.5547,-34.5547,0.0000000,CC(C)(C)OC(=O)N1CC2(CCN(c3cncc(N4CC(OCCCc5ccccc5)C4)c3)C2)C1[*]C(C)(C)OC(=O)N1C2(CC2)CC1c1ccncc1N1CC(Oc2nccc(N3CCC(OCc4ccccc4)CC3)c2)C1,0,CC(C)(C)OC(=O)N1CC2(CCN(c3cncc(N4CC(OCCCc5ccccc5)C4)c3)C2)C1,[*]C(C)(C)OC(=O)N1C2(CC2)CC1c1ccncc1N1CC(Oc2nccc(N3CCC(OCc4ccccc4)CC3)c2)C1,,0.0000000,0.0000,1
2.3128,2.3128,-2.3128,0.0000000,CC(C)(C)OC(=O)N1CC2(CCN(c3cncc(N4CC(OCCCc5ccccc5)C4)c3)C2)C1[*]C(C)(C)O[*],0,CC(C)(C)OC(=O)N1CC2(CCN(c3cncc(N4CC(OCCCc5ccccc5)C4)c3)C2)C1,[*]C(C)(C)O[*],,0.0000000,0.0000,1
31.2269,31.2269,-31.2269,0.0000000,CC(C)(C)OC(=O)N1CC2(CCN(c3cncc(N4CC(OCCCc5ccccc5)C4)c3)C2)C1[*]C(C)(O)c1ccnc(N2CC(OCCc3cccc(C4CCN(c[*])CC4)c3)C2)n1,0,CC(C)(C)OC(=O)N1CC2(CCN(c3cncc(N4CC(OCCCc5ccccc5)C4)c3)C2)C1,[*]C(C)(O)c1ccnc(N2CC(OCCc3cccc(C4CCN(c[*])CC4)c3)C2)n1,,0.0000000,0.0000,1
4.5764,4.5764,-4.5764,0.0000000,CC(C)(C)OC(=O)N1CC2(CCN(c3cncc(N4CC(OCCCc5ccccc5)C4)c3)C2)C1[*]C(F)(F)[*],0,CC(C)(C)OC(=O)N1CC2(CCN(c3cncc(N4CC(OCCCc5ccccc5)C4)c3)C2)C1,[*]C(F)(F)[*],,0.0000000,0.0000,1
11.5673,11.5673,-11.5673,0.0000000,CC(C)(C)OC(=O)N1CC2(CCN(c3cncc(N4CC(OCCCc5ccccc5)C4)c3)C2)C1[*]C(O)C(OC)C(C)[*],0,CC(C)(C)OC(=O)N1CC2(CCN(c3cncc(N4CC(OCCCc5ccccc5)C4)c3)C2)C1,[*]C(O)C(OC)C(C)[*],,0.0000000,0.0000,1
50.3750,50.3750,-50.3750,0.0000000,CC(C)(C)OC(=O)N1CC2(CCN(c3cncc(N4CC(OCCCc5ccccc5)C4)c3)C2)C1[*]C1C(On2cnc3c(ccn3COCC3CCC3)c2=O)C2COCC21,0,CC(C)(C)OC(=O)N1CC2(CCN(c3cncc(N4CC(OCCCc5ccccc5)C4)c3)C2)C1,[*]C1C(On2cnc3c(ccn3COCC3CCC3)c2=O)C2COCC21,,0.0000000,0.0000,1
11.3448,11.3448,-11.3448,0.0000000,CC(C)(C)OC(=O)N1CC2(CCN(c3cncc(N4CC(OCCCc5ccccc5)C4)c3)C2)C1[*]CC(C)(C)OC(=O)N1CCC(O[*])C1,0,CC(C)(C)OC(=O)N1CC2(CCN(c3cncc(N4CC(OCCCc5ccccc5)C4)c3)C2)C1,[*]CC(C)(C)OC(=O)N1CCC(O[*])C1,,0.0000000,0.0000,1
29.6490,29.6490,-29.6490,0.0000000,CC(C)(C)OC(=O)N1CC2(CCN(c3cncc(N4CC(OCCCc5ccccc5)C4)c3)C2)C1[*]CC(C)(C)OCCC(C)(CC)OC(=O)N1CC2(C1)CN(c1ncc(F)c(OCC[*])n1)C2,0,CC(C)(C)OC(=O)N1CC2(CCN(c3cncc(N4CC(OCCCc5ccccc5)C4)c3)C2)C1,[*]CC(C)(C)OCCC(C)(CC)OC(=O)N1CC2(C1)CN(c1ncc(F)c(OCC[*])n1)C2,,0.0000000,0.0000,1
13.0810,13.0810,-13.0810,0.0000000,CC(C)(C)OC(=O)N1CC2(CCN(c3cncc(N4CC(OCCCc5ccccc5)C4)c3)C2)C1[*]CC(C)C(=O)OC(C)(C)C[*],0,CC(C)(C)OC(=O)N1CC2(CCN(c3cncc(N4CC(OCCCc5ccccc5)C4)c3)C2)C1,[*]CC(C)C(=O)OC(C)(C)C[*],,0.0000000,0.0000,1
52.2874,52.2874,-52.2874,0.0000000,CC(C)(C)OC(=O)N1CC2(CCN(c3cncc(N4CC(OCCCc5ccccc5)C4)c3)C2)C1[*]CC1(C)COCC1n1cnc(OC)c(C2CNCc3cncc(N4CC(O)C4)c32)c1=O,0,CC(C)(C)OC(=O)N1CC2(CCN(c3cncc(N4CC(OCCCc5ccccc5)C4)c3)C2)C1,[*]CC1(C)COCC1n1cnc(OC)c(C2CNCc3cncc(N4CC(O)C4)c32)c1=O,,0.0000000,0.0000,1
9.7298,9.7298,-9.7298,0.0000000,CC(C)(C)OC(=O)N1CC2(CCN(c3cncc(N4CC(OCCCc5ccccc5)C4)c3)C2)C1[*]CCC(C)(C)N[*],0,CC(C)(C)OC(=O)N1CC2(CCN(c3cncc(N4CC(OCCCc5ccccc5)C4)c3)C2)C1,[*]CCC(C)(C)N[*],,0.0000000,0.0000,1
26.2352,26.2352,-26.2352,0.0000000,CC(C)(C)OC(=O)N1CC2(CCN(c3cncc(N4CC(OCCCc5ccccc5)C4)c3)C2)C1[*]CCC(C)(C)OC(=O)N1CC(Oc2cncc(-c3cncc(N4CC(Oc5cnc(N6CC(OC)C6)nc5)C4)c3)c2)C1,0,CC(C)(C)OC(=O)N1CC2(CCN(c3cncc(N4CC(OCCCc5ccccc5)C4)c3)C2)C1,[*]CCC(C)(C)OC(=O)N1CC(Oc2cncc(-c3cncc(N4CC(Oc5cnc(N6CC(OC)C6)nc5)C4)c3)c2)C1,,0.0000000,0.0000,1
3.1583,3.1583,-3.1583,0.0000000,CC(C)(C)OC(=O)N1CC2(CCN(c3cncc(N4CC(OCCCc5ccccc5)C4)c3)C2)C1[*]CC[*],0,CC(C)(C)OC(=O)N1CC2(CCN(c3cncc(N4CC(OCCCc5ccccc5)C4)c3)C2)C1,[*]CC[*],,0.0000000,0.0000,1
34.2480,34.2480,-34.2480,0.0000000,CC(C)(C)OC(=O)N1CC2(CCN(c3cncc(N4CC(OCCCc5ccccc5)C4)c3)C2)C1[*]Cc1ccc(N2CCc(OCCN3CC(OCCc4ccccc4)CN([*])CC3)C2)cc1,0,CC(C)(C)OC(=O)N1CC2(CCN(c3cncc(N4CC(OCCCc5ccccc5)C4)c3)C2)C1,[*]Cc1ccc(N2CCc(OCCN3CC(OCCc4ccccc4)CN([*])CC3)C2)cc1,,0.0000000,0.0000,1
36.0461,36.0461,-36.0461,0.0000000,CC(C)(C)OC(=O)N1CC2(CCN(c3cncc(N4CC(OCCCc5ccccc5)C4)c3)C2)C1[*]Cc1cnc(N2CCOC(Cn3cc(N4CC(Oc5cccc6c(N7CCN(C(=O)OC(C)(C)C)CC7)nn(C)c56)C4)cn3)C2)cc1C,0,CC(C)(C)OC(=O)N1CC2(CCN(c3cncc(N4CC(OCCCc5ccccc5)C4)c3)C2)C1,[*]Cc1cnc(N2CCOC(Cn3cc(N4CC(Oc5cccc6c(N7CCN(C(=O)OC(C)(C)C)CC7)nn(C)c56)C4)cn3)C2)cc1C,,0.0000000,0.0000,1
10.2574,10.2574,-10.2574,0.0000000,CC(C)(C)OC(=O)N1CC2(CCN(c3cncc(N4CC(OCCCc5ccccc5)C4)c3)C2)C1[*]Cc1noc([*])c1C,0,CC(C)(C)OC(=O)N1CC2(CCN(c3cncc(N4CC(OCCCc5ccccc5)C4)c3)C2)C1,[*]Cc1noc([*])c1C,,0.0000000,0.0000,1
22.0559,22.0559,-22.0559,0.0000000,CC(C)(C)OC(=O)N1CC2(CCN(c3cncc(N4CC(OCCCc5ccccc5)C4)c3)C2)C1[*]Cn1cc(-c2ccc(N3CCN(CCC[*])CC3)cc2)c2c(F)cncc21,0,CC(C)(C)OC(=O)N1CC2(CCN(c3cncc(N4CC(OCCCc5ccccc5)C4)c3)C2)C1,[*]Cn1cc(-c2ccc(N3CCN(CCC[*])CC3)cc2)c2c(F)cncc21,,0.0000000,0.0000,1
22.6283,22.6283,-22.6283,0.0000000,CC(C)(C)OC(=O)N1CC2(CCN(c3cncc(N4CC(OCCCc5ccccc5)C4)c3)C2)C1[*]Cn1ccc(C2(O)CC2)cc(N2CC(O[*])C2)c1=O,0,CC(C)(C)OC(=O)N1CC2(CCN(c3cncc(N4CC(OCCCc5ccccc5)C4)c3)C2)C1,[*]Cn1ccc(C2(O)CC2)cc(N2CC(O[*])C2)c1=O,,0.0000000,0.0000,1
28.0763,28.0763,-28.0763,0.0000000,CC(C)(C)OC(=O)N1CC2(CCN(c3cncc(N4CC(OCCCc5ccccc5)C4)c3)C2)C1[*]Cn1ccc(N2CC(c3ccn[nH]3)C2)c(C(C)(C)O[*])c1,0,CC(C)(C)OC(=O)N1CC2(CCN(c3cncc(N4CC(OCCCc5ccccc5)C4)c3)C2)C1,[*]Cn1ccc(N2CC(c3ccn[nH]3)C2)c(C(C)(C)O[*])c1,,0.0000000,0.0000,1
77.0312,77.0312,-77.0312,0.0000000,CC(C)(C)OC(=O)N1CC2(CCN(c3cncc(N4CC(OCCCc5ccccc5)C4)c3)C2)C1[*]Cn1cccc(N2CC(Oc3nccc([C@@H]4CCN(c5cccc(Cn6nc(-c7cccc(-c8cccc9c(C)nn(C)c9n8)c7)c7c6C=C(C)C#N)c5)C4)c3C)CC2(O)CN2)c1=O,0,CC(C)(C)OC(=O)N1CC2(CCN(c3cncc(N4CC(OCCCc5ccccc5)C4)c3)C2)C1,[*]Cn1cccc(N2CC(Oc3nccc([C@@H]4CCN(c5cccc(Cn6nc(-c7cccc(-c8cccc9c(C)nn(C)c9n8)c7)c7c6C=C(C)C#N)c5)C4)c3C)CC2(O)CN2)c1=O,,0.0000000,0.0000,1
19.7299,19.7299,-19.7299,0.0000000,CC(C)(C)OC(=O)N1CC2(CCN(c3cncc(N4CC(OCCCc5ccccc5)C4)c3)C2)C1[*]Cn1ccnc(N2CCC(Oc3nccc(N4CCC([*])CC4)c3C#N)CC2)c1=O,0,CC(C)(C)OC(=O)N1CC2(CCN(c3cncc(N4CC(OCCCc5ccccc5)C4)c3)C2)C1,[*]Cn1ccnc(N2CCC(Oc3nccc(N4CCC([*])CC4)c3C#N)CC2)c1=O,,0.0000000,0.0000,1
8.4229,8.4229,-8.4229,0.0000000,CC(C)(C)OC(=O)N1CC2(CCN(c3cncc(N4CC(OCCCc5ccccc5)C4)c3)C2)C1[*]NC(C)(C)CO[*],0,CC(C)(C)OC(=O)N1CC2(CCN(c3cncc(N4CC(OCCCc5ccccc5)C4)c3)C2)C1,[*]NC(C)(C)CO[*],,0.0000000,0.0000,1
25.3905,25.3905,-25.3905,0.0000000,CC(C)(C)OC(=O)N1CC2(CCN(c3cncc(N4CC(OCCCc5ccccc5)C4)c3)C2)C1[*]NC1(C)CCN(c2nc(N3CCOCC3)nc(N[*])c2F)C1,0,CC(C)(C)OC(=O)N1CC2(CCN(c3cncc(N4CC(OCCCc5ccccc5)C4)c3)C2)C1,[*]NC1(C)CCN(c2nc(N3CCOCC3)nc(N[*])c2F)C1,,0.0000000,0.0000,1
8.6149,8.6149,-8.6149,0.0000000,CC(C)(C)OC(=O)N1CC2(CCN(c3cncc(N4CC(OCCCc5ccccc5)C4)c3)C2)C1[*]c1ccc([*])nc1,0,CC(C)(C)OC(=O)N1CC2(CCN(c3cncc(N4CC(OCCCc5ccccc5)C4)c3)C2)C1,[*]c1ccc([*])nc1,,0.0000000,0.0000,1
20.6094,20.6094,-20.6094,0.0000000,CC(C)(C)OC(=O)N1CC2(CCN(c3cncc(N4CC(OCCCc5ccccc5)C4)c3)C2)C1[*]c1ccccc1-c1cnc2c(c1)N(C)CCN2[*],0,CC(C)(C)OC(=O)N1CC2(CCN(c3cncc(N4CC(OCCCc5ccccc5)C4)c3)C2)C1,[*]c1ccccc1-c1cnc2c(c1)N(C)CCN2[*],,0.0000000,0.0000,1
6.2390,6.2390,-6.2390,0.0000000,CCCCCCC#Cc1cncc(N2CCC3(CN(C(=O)CCc4c[nH]c5ccccc45)C3)C2)c1[*]C#C[*],0,CCCCCCC#Cc1cncc(N2CCC3(CN(C(=O)CCc4c[nH]c5ccccc45)C3)C2)c1,[*]C#C[*],,0.0000000,0.0000,1
46.6099,46.6099,-46.6099,0.0000000,CCCCCCC#Cc1cncc(N2CCC3(CN(C(=O)CCc4c[nH]c5ccccc45)C3)C2)c1[*]C(CC(C(=O)CC1CCC2(CC1)CCN(C(=O)c1c[nH]c3ccccc13)C2)c1c[nH]c2cc(C)ccc12)C(=O)C[*],0,CCCCCCC#Cc1cncc(N2CCC3(CN(C(=O)CCc4c[nH]c5ccccc45)C3)C2)c1,[*]C(CC(C(=O)CC1CCC2(CC1)CCN(C(=O)c1c[nH]c3ccccc13)C2)c1c[nH]c2cc(C)ccc12)C(=O)C[*],,0.0000000,0.0000,1
40.5937,40.5937,-40.5937,0.0000000,CCCCCCC#Cc1cncc(N2CCC3(CN(C(=O)CCc4c[nH]c5ccccc45)C3)C2)c1[*]C1(C)COC2(C1)CCN(C(=O)CC1Cc3c([nH]c4ccccc34)CN1c1cccc(N3CCC(C)(C)CC3)c1)C2,0,CCCCCCC#Cc1cncc(N2CCC3(CN(C(=O)CCc4c[nH]c5ccccc45)C3)C2)c1,[*]C1(C)COC2(C1)CCN(C(=O)CC1Cc3c([nH]c4ccccc34)CN1c1cccc(N3CCC(C)(C)CC3)c1)C2,,0.0000000,0.0000,1
42.8319,42.8319,-42.8319,0.0000000,CCCCCCC#Cc1cncc(N2CCC3(CN(C(=O)CCc4c[nH]c5ccccc45)C3)C2)c1[*]C1(c2cnc(NC(=O)C34CC5C[C@@](C)(CN(C)C5)C4)C3)cn2)CCN([*])C1,0,CCCCCCC#Cc1cncc(N2CCC3(CN(C(=O)CCc4c[nH]c5ccccc45)C3)C2)c1,[*]C1(c2cnc(NC(=O)C34CC5C[C@@](C)(CN(C)C5)C4)C3)cn2)CCN([*])C1,,0.0000000,0.0000,1
6.5581,6.5581,-6.5581,0.0000000,CCCCCCC#Cc1cncc(N2CCC3(CN(C(=O)CCc4c[nH]c5ccccc45)C3)C2)c1[*]CC#C[*],0,CCCCCCC#Cc1cncc(N2CCC3(CN(C(=O)CCc4c[nH]c5ccccc45)C3)C2)c1,[*]CC#C[*],,0.0000000,0.0000,1
34.7593,34.7593,-34.7593,0.0000000,CCCCCCC#Cc1cncc(N2CCC3(CN(C(=O)CCc4c[nH]c5ccccc45)C3)C2)c1[*]CC(=O)N1CC12CCN(C(=O)c1ccc([*])n3nccc3c1)CCC2,0,CCCCCCC#Cc1cncc(N2CCC3(CN(C(=O)CCc4c[nH]c5ccccc45)C3)C2)c1,[*]CC(=O)N1CC12CCN(C(=O)c1ccc([*])n3nccc3c1)CCC2,,0.0000000,0.0000,1
43.4110,43.4110,-43.4110,0.0000000,CCCCCCC#Cc1cncc(N2CCC3(CN(C(=O)CCc4c[nH]c5ccccc45)C3)C2)c1[*]CC(=O)N1CC2(CC2)CC1CCC(=O)CN1CCCC(C)(C)N([*])CC1,0,CCCCCCC#Cc1cncc(N2CCC3(CN(C(=O)CCc4c[nH]c5ccccc45)C3)C2)c1,[*]CC(=O)N1CC2(CC2)CC1CCC(=O)CN1CCCC(C)(C)N([*])CC1,,0.0000000,0.0000,1
12.2271,12.2271,-12.2271,0.0000000,CCCCCCC#Cc1cncc(N2CCC3(CN(C(=O)CCc4c[nH]c5ccccc45)C3)C2)c1[*]CCC(=O)N1CC2(CCN(C(=O)CCc3c[nH]c4ccccc34)C2)C12CN([*])C2,0,CCCCCCC#Cc1cncc(N2CCC3(CN(C(=O)CCc4c[nH]c5ccccc45)C3)C2)c1,[*]CCC(=O)N1CC2(CCN(C(=O)CCc3c[nH]c4ccccc34)C2)C12CN([*])C2,,0.0000000,0.0000,1
11.9378,11.9378,-11.9378,0.0000000,CCCCCCC#Cc1cncc(N2CCC3(CN(C(=O)CCc4c[nH]c5ccccc45)C3)C2)c1[*]CCCC(=O)N1CC12CN(C(=O)C[*])C2,0,CCCCCCC#Cc1cncc(N2CCC3(CN(C(=O)CCc4c[nH]c5ccccc45)C3)C2)c1,[*]CCCC(=O)N1CC12CN(C(=O)C[*])C2,,0.0000000,0.0000,1
8.5033,8.5033,-8.5033,0.0000000,CCCCCCC#Cc1cncc(N2CCC3(CN(C(=O)CCc4c[nH]c5ccccc45)C3)C2)c1[*]CCCC(=O)N1CC2(C1)CN([*])C2,0,CCCCCCC#Cc1cncc(N2CCC3(CN(C(=O)CCc4c[nH]c5ccccc45)C3)C2)c1,[*]CCCC(=O)N1CC2(C1)CN([*])C2,,0.0000000,0.0000,1
16.0926,16.0926,-16.0926,0.0000000,CCCCCCC#Cc1cncc(N2CCC3(CN(C(=O)CCc4c[nH]c5ccccc45)C3)C2)c1[*]CCCC(=O)N1CCN(C(=O)C[*])C1C,0,CCCCCCC#Cc1cncc(N2CCC3(CN(C(=O)CCc4c[nH]c5ccccc45)C3)C2)c1,[*]CCCC(=O)N1CCN(C(=O)C[*])C1C,,0.0000000,0.0000,1
4.5491,4.5491,-4.5491,0.0000000,CCCCCCC#Cc1cncc(N2CCC3(CN(C(=O)CCc4c[nH]c5ccccc45)C3)C2)c1[*]CCCCCC[*],0,CCCCCCC#Cc1cncc(N2CCC3(CN(C(=O)CCc4c[nH]c5ccccc45)C3)C2)c1,[*]CCCCCC[*],,0.0000000,0.0000,1
15.8928,15.8928,-15.8928,0.0000000,CCCCCCC#Cc1cncc(N2CCC3(CN(C(=O)CCc4c[nH]c5ccccc45)C3)C2)c1[*]CCCOC(=O)N1CCC2(CCN(C(=O)C[*])CC2)C1,0,CCCCCCC#Cc1cncc(N2CCC3(CN(C(=O)CCc4c[nH]c5ccccc45)C3)C2)c1,[*]CCCOC(=O)N1CCC2(CCN(C(=O)C[*])CC2)C1,,0.0000000,0.0000,1
1.8933,1.8933,-1.8933,0.0000000,CCCCCCC#Cc1cncc(N2CCC3(CN(C(=O)CCc4c[nH]c5ccccc45)C3)C2)c1[*]CCC[*],0,CCCCCCC#Cc1cncc(N2CCC3(CN(C(=O)CCc4c[nH]c5ccccc45)C3)C2)c1,[*]CCC[*],,0.0000000,0.0000,1
13.1281,13.1281,-13.1281,0.0000000,CCCCCCC#Cc1cncc(N2CCC3(CN(C(=O)CCc4c[nH]c5ccccc45)C3)C2)c1[*]CCCc1cncc(N2CCC3(CCN(C(=O)C[*])C3)C2)c1,0,CCCCCCC#Cc1cncc(N2CCC3(CN(C(=O)CCc4c[nH]c5ccccc45)C3)C2)c1,[*]CCCc1cncc(N2CCC3(CCN(C(=O)C[*])C3)C2)c1,,0.0000000,0.0000,1
8.3535,8.3535,-8.3535,0.0000000,CCCCCCC#Cc1cncc(N2CCC3(CN(C(=O)CCc4c[nH]c5ccccc45)C3)C2)c1[*]CCCc[*],0,CCCCCCC#Cc1cncc(N2CCC3(CN(C(=O)CCc4c[nH]c5ccccc45)C3)C2)c1,[*]CCCc[*],,0.0000000,0.0000,1
32.3284,32.3284,-32.3284,0.0000000,CCCCCCC#Cc1cncc(N2CCC3(CN(C(=O)CCc4c[nH]c5ccccc45)C3)C2)c1[*]CCOC(=O)N1CCOC(C(=O)N2CCCc3c2ccc(N)c3[*])C1,0,CCCCCCC#Cc1cncc(N2CCC3(CN(C(=O)CCc4c[nH]c5ccccc45)C3)C2)c1,[*]CCOC(=O)N1CCOC(C(=O)N2CCCc3c2ccc(N)c3[*])C1,,0.0000000,0.0000,1
1.1416,1.1416,-1.1416,0.0000000,CCCCCCC#Cc1cncc(N2CCC3(CN(C(=O)CCc4c[nH]c5ccccc45)C3)C2)c1[*]CC[*],0,CCCCCCC#Cc1cncc(N2CCC3(CN(C(=O)CCc4c[nH]c5ccccc45)C3)C2)c1,[*]CC[*],,0.0000000,0.0000,1
7.5458,7.5458,-7.5458,0.0000000,CCCCCCC#Cc1cncc(N2CCC3(CN(C(=O)CCc4c[nH]c5ccccc45)C3)C2)c1[*]N1CC2(C1)CN(C(=O)C[*])C2,0,CCCCCCC#Cc1cncc(N2CCC3(CN(C(=O)CCc4c[nH]c5ccccc45)C3)C2)c1,[*]N1CC2(C1)CN(C(=O)C[*])C2,,0.0000000,0.0000,1
84.8854,84.8854,-84.8854,0.0000000,CCCCCCC#Cc1cncc(N2CCC3(CN(C(=O)CCc4c[nH]c5ccccc45)C3)C2)c1[*]N1C[C@@H]2C[C@@](Cc3ccccc3)(CN(C34CC(C)(CN(C56CC5C4)C4(C)CCN(C56CC5(C=CC(C)=CC(C)O7)CCC6)C5)C4)C3)C[C@@H]2C)C1,0,CCCCCCC#Cc1cncc(N2CCC3(CN(C(=O)CCc4c[nH]c5ccccc45)C3)C2)c1,[*]N1C[C@@H]2C[C@@](Cc3ccccc3)(CN(C34CC(C)(CN(C56CC5C4)C4(C)CCN(C56CC5(C=CC(C)=CC(C)O7)CCC6)C5)C4)C3)C[C@@H]2C)C1,,0.0000000,0.0000,1
21.4576,21.4576,-21.4576,0.0000000,CCCCCCC#Cc1cncc(N2CCC3(CN(C(=O)CCc4c[nH]c5ccccc45)C3)C2)c1[*]OCCCC(=O)N1CCC2(CCN(C(=O)C3(C#N)CC3)C2)C1c1ccccc1,0,CCCCCCC#Cc1cncc(N2CCC3(CN(C(=O)CCc4c[nH]c5ccccc45)C3)C2)c1,[*]OCCCC(=O)N1CCC2(CCN(C(=O)C3(C#N)CC3)C2)C1c1ccccc1,,0.0000000,0.0000,1
6.0149,6.0149,-6.0149,0.0000000,CCCCCCC#Cc1cncc(N2CCC3(CN(C(=O)c4cc([N+](=O)[O-])cc([N+](=O)[O-])c4)C3)C2)c1[*]CC(=O)C[*],0,CCCCCCC#Cc1cncc(N2CCC3(CN(C(=O)c4cc([N+](=O)[O-])cc([N+](=O)[O-])c4)C3)C2)c1,[*]CC(=O)C[*],,0.0000000,0.0000,1
16.4433,16.4433,-16.4433,0.0000000,CCCCCCC#Cc1cncc(N2CCC3(CN(C(=O)c4cc([N+](=O)[O-])cc([N+](=O)[O-])c4)C3)C2)c1[*]CCCC#Cc1cnc2c(c1)CN1CC3(CCN(C(=O)c4cc([N+](=O)[O-])cc([N+](=O)[O-])c4)C3)C1C2,0,CCCCCCC#Cc1cncc(N2CCC3(CN(C(=O)c4cc([N+](=O)[O-])cc([N+](=O)[O-])c4)C3)C2)c1,[*]CCCC#Cc1cnc2c(c1)CN1CC3(CCN(C(=O)c4cc([N+](=O)[O-])cc([N+](=O)[O-])c4)C3)C1C2,,0.0000000,0.0000,1
31.3807,31.3807,-31.3807,0.0000000,CCCCCCC#Cc1cncc(N2CCC3(CN(C(=O)c4cc([N+](=O)[O-])cc([N+](=O)[O-])c4)C3)C2)c1[*]CCCCB1N(C(=O)c2cc([N+](=O)[O-])cc([N+](=O)[O-])c2)C2(CCN(C(=O)c3cc([N+](=O)[O-])cc([N+](=O)[O-])c3)C2)CC124,0,CCCCCCC#Cc1cncc(N2CCC3(CN(C(=O)c4cc([N+](=O)[O-])cc([N+](=O)[O-])c4)C3)C2)c1,[*]CCCCB1N(C(=O)c2cc([N+](=O)[O-])cc([N+](=O)[O-])c2)C2(CCN(C(=O)c3cc([N+](=O)[O-])cc([N+](=O)[O-])c3)C2)CC124,,0.0000000,0.0000,1
4.8764,4.8764,-4.8764,0.0000000,CCCCCCC#Cc1cncc(N2CCC3(CN(C(=O)c4cc([N+](=O)[O-])cc([N+](=O)[O-])c4)C3)C2)c1[*]CCCCCCC[*],0,CCCCCCC#Cc1cncc(N2CCC3(CN(C(=O)c4cc([N+](=O)[O-])cc([N+](=O)[O-])c4)C3)C2)c1,[*]CCCCCCC[*],,0.0000000,0.0000,1
3.8065,3.8065,-3.8065,0.0000000,CCCCCCC#Cc1cncc(N2CCC3(CN(C(=O)c4cc([N+](=O)[O-])cc([N+](=O)[O-])c4)C3)C2)c1[*]CCCCCC[*],0,CCCCCCC#Cc1cncc(N2CCC3(CN(C(=O)c4cc([N+](=O)[O-])cc([N+](=O)[O-])c4)C3)C2)c1,[*]CCCCCC[*],,0.0000000,0.0000,1
3.0313,3.0313,-3.0313,0.0000000,CCCCCCC#Cc1cncc(N2CCC3(CN(C(=O)c4cc([N+](=O)[O-])cc([N+](=O)[O-])c4)C3)C2)c1[*]CCCCC[*],0,CCCCCCC#Cc1cncc(N2CCC3(CN(C(=O)c4cc([N+](=O)[O-])cc([N+](=O)[O-])c4)C3)C2)c1,[*]CCCCC[*],,0.0000000,0.0000,1
5.8462,5.8462,-5.8462,0.0000000,CCCCCCC#Cc1cncc(N2CCC3(CN(C(=O)c4cc([N+](=O)[O-])cc([N+](=O)[O-])c4)C3)C2)c1[*]CCCCO[*],0,CCCCCCC#Cc1cncc(N2CCC3(CN(C(=O)c4cc([N+](=O)[O-])cc([N+](=O)[O-])c4)C3)C2)c1,[*]CCCCO[*],,0.0000000,0.0000,1
2.4462,2.4462,-2.4462,0.0000000,CCCCCCC#Cc1cncc(N2CCC3(CN(C(=O)c4cc([N+](=O)[O-])cc([N+](=O)[O-])c4)C3)C2)c1[*]CCCC[*],0,CCCCCCC#Cc1cncc(N2CCC3(CN(C(=O)c4cc([N+](=O)[O-])cc([N+](=O)[O-])c4)C3)C2)c1,[*]CCCC[*],,0.0000000,0.0000,1
5.5436,5.5436,-5.5436,0.0000000,CCCCCCC#Cc1cncc(N2CCC3(CN(C(=O)c4cc([N+](=O)[O-])cc([N+](=O)[O-])c4)C3)C2)c1[*]CCCO[*],0,CCCCCCC#Cc1cncc(N2CCC3(CN(C(=O)c4cc([N+](=O)[O-])cc([N+](=O)[O-])c4)C3)C2)c1,[*]CCCO[*],,0.0000000,0.0000,1
1.8161,1.8161,-1.8161,0.0000000,CCCCCCC#Cc1cncc(N2CCC3(CN(C(=O)c4cc([N+](=O)[O-])cc([N+](=O)[O-])c4)C3)C2)c1[*]CCC[*],0,CCCCCCC#Cc1cncc(N2CCC3(CN(C(=O)c4cc([N+](=O)[O-])cc([N+](=O)[O-])c4)C3)C2)c1,[*]CCC[*],,0.0000000,0.0000,1
1.2238,1.2238,-1.2238,0.0000000,CCCCCCC#Cc1cncc(N2CCC3(CN(C(=O)c4cc([N+](=O)[O-])cc([N+](=O)[O-])c4)C3)C2)c1[*]CC[*],0,CCCCCCC#Cc1cncc(N2CCC3(CN(C(=O)c4cc([N+](=O)[O-])cc([N+](=O)[O-])c4)C3)C2)c1,[*]CC[*],,0.0000000,0.0000,1
15.4876,15.4876,-15.4876,0.0000000,CCCCCCC#Cc1cncc(N2CCC3(CN(C(=O)c4cc([N+](=O)[O-])cc([N+](=O)[O-])c4)C3)C2)c1[*]Cc1cnc2c3ccccc3c3ccccc3c2c1[*],0,CCCCCCC#Cc1cncc(N2CCC3(CN(C(=O)c4cc([N+](=O)[O-])cc([N+](=O)[O-])c4)C3)C2)c1,[*]Cc1cnc2c3ccccc3c3ccccc3c2c1[*],,0.0000000,0.0000,1
19.8146,19.8146,-19.8146,0.0000000,CCCCCCC#Cc1cncc(N2CCC3(CN(C(=O)c4cc([N+](=O)[O-])cc([N+](=O)[O-])c4)C3)C2)c1[*]Cc1cncc(N2C3CCC2CN(C(=O)c2cncc([*])c2)C3)c1,0,CCCCCCC#Cc1cncc(N2CCC3(CN(C(=O)c4cc([N+](=O)[O-])cc([N+](=O)[O-])c4)C3)C2)c1,[*]Cc1cncc(N2C3CCC2CN(C(=O)c2cncc([*])c2)C3)c1,,0.0000000,0.0000,1
11.7471,11.7471,-11.7471,0.0000000,CCCCCCC#Cc1cncc(N2CCC3(CN(C(=O)c4cc([N+](=O)[O-])cc([N+](=O)[O-])c4)C3)C2)c1[*]N(C)CCC[*],0,CCCCCCC#Cc1cncc(N2CCC3(CN(C(=O)c4cc([N+](=O)[O-])cc([N+](=O)[O-])c4)C3)C2)c1,[*]N(C)CCC[*],,0.0000000,0.0000,1
6.8001,6.8001,-6.8001,0.0000000,CCCCCCC#Cc1cncc(N2CCC3(CN(C(=O)c4cc([N+](=O)[O-])cc([N+](=O)[O-])c4)C3)C2)c1[*]OCCCC[*],0,CCCCCCC#Cc1cncc(N2CCC3(CN(C(=O)c4cc([N+](=O)[O-])cc([N+](=O)[O-])c4)C3)C2)c1,[*]OCCCC[*],,0.0000000,0.0000,1
11.1539,11.1539,-11.1539,0.0000000,CCCCCCC#Cc1cncc(N2CCC3(CN(C(=O)c4cc([N+](=O)[O-])cc([N+](=O)[O-])c4)C3)C2)c1[*]c1cnc2cc(N3CCC4(CCN([*])C4)C3)ccn12,0,CCCCCCC#Cc1cncc(N2CCC3(CN(C(=O)c4cc([N+](=O)[O-])cc([N+](=O)[O-])c4)C3)C2)c1,[*]c1cnc2cc(N3CCC4(CCN([*])C4)C3)ccn12,,0.0000000,0.0000,1
55.8427,55.8427,-55.8427,0.0000000,CCCCCCC#Cc1cncc(N2CCC3(CN(C(=O)c4cc5c(cc4[N+](=O)[O-])OCO5)C3)C2)c1[*]CC(=O)N1CC2(COc3cncc(N4CCC4(C)C(=O)N4CCc5ccc(-n6nc(C(=O)OC)c7c6CC(C)C(=O)C7)cc5C4)c3)COC2)C1,0,CCCCCCC#Cc1cncc(N2CCC3(CN(C(=O)c4cc5c(cc4[N+](=O)[O-])OCO5)C3)C2)c1,[*]CC(=O)N1CC2(COc3cncc(N4CCC4(C)C(=O)N4CCc5ccc(-n6nc(C(=O)OC)c7c6CC(C)C(=O)C7)cc5C4)c3)COC2)C1,,0.0000000,0.0000,1
12.0328,12.0328,-12.0328,0.0000000,CCCCCCC#Cc1cncc(N2CCC3(CN(C(=O)c4cc5c(cc4[N+](=O)[O-])OCO5)C3)C2)c1[*]CC(C)OCC[*],0,CCCCCCC#Cc1cncc(N2CCC3(CN(C(=O)c4cc5c(cc4[N+](=O)[O-])OCO5)C3)C2)c1,[*]CC(C)OCC[*],,0.0000000,0.0000,1
12.2067,12.2067,-12.2067,0.0000000,CCCCCCC#Cc1cncc(N2CCC3(CN(C(=O)c4cc5c(cc4[N+](=O)[O-])OCO5)C3)C2)c1[*]CC(CC)N[*],0,CCCCCCC#Cc1cncc(N2CCC3(CN(C(=O)c4cc5c(cc4[N+](=O)[O-])OCO5)C3)C2)c1,[*]CC(CC)N[*],,0.0000000,0.0000,1
73.7767,73.7767,-73.7767,0.0000000,CCCCCCC#Cc1cncc(N2CCC3(CN(C(=O)c4cc5c(cc4[N+](=O)[O-])OCO5)C3)C2)c1[*]CCC(=O)NC1c2cc3c(NC(=O)c4cc5c(cc4[N+](=O)[O-])CN(C4CC6(CN(C(=O)c7cc8c9c(c([N+](=O)[O-])cc8[nH]7)NCC778)C6)C4)C5)cccc3c([N+](=O)[O-])c2)CC12CNCC2,0,CCCCCCC#Cc1cncc(N2CCC3(CN(C(=O)c4cc5c(cc4[N+](=O)[O-])OCO5)C3)C2)c1,[*]CCC(=O)NC1c2cc3c(NC(=O)c4cc5c(cc4[N+](=O)[O-])CN(C4CC6(CN(C(=O)c7cc8c9c(c([N+](=O)[O-])cc8[nH]7)NCC778)C6)C4)C5)cccc3c([N+](=O)[O-])c2)CC12CNCC2,,0.0000000,0.0000,1
11.0331,11.0331,-11.0331,0.0000000,CCCCCCC#Cc1cncc(N2CCC3(CN(C(=O)c4cc5c(cc4[N+](=O)[O-])OCO5)C3)C2)c1[*]CCCC(=O)N1CCC2(CC1)CN([*])CO2,0,CCCCCCC#Cc1cncc(N2CCC3(CN(C(=O)c4cc5c(cc4[N+](=O)[O-])OCO5)C3)C2)c1,[*]CCCC(=O)N1CCC2(CC1)CN([*])CO2,,0.0000000,0.0000,1
10.0967,10.0967,-10.0967,0.0000000,CCCCCCC#Cc1cncc(N2CCC3(CN(C(=O)c4cc5c(cc4[N+](=O)[O-])OCO5)C3)C2)c1[*]CCCC(=O)N1CCC2(CN([*])C2)C1,0,CCCCCCC#Cc1cncc(N2CCC3(CN(C(=O)c4cc5c(cc4[N+](=O)[O-])OCO5)C3)C2)c1,[*]CCCC(=O)N1CCC2(CN([*])C2)C1,,0.0000000,0.0000,1
2.7167,2.7167,-2.7167,0.0000000,CCCCCCC#Cc1cncc(N2CCC3(CN(C(=O)c4cc5c(cc4[N+](=O)[O-])OCO5)C3)C2)c1[*]CCCC[*],0,CCCCCCC#Cc1cncc(N2CCC3(CN(C(=O)c4cc5c(cc4[N+](=O)[O-])OCO5)C3)C2)c1,[*]CCCC[*],,0.0000000,0.0000,1
30.4661,30.4661,-30.4661,0.0000000,CCCCCCC#Cc1cncc(N2CCC3(CN(C(=O)c4cc5c(cc4[N+](=O)[O-])OCO5)C3)C2)c1[*]CCCOCCN(C)C1(C)COc2cc3c(cc2O1)N(C(=O)c1cc2c(cc1[N+](=O)[O-])OCO2)CO3,0,CCCCCCC#Cc1cncc(N2CCC3(CN(C(=O)c4cc5c(cc4[N+](=O)[O-])OCO5)C3)C2)c1,[*]CCCOCCN(C)C1(C)COc2cc3c(cc2O1)N(C(=O)c1cc2c(cc1[N+](=O)[O-])OCO2)CO3,,0.0000000,0.0000,1
1.9542,1.9542,-1.9542,0.0000000,CCCCCCC#Cc1cncc(N2CCC3(CN(C(=O)c4cc5c(cc4[N+](=O)[O-])OCO5)C3)C2)c1[*]CCC[*],0,CCCCCCC#Cc1cncc(N2CCC3(CN(C(=O)c4cc5c(cc4[N+](=O)[O-])OCO5)C3)C2)c1,[*]CCC[*],,0.0000000,0.0000,1
23.5791,23.5791,-23.5791,0.0000000,CCCCCCC#Cc1cncc(N2CCC3(CN(C(=O)c4cc5c(cc4[N+](=O)[O-])OCO5)C3)C2)c1[*]CCNc1c2c(cc3sccc3c1[*])OCO2,0,CCCCCCC#Cc1cncc(N2CCC3(CN(C(=O)c4cc5c(cc4[N+](=O)[O-])OCO5)C3)C2)c1,[*]CCNc1c2c(cc3sccc3c1[*])OCO2,,0.0000000,0.0000,1
4.5931,4.5931,-4.5931,0.0000000,CCCCCCC#Cc1cncc(N2CCC3(CN(C(=O)c4cc5c(cc4[N+](=O)[O-])OCO5)C3)C2)c1[*]CCO[*],0,CCCCCCC#Cc1cncc(N2CCC3(CN(C(=O)c4cc5c(cc4[N+](=O)[O-])OCO5)C3)C2)c1,[*]CCO[*],,0.0000000,0.0000,1
1.2203,1.2203,-1.2203,0.0000000,CCCCCCC#Cc1cncc(N2CCC3(CN(C(=O)c4cc5c(cc4[N+](=O)[O-])OCO5)C3)C2)c1[*]CC[*],0,CCCCCCC#Cc1cncc(N2CCC3(CN(C(=O)c4cc5c(cc4[N+](=O)[O-])OCO5)C3)C2)c1,[*]CC[*],,0.0000000,0.0000,1
50.0842,50.0842,-50.0842,0.0000000,CCCCCCC#Cc1cncc(N2CCC3(CN(C(=O)c4cc5c(cc4[N+](=O)[O-])OCO5)C3)C2)c1[*]Cc1ccc(NS(=O)(=O)c2cc3c(c4c2C(=O)N(C2CCc5ccccc52)C4=O)CCC3)cc2c1C(=O)N1CC3(CC3)C2c2ccccc21,0,CCCCCCC#Cc1cncc(N2CCC3(CN(C(=O)c4cc5c(cc4[N+](=O)[O-])OCO5)C3)C2)c1,[*]Cc1ccc(NS(=O)(=O)c2cc3c(c4c2C(=O)N(C2CCc5ccccc52)C4=O)CCC3)cc2c1C(=O)N1CC3(CC3)C2c2ccccc21,,0.0000000,0.0000,1
29.4832,29.4832,-29.4832,0.0000000,CCCCCCC#Cc1cncc(N2CCC3(CN(C(=O)c4cc5c(cc4[N+](=O)[O-])OCO5)C3)C2)c1[*]Cn1cc2c([*])cc3c(cc(C(=O)N4CCC4)c(=O)[nH]c3=O)c2n1,0,CCCCCCC#Cc1cncc(N2CCC3(CN(C(=O)c4cc5c(cc4[N+](=O)[O-])OCO5)C3)C2)c1,[*]Cn1cc2c([*])cc3c(cc(C(=O)N4CCC4)c(=O)[nH]c3=O)c2n1,,0.0000000,0.0000,1
5.8305,5.8305,-5.8305,0.0000000,CCCCCCC#Cc1cncc(N2CCC3(CN(C(=O)c4cc5c(cc4[N+](=O)[O-])OCO5)C3)C2)c1[*]N(C)[*],0,CCCCCCC#Cc1cncc(N2CCC3(CN(C(=O)c4cc5c(cc4[N+](=O)[O-])OCO5)C3)C2)c1,[*]N(C)[*],,0.0000000,0.0000,1
18.9488,18.9488,-18.9488,0.0000000,CCCCCCC#Cc1cncc(N2CCC3(CN(C(=O)c4cc5c(cc4[N+](=O)[O-])OCO5)C3)C2)c1[*]N1CC2(CCN(C(=O)c3cc4c(c5ccccc54)c3O)C2)C1,0,CCCCCCC#Cc1cncc(N2CCC3(CN(C(=O)c4cc5c(cc4[N+](=O)[O-])OCO5)C3)C2)c1,[*]N1CC2(CCN(C(=O)c3cc4c(c5ccccc54)c3O)C2)C1,,0.0000000,0.0000,1
18.1037,18.1037,-18.1037,0.0000000,CCCCCCC#Cc1cncc(N2CCC3(CN(C(=O)c4cc5c(cc4[N+](=O)[O-])OCO5)C3)C2)c1[*]N1CCc2c(cc3c(c2[N+](=O)[O-])CN(C(=O)c2cc4c(cc2[N+](=O)[O-])OCO4)C3)C1O[*],0,CCCCCCC#Cc1cncc(N2CCC3(CN(C(=O)c4cc5c(cc4[N+](=O)[O-])OCO5)C3)C2)c1,[*]N1CCc2c(cc3c(c2[N+](=O)[O-])CN(C(=O)c2cc4c(cc2[N+](=O)[O-])OCO4)C3)C1O[*],,0.0000000,0.0000,1
5.0331,5.0331,-5.0331,0.0000000,CCCCCCC#Cc1cncc(N2CCC3(CN(C(=O)c4cc5c(cc4[N+](=O)[O-])OCO5)C3)C2)c1[*]N[*],0,CCCCCCC#Cc1cncc(N2CCC3(CN(C(=O)c4cc5c(cc4[N+](=O)[O-])OCO5)C3)C2)c1,[*]N[*],,0.0000000,0.0000,1
5.5597,5.5597,-5.5597,0.0000000,CCCCCCC#Cc1cncc(N2CCC3(CN(C(=O)c4cc5c(cc4[N+](=O)[O-])OCO5)C3)C2)c1[*]OCCC[*],0,CCCCCCC#Cc1cncc(N2CCC3(CN(C(=O)c4cc5c(cc4[N+](=O)[O-])OCO5)C3)C2)c1,[*]OCCC[*],,0.0000000,0.0000,1
5.7390,5.7390,-5.7390,0.0000000,CCCCCCC#Cc1cncc(N2CCC3(CN(C(=O)c4cc5c(cc4[N+](=O)[O-])OCO5)C3)C2)c1[*]OCCO[*],0,CCCCCCC#Cc1cncc(N2CCC3(CN(C(=O)c4cc5c(cc4[N+](=O)[O-])OCO5)C3)C2)c1,[*]OCCO[*],,0.0000000,0.0000,1
4.1884,4.1884,-4.1884,0.0000000,CCCCCCC#Cc1cncc(N2CCC3(CN(C(=O)c4cc5c(cc4[N+](=O)[O-])OCO5)C3)C2)c1[*]OCC[*],0,CCCCCCC#Cc1cncc(N2CCC3(CN(C(=O)c4cc5c(cc4[N+](=O)[O-])OCO5)C3)C2)c1,[*]OCC[*],,0.0000000,0.0000,1
19.6392,19.6392,-19.6392,0.0000000,CCCCCCC#Cc1cncc(N2CCC3(CN(C(=O)c4cc5c(cc4[N+](=O)[O-])OCO5)C3)C2)c1[*][N+]12CCC3(C2)CN(C(=O)c2cc4c(cc2[N+](=O)[O-])OCO4)CC31C[*],0,CCCCCCC#Cc1cncc(N2CCC3(CN(C(=O)c4cc5c(cc4[N+](=O)[O-])OCO5)C3)C2)c1,[*][N+]12CCC3(C2)CN(C(=O)c2cc4c(cc2[N+](=O)[O-])OCO4)CC31C[*],,0.0000000,0.0000,1
62.7390,62.7390,-62.7390,0.0000000,CCCCCCC#Cc1cncc(N2CCC3(CN(C(=O)c4cc5c(cc4[N+](=O)[O-])OCO5)C3)C2)c1[*]c1cn(C23CC(N4CC5(CN(C(=O)c6cc7c(c8c8ccccc8c8ccccc98)OC(=O)C78)C5)C4)C2)C3)c/c(=N\C)c(N2CCC2)n11,0,CCCCCCC#Cc1cncc(N2CCC3(CN(C(=O)c4cc5c(cc4[N+](=O)[O-])OCO5)C3)C2)c1,[*]c1cn(C23CC(N4CC5(CN(C(=O)c6cc7c(c8c8ccccc8c8ccccc98)OC(=O)C78)C5)C4)C2)C3)c/c(=N\C)c(N2CCC2)n11,,0.0000000,0.0000,1
74.5717,74.5717,-74.5717,0.0000000,CCCCCCC#Cc1cncc(N2CCC3(CN(C(=O)c4cc5c(cc4[N+](=O)[O-])OCO5)C3)C2)c1[*]c1nnc2cc(N3CC4(CC(NCc5cc6c(cn5)C(=O)N(c5c(C)cc7c(cc([N+]#[C-])cccc57)C6)C6=O)C4)C3)cc3c2c1C(=O)N3)CC=C,0,CCCCCCC#Cc1cncc(N2CCC3(CN(C(=O)c4cc5c(cc4[N+](=O)[O-])OCO5)C3)C2)c1,[*]c1nnc2cc(N3CC4(CC(NCc5cc6c(cn5)C(=O)N(c5c(C)cc7c(cc([N+]#[C-])cccc57)C6)C6=O)C4)C3)cc3c2c1C(=O)N3)CC=C,,0.0000000,0.0000,1
71.8994,71.8994,-71.8994,0.0000000,CCCCCCC#Cc1cncc(N2CCC3(CN(C(=O)c4ccc5c(c4)OCO5)C3)C2)c1[*]CC(=O)N(C1CCN(C23C=CC(=O)CC3C2)C1)C12OC13CCN(c2ccc4c(c2)C(=O)N(C23CC2)C4=O)C(=O)C(C)O1,0,CCCCCCC#Cc1cncc(N2CCC3(CN(C(=O)c4ccc5c(c4)OCO5)C3)C2)c1,[*]CC(=O)N(C1CCN(C23C=CC(=O)CC3C2)C1)C12OC13CCN(c2ccc4c(c2)C(=O)N(C23CC2)C4=O)C(=O)C(C)O1,,0.0000000,0.0000,1
41.3816,41.3816,-41.3816,0.0000000,CCCCCCC#Cc1cncc(N2CCC3(CN(C(=O)c4ccc5c(c4)OCO5)C3)C2)c1[*]CC(=O)N1CC2(CCN(C(=O)c3ccc4c(c3)CN(C(=O)c3c(-c5ccc6ncccc6c5)nc5ncn6c5c3CCC6)CC4)C2)C1,0,CCCCCCC#Cc1cncc(N2CCC3(CN(C(=O)c4ccc5c(c4)OCO5)C3)C2)c1,[*]CC(=O)N1CC2(CCN(C(=O)c3ccc4c(c3)CN(C(=O)c3c(-c5ccc6ncccc6c5)nc5ncn6c5c3CCC6)CC4)C2)C1,,0.0000000,0.0000,1
8.8372,8.8372,-8.8372,0.0000000,CCCCCCC#Cc1cncc(N2CCC3(CN(C(=O)c4ccc5c(c4)OCO5)C3)C2)c1[*]CC(=O)OCC(=O)[*],0,CCCCCCC#Cc1cncc(N2CCC3(CN(C(=O)c4ccc5c(c4)OCO5)C3)C2)c1,[*]CC(=O)OCC(=O)[*],,0.0000000,0.0000,1
6.0117,6.0117,-6.0117,0.0000000,CCCCCCC#Cc1cncc(N2CCC3(CN(C(=O)c4ccc5c(c4)OCO5)C3)C2)c1[*]CCCC(=O)C[*],0,CCCCCCC#Cc1cncc(N2CCC3(CN(C(=O)c4ccc5c(c4)OCO5)C3)C2)c1,[*]CCCC(=O)C[*],,0.0000000,0.0000,1
32.0893,32.0893,-32.0893,0.0000000,CCCCCCC#Cc1cncc(N2CCC3(CN(C(=O)c4ccc5c(c4)OCO5)C3)C2)c1[*]CCCC(=O)N1CC2(CN(C(=O)c3cc4c(c([*])c3)OCCO4)C2)COC13C,0,CCCCCCC#Cc1cncc(N2CCC3(CN(C(=O)c4ccc5c(c4)OCO5)C3)C2)c1,[*]CCCC(=O)N1CC2(CN(C(=O)c3cc4c(c([*])c3)OCCO4)C2)COC13C,,0.0000000,0.0000,1
33.2166,33.2166,-33.2166,0.0000000,CCCCCCC#Cc1cncc(N2CCC3(CN(C(=O)c4ccc5c(c4)OCO5)C3)C2)c1[*]CCCCCC(=O)c1nc2c3ccccc-3c(C(=O)O)n2c1[*],0,CCCCCCC#Cc1cncc(N2CCC3(CN(C(=O)c4ccc5c(c4)OCO5)C3)C2)c1,[*]CCCCCC(=O)c1nc2c3ccccc-3c(C(=O)O)n2c1[*],,0.0000000,0.0000,1
2.8201,2.8201,-2.8201,0.0000000,CCCCCCC#Cc1cncc(N2CCC3(CN(C(=O)c4ccc5c(c4)OCO5)C3)C2)c1[*]CCCC[*],0,CCCCCCC#Cc1cncc(N2CCC3(CN(C(=O)c4ccc5c(c4)OCO5)C3)C2)c1,[*]CCCC[*],,0.0000000,0.0000,1
1.9713,1.9713,-1.9713,0.0000000,CCCCCCC#Cc1cncc(N2CCC3(CN(C(=O)c4ccc5c(c4)OCO5)C3)C2)c1[*]CCC[*],0,CCCCCCC#Cc1cncc(N2CCC3(CN(C(=O)c4ccc5c(c4)OCO5)C3)C2)c1,[*]CCC[*],,0.0000000,0.0000,1
18.6188,18.6188,-18.6188,0.0000000,CCCCCCC#Cc1cncc(N2CCC3(CN(C(=O)c4ccc5c(c4)OCO5)C3)C2)c1[*]CCOC(=O)N(S(C)(=O)=O)[*],0,CCCCCCC#Cc1cncc(N2CCC3(CN(C(=O)c4ccc5c(c4)OCO5)C3)C2)c1,[*]CCOC(=O)N(S(C)(=O)=O)[*],,0.0000000,0.0000,1
8.5164,8.5164,-8.5164,0.0000000,CCCCCCC#Cc1cncc(N2CCC3(CN(C(=O)c4ccc5c(c4)OCO5)C3)C2)c1[*]CCSCC[*],0,CCCCCCC#Cc1cncc(N2CCC3(CN(C(=O)c4ccc5c(c4)OCO5)C3)C2)c1,[*]CCSCC[*],,0.0000000,0.0000,1
1.1435,1.1435,-1.1435,0.0000000,CCCCCCC#Cc1cncc(N2CCC3(CN(C(=O)c4ccc5c(c4)OCO5)C3)C2)c1[*]CC[*],0,CCCCCCC#Cc1cncc(N2CCC3(CN(C(=O)c4ccc5c(c4)OCO5)C3)C2)c1,[*]CC[*],,0.0000000,0.0000,1
37.8860,37.8860,-37.8860,0.0000000,CCCCCCC#Cc1cncc(N2CCC3(CN(C(=O)c4ccc5c(c4)OCO5)C3)C2)c1[*]Cc1nc2cc(N3CC(SC4CCN(C(=O)c5cnc([*])c6c5CCC6)C4)C3)ccc2[nH]1,0,CCCCCCC#Cc1cncc(N2CCC3(CN(C(=O)c4ccc5c(c4)OCO5)C3)C2)c1,[*]Cc1nc2cc(N3CC(SC4CCN(C(=O)c5cnc([*])c6c5CCC6)C4)C3)ccc2[nH]1,,0.0000000,0.0000,1
6.5475,6.5475,-6.5475,0.0000000,CCCCCCC#Cc1cncc(N2CCC3(CN(C(=O)c4ccc5c(c4)OCO5)C3)C2)c1[*]Cc[*],0,CCCCCCC#Cc1cncc(N2CCC3(CN(C(=O)c4ccc5c(c4)OCO5)C3)C2)c1,[*]Cc[*],,0.0000000,0.0000,1
4.4425,4.4425,-4.4425,0.0000000,CCCCCCC#Cc1cncc(N2CCC3(CN(C(=O)c4ccc5c(c4)OCO5)C3)C2)c1[*]N(C)[*],0,CCCCCCC#Cc1cncc(N2CCC3(CN(C(=O)c4ccc5c(c4)OCO5)C3)C2)c1,[*]N(C)[*],,0.0000000,0.0000,1
14.3505,14.3505,-14.3505,0.0000000,CCCCCCC#Cc1cncc(N2CCC3(CN(C(=O)c4ccc5c(c4)OCO5)C3)C2)c1[*]N1CC2(CCN(C(=O)c3c4ccccc4nc3[*])C2)C1,0,CCCCCCC#Cc1cncc(N2CCC3(CN(C(=O)c4ccc5c(c4)OCO5)C3)C2)c1,[*]N1CC2(CCN(C(=O)c3c4ccccc4nc3[*])C2)C1,,0.0000000,0.0000,1
3.7447,3.7447,-3.7447,0.0000000,CCCCCCC#Cc1cncc(N2CCC3(CN(C(=O)c4ccc5c(c4)OCO5)C3)C2)c1[*]N[*],0,CCCCCCC#Cc1cncc(N2CCC3(CN(C(=O)c4ccc5c(c4)OCO5)C3)C2)c1,[*]N[*],,0.0000000,0.0000,1
10.2102,10.2102,-10.2102,0.0000000,CCCCCCC#Cc1cncc(N2CCC3(CN(C(=O)c4ccc5c(c4)OCO5)C3)C2)c1[*]OCCCCN[*],0,CCCCCCC#Cc1cncc(N2CCC3(CN(C(=O)c4ccc5c(c4)OCO5)C3)C2)c1,[*]OCCCCN[*],,0.0000000,0.0000,1
26.3824,26.3824,-26.3824,0.0000000,CCCCCCC#Cc1cncc(N2CCC3(CN(C(=O)c4ccc5c(c4)OCO5)C3)C2)c1[*]O[C@H]1C[C@@H](C(=O)Nc2ccc3c(c2)OCO3)N(C(=O)c2cnc3c(F)cccc3c2)C1,0,CCCCCCC#Cc1cncc(N2CCC3(CN(C(=O)c4ccc5c(c4)OCO5)C3)C2)c1,[*]O[C@H]1C[C@@H](C(=O)Nc2ccc3c(c2)OCO3)N(C(=O)c2cnc3c(F)cccc3c2)C1,,0.0000000,0.0000,1
11.8866,11.8866,-11.8866,0.0000000,CCCCCCC#Cc1cncc(N2CCC3(CN(Cc4cc([N+](=O)[O-])cc([N+](=O)[O-])c4)C3)C2)c1[*]C(C(F)(F)F)[*],0,CCCCCCC#Cc1cncc(N2CCC3(CN(Cc4cc([N+](=O)[O-])cc([N+](=O)[O-])c4)C3)C2)c1,[*]C(C(F)(F)F)[*],,0.0000000,0.0000,1
25.8631,25.8631,-25.8631,0.0000000,CCCCCCC#Cc1cncc(N2CCC3(CN(Cc4cc([N+](=O)[O-])cc([N+](=O)[O-])c4)C3)C2)c1[*]C1CC2CC(C2)[N+]1(Cc1cc([N+](=O)[O-])cc([N+](=O)[O-])c1)[*],0,CCCCCCC#Cc1cncc(N2CCC3(CN(Cc4cc([N+](=O)[O-])cc([N+](=O)[O-])c4)C3)C2)c1,[*]C1CC2CC(C2)[N+]1(Cc1cc([N+](=O)[O-])cc([N+](=O)[O-])c1)[*],,0.0000000,0.0000,1
20.5145,20.5145,-20.5145,0.0000000,CCCCCCC#Cc1cncc(N2CCC3(CN(Cc4cc([N+](=O)[O-])cc([N+](=O)[O-])c4)C3)C2)c1[*]CC(=O)OCCN1CCOc2cc([*])ccc21,0,CCCCCCC#Cc1cncc(N2CCC3(CN(Cc4cc([N+](=O)[O-])cc([N+](=O)[O-])c4)C3)C2)c1,[*]CC(=O)OCCN1CCOc2cc([*])ccc21,,0.0000000,0.0000,1
51.1836,51.1836,-51.1836,0.0000000,CCCCCCC#Cc1cncc(N2CCC3(CN(Cc4cc([N+](=O)[O-])cc([N+](=O)[O-])c4)C3)C2)c1[*]CCC(=O)N1C2CC(OCC)(CN(C)c3cc4c(cc3F)-c3cnc(N[*])nc3C(C)(C)O4)C21,0,CCCCCCC#Cc1cncc(N2CCC3(CN(Cc4cc([N+](=O)[O-])cc([N+](=O)[O-])c4)C3)C2)c1,[*]CCC(=O)N1C2CC(OCC)(CN(C)c3cc4c(cc3F)-c3cnc(N[*])nc3C(C)(C)O4)C21,,0.0000000,0.0000,1
31.1337,31.1337,-31.1337,0.0000000,CCCCCCC#Cc1cncc(N2CCC3(CN(Cc4cc([N+](=O)[O-])cc([N+](=O)[O-])c4)C3)C2)c1[*]CCCCCC1(C)COc2cc(CN3CC4(C3)CN([*])C4)cc([N+](=O)[O-])c2C(=O)O1,0,CCCCCCC#Cc1cncc(N2CCC3(CN(Cc4cc([N+](=O)[O-])cc([N+](=O)[O-])c4)C3)C2)c1,[*]CCCCCC1(C)COc2cc(CN3CC4(C3)CN([*])C4)cc([N+](=O)[O-])c2C(=O)O1,,0.0000000,0.0000,1
4.1129,4.1129,-4.1129,0.0000000,CCCCCCC#Cc1cncc(N2CCC3(CN(Cc4cc([N+](=O)[O-])cc([N+](=O)[O-])c4)C3)C2)c1[*]CCCCCC[*],0,CCCCCCC#Cc1cncc(N2CCC3(CN(Cc4cc([N+](=O)[O-])cc([N+](=O)[O-])c4)C3)C2)c1,[*]CCCCCC[*],,0.0000000,0.0000,1
2.4688,2.4688,-2.4688,0.0000000,CCCCCCC#Cc1cncc(N2CCC3(CN(Cc4cc([N+](=O)[O-])cc([N+](=O)[O-])c4)C3)C2)c1[*]CCCC[*],0,CCCCCCC#Cc1cncc(N2CCC3(CN(Cc4cc([N+](=O)[O-])cc([N+](=O)[O-])c4)C3)C2)c1,[*]CCCC[*],,0.0000000,0.0000,1
1.7960,1.7960,-1.7960,0.0000000,CCCCCCC#Cc1cncc(N2CCC3(CN(Cc4cc([N+](=O)[O-])cc([N+](=O)[O-])c4)C3)C2)c1[*]CCC[*],0,CCCCCCC#Cc1cncc(N2CCC3(CN(Cc4cc([N+](=O)[O-])cc([N+](=O)[O-])c4)C3)C2)c1,[*]CCC[*],,0.0000000,0.0000,1
1.1291,1.1291,-1.1291,0.0000000,CCCCCCC#Cc1cncc(N2CCC3(CN(Cc4cc([N+](=O)[O-])cc([N+](=O)[O-])c4)C3)C2)c1[*]CC[*],0,CCCCCCC#Cc1cncc(N2CCC3(CN(Cc4cc([N+](=O)[O-])cc([N+](=O)[O-])c4)C3)C2)c1,[*]CC[*],,0.0000000,0.0000,1
15.2720,15.2720,-15.2720,0.0000000,CCCCCCC#Cc1cncc(N2CCC3(CN(Cc4cc([N+](=O)[O-])cc([N+](=O)[O-])c4)C3)C2)c1[*]N1CC2(CCN(C3CC4(C3)CN(c3cc([N+](=O)[O-])cc([N+](=O)[O-])c3)C4)C2)C1,0,CCCCCCC#Cc1cncc(N2CCC3(CN(Cc4cc([N+](=O)[O-])cc([N+](=O)[O-])c4)C3)C2)c1,[*]N1CC2(CCN(C3CC4(C3)CN(c3cc([N+](=O)[O-])cc([N+](=O)[O-])c3)C4)C2)C1,,0.0000000,0.0000,1
25.9717,25.9717,-25.9717,0.0000000,CCCCCCC#Cc1cncc(N2CCC3(CN(Cc4cc([N+](=O)[O-])cc([N+](=O)[O-])c4)C3)C2)c1[*]N1CC2(CN(Cc3cnc(OC)c(C(=O)N4CC5(CN(C(=O)C[*])C5)C4)c3)C2)C1,0,CCCCCCC#Cc1cncc(N2CCC3(CN(Cc4cc([N+](=O)[O-])cc([N+](=O)[O-])c4)C3)C2)c1,[*]N1CC2(CN(Cc3cnc(OC)c(C(=O)N4CC5(CN(C(=O)C[*])C5)C4)c3)C2)C1,,0.0000000,0.0000,1
22.6211,22.6211,-22.6211,0.0000000,CCCCCCC#Cc1cncc(N2CCC3(CN(Cc4cc([N+](=O)[O-])cc([N+](=O)[O-])c4)C3)C2)c1[*]OCC/N=C/c1nccc(N2CC3(CN(Cc4cc([N+](=O)[O-])cc([N+](=O)[O-])c4)C3)C2)c1O,0,CCCCCCC#Cc1cncc(N2CCC3(CN(Cc4cc([N+](=O)[O-])cc([N+](=O)[O-])c4)C3)C2)c1,[*]OCC/N=C/c1nccc(N2CC3(CN(Cc4cc([N+](=O)[O-])cc([N+](=O)[O-])c4)C3)C2)c1O,,0.0000000,0.0000,1
4.3975,4.3975,-4.3975,0.0000000,CCCCCCC#Cc1cncc(N2CCC3(CN(Cc4cc([N+](=O)[O-])cc([N+](=O)[O-])c4)C3)C2)c1[*]OCC[*],0,CCCCCCC#Cc1cncc(N2CCC3(CN(Cc4cc([N+](=O)[O-])cc([N+](=O)[O-])c4)C3)C2)c1,[*]OCC[*],,0.0000000,0.0000,1
3.4433,3.4433,-3.4433,0.0000000,CCCCCCOC1CN(c2cncc(N3CCC4(CN(C(=O)OC(C)(C)C)C4)C3)c2)C1[*]CCCC[*],0,CCCCCCOC1CN(c2cncc(N3CCC4(CN(C(=O)OC(C)(C)C)C4)C3)c2)C1,[*]CCCC[*],,0.0000000,0.0000,1
20.1102,20.1102,-20.1102,0.0000000,CCCCCCOC1CN(c2cncc(N3CCC4(CN(C(=O)OC(C)(C)C)C4)C3)c2)C1[*]CCCOC1CN(c2cncc(N3C4(CCN(C)C4)OC3=O)c2)C1,0,CCCCCCOC1CN(c2cncc(N3CCC4(CN(C(=O)OC(C)(C)C)C4)C3)c2)C1,[*]CCCOC1CN(c2cncc(N3C4(CCN(C)C4)OC3=O)c2)C1,,0.0000000,0.0000,1
3.8097,3.8097,-3.8097,0.0000000,CCCCCCOC1CN(c2cncc(N3CCC4(CN(C(=O)OC(C)(C)C)C4)C3)c2)C1[*]CCCO[*],0,CCCCCCOC1CN(c2cncc(N3CCC4(CN(C(=O)OC(C)(C)C)C4)C3)c2)C1,[*]CCCO[*],,0.0000000,0.0000,1
2.3466,2.3466,-2.3466,0.0000000,CCCCCCOC1CN(c2cncc(N3CCC4(CN(C(=O)OC(C)(C)C)C4)C3)c2)C1[*]CCC[*],0,CCCCCCOC1CN(c2cncc(N3CCC4(CN(C(=O)OC(C)(C)C)C4)C3)c2)C1,[*]CCC[*],,0.0000000,0.0000,1
15.0077,15.0077,-15.0077,0.0000000,CCCCCCOC1CN(c2cncc(N3CCC4(CN(C(=O)OC(C)(C)C)C4)C3)c2)C1[*]CCOC1CCN(c2ccnc([*])n2)C1,0,CCCCCCOC1CN(c2cncc(N3CCC4(CN(C(=O)OC(C)(C)C)C4)C3)c2)C1,[*]CCOC1CCN(c2ccnc([*])n2)C1,,0.0000000,0.0000,1
13.9172,13.9172,-13.9172,0.0000000,CCCCCCOC1CN(c2cncc(N3CCC4(CN(C(=O)OC(C)(C)C)C4)C3)c2)C1[*]CCOC1CN(c2cncc(N3CC4(C3)CN(c3nccc(N5CCOCC5)n3)C4)c2)C1,0,CCCCCCOC1CN(c2cncc(N3CCC4(CN(C(=O)OC(C)(C)C)C4)C3)c2)C1,[*]CCOC1CN(c2cncc(N3CC4(C3)CN(c3nccc(N5CCOCC5)n3)C4)c2)C1,,0.0000000,0.0000,1
20.0617,20.0617,-20.0617,0.0000000,CCCCCCOC1CN(c2cncc(N3CCC4(CN(C(=O)OC(C)(C)C)C4)C3)c2)C1[*]CCOC1CN(c2cncc(OC3CCN(C4(C(=O)OC(C)(C)C)C4)C3)c2)C1,0,CCCCCCOC1CN(c2cncc(N3CCC4(CN(C(=O)OC(C)(C)C)C4)C3)c2)C1,[*]CCOC1CN(c2cncc(OC3CCN(C4(C(=O)OC(C)(C)C)C4)C3)c2)C1,,0.0000000,0.0000,1
2.7660,2.7660,-2.7660,0.0000000,CCCCCCOC1CN(c2cncc(N3CCC4(CN(C(=O)OC(C)(C)C)C4)C3)c2)C1[*]CCO[*],0,CCCCCCOC1CN(c2cncc(N3CCC4(CN(C(=O)OC(C)(C)C)C4)C3)c2)C1,[*]CCO[*],,0.0000000,0.0000,1
1.2985,1.2985,-1.2985,0.0000000,CCCCCCOC1CN(c2cncc(N3CCC4(CN(C(=O)OC(C)(C)C)C4)C3)c2)C1[*]CC[*],0,CCCCCCOC1CN(c2cncc(N3CCC4(CN(C(=O)OC(C)(C)C)C4)C3)c2)C1,[*]CC[*],,0.0000000,0.0000,1
8.1302,8.1302,-8.1302,0.0000000,CCCCCCOC1CN(c2cncc(N3CCC4(CN(C(=O)OC(C)(C)C)C4)C3)c2)C1[*]CO[*],0,CCCCCCOC1CN(c2cncc(N3CCC4(CN(C(=O)OC(C)(C)C)C4)C3)c2)C1,[*]CO[*],,0.0000000,0.0000,1
21.2582,21.2582,-21.2582,0.0000000,CCCCCCOC1CN(c2cncc(N3CCC4(CN(C(=O)OC(C)(C)C)C4)C3)c2)C1[*]N1CCC(Oc2cc(O[*])ccc2C)C1,0,CCCCCCOC1CN(c2cncc(N3CCC4(CN(C(=O)OC(C)(C)C)C4)C3)c2)C1,[*]N1CCC(Oc2cc(O[*])ccc2C)C1,,0.0000000,0.0000,1
7.6375,7.6375,-7.6375,0.0000000,CCCCCCOC1CN(c2cncc(N3CCC4(CN(C(=O)OC(C)(C)C)C4)C3)c2)C1[*]N1CCN([*])C1,0,CCCCCCOC1CN(c2cncc(N3CCC4(CN(C(=O)OC(C)(C)C)C4)C3)c2)C1,[*]N1CCN([*])C1,,0.0000000,0.0000,1
40.0236,40.0236,-40.0236,0.0000000,CCCCCCOC1CN(c2cncc(N3CCC4(CN(C(=O)OC(C)(C)C)C4)C3)c2)C1[*]OC1CN(C2(CC#N)CC3CN(c4ccnc(N5CCN6CC5(C)C6)n4)CC3)C1,0,CCCCCCOC1CN(c2cncc(N3CCC4(CN(C(=O)OC(C)(C)C)C4)C3)c2)C1,[*]OC1CN(C2(CC#N)CC3CN(c4ccnc(N5CCN6CC5(C)C6)n4)CC3)C1,,0.0000000,0.0000,1
21.9698,21.9698,-21.9698,0.0000000,CCCCCCOC1CN(c2cncc(N3CCC4(CN(C(=O)OC(C)(C)C)C4)C3)c2)C1[*]OC1CN(c2cnc3c(c2)-c2ccccc2C3)C1(C)OCC[*],0,CCCCCCOC1CN(c2cncc(N3CCC4(CN(C(=O)OC(C)(C)C)C4)C3)c2)C1,[*]OC1CN(c2cnc3c(c2)-c2ccccc2C3)C1(C)OCC[*],,0.0000000,0.0000,1
30.7180,30.7180,-30.7180,0.0000000,CCCCCCOC1CN(c2cncc(N3CCC4(CN(C(=O)OC(C)(C)C)C4)C3)c2)C1[*]OC1CN(c2cncc(N3CC4(C)C(CC4(NC(=O)OC(C)(C)C)C4C#N)C3)n2)C1,0,CCCCCCOC1CN(c2cncc(N3CCC4(CN(C(=O)OC(C)(C)C)C4)C3)c2)C1,[*]OC1CN(c2cncc(N3CC4(C)C(CC4(NC(=O)OC(C)(C)C)C4C#N)C3)n2)C1,,0.0000000,0.0000,1
7.2765,7.2765,-7.2765,0.0000000,CCCCCCOC1CN(c2cncc(N3CCC4(CN(C(=O)OC(C)(C)C)C4)C3)c2)C1[*]OC1CN(c2cncc(N3CCC4(CC3)CN(C(=O)OC(C)(C)C)C4)c2)C1,0,CCCCCCOC1CN(c2cncc(N3CCC4(CN(C(=O)OC(C)(C)C)C4)C3)c2)C1,[*]OC1CN(c2cncc(N3CCC4(CC3)CN(C(=O)OC(C)(C)C)C4)c2)C1,,0.0000000,0.0000,1
6.0536,6.0536,-6.0536,0.0000000,CCCCCCOC1CN(c2cncc(N3CCC4(CN(C(=O)OC(C)(C)C)C4)C3)c2)C1[*]OC1CN(c2cncc(N3CCC4(CCN(C(=O)OC(C)(C)C)C4)C3)c2)C1,0,CCCCCCOC1CN(c2cncc(N3CCC4(CN(C(=O)OC(C)(C)C)C4)C3)c2)C1,[*]OC1CN(c2cncc(N3CCC4(CCN(C(=O)OC(C)(C)C)C4)C3)c2)C1,,0.0000000,0.0000,1
3.2721,3.2721,-3.2721,0.0000000,CCCCCCOC1CN(c2cncc(N3CCC4(CN(C(=O)OC(C)(C)C)C4)C3)c2)C1[*]OCC[*],0,CCCCCCOC1CN(c2cncc(N3CCC4(CN(C(=O)OC(C)(C)C)C4)C3)c2)C1,[*]OCC[*],,0.0000000,0.0000,1
17.4881,17.4881,-17.4881,0.0000000,CCCCCCOC1CN(c2cncc(N3CCC4(CN(C(=O)OC(C)(C)C)C4)C3)c2)C1[*]OC[C@@H]1CN(c2nccc(N3CC4(CCN(C(=O)OC(C)(C)C)C4)C3)n2)C1,0,CCCCCCOC1CN(c2cncc(N3CCC4(CN(C(=O)OC(C)(C)C)C4)C3)c2)C1,[*]OC[C@@H]1CN(c2nccc(N3CC4(CCN(C(=O)OC(C)(C)C)C4)C3)n2)C1,,0.0000000,0.0000,1
19.1726,19.1726,-19.1726,0.0000000,CCCCCCOC1CN(c2cncc(N3CCC4(CN(C(=O)OC(C)(C)C)C4)C3)c2)C1[*]OCc1nccc2c1N1CCN(C(=O)OC(C)(C)C)CC12,0,CCCCCCOC1CN(c2cncc(N3CCC4(CN(C(=O)OC(C)(C)C)C4)C3)c2)C1,[*]OCc1nccc2c1N1CCN(C(=O)OC(C)(C)C)CC12,,0.0000000,0.0000,1
9.0531,9.0531,-9.0531,0.0000000,CCCCCCOC1CN(c2cncc(N3CCC4(CN(C(=O)OC(C)(C)C)C4)C3)c2)C1[*]Oc1ccc(O[*])cc1,0,CCCCCCOC1CN(c2cncc(N3CCC4(CN(C(=O)OC(C)(C)C)C4)C3)c2)C1,[*]Oc1ccc(O[*])cc1,,0.0000000,0.0000,1
8.1347,8.1347,-8.1347,0.0000000,CCCCCCOC1CN(c2cncc(N3CCC4(CN(C(=O)OC(C)(C)C)C4)C3)c2)C1[*]Oc1cccc([*])c1,0,CCCCCCOC1CN(c2cncc(N3CCC4(CN(C(=O)OC(C)(C)C)C4)C3)c2)C1,[*]Oc1cccc([*])c1,,0.0000000,0.0000,1
62.9270,62.9270,-62.9270,0.0000000,O=C(c1cc([N+](=O)[O-])cc([N+](=O)[O-])c1)N1CC2(CCN(c3cncc(C#Cc4ccccc4)c3)C2)C1[*]C(=O)/C(=C/C(=O)OC(=O)/C=C1/CN2C1C1(CN1CC3(CC1)CN(c1cnc(C#Cc4ccccc4)c(C(=O)[O-])c1)C3)CCOC1(C)CC1)N2C1CC2(CCN(c3cncc(C#Cc4ccccc4)c3)C2)C1)NC1,0,O=C(c1cc([N+](=O)[O-])cc([N+](=O)[O-])c1)N1CC2(CCN(c3cncc(C#Cc4ccccc4)c3)C2)C1,[*]C(=O)/C(=C/C(=O)OC(=O)/C=C1/CN2C1C1(CN1CC3(CC1)CN(c1cnc(C#Cc4ccccc4)c(C(=O)[O-])c1)C3)CCOC1(C)CC1)N2C1CC2(CCN(c3cncc(C#Cc4ccccc4)c3)C2)C1)NC1,,0.0000000,0.0000,1
16.2233,16.2233,-16.2233,0.0000000,O=C(c1cc([N+](=O)[O-])cc([N+](=O)[O-])c1)N1CC2(CCN(c3cncc(C#Cc4ccccc4)c3)C2)C1[*]C(=O)/C=C(\C(=O)O)c1cccc(N2CC3(CCN(c4cncc(C#Cc5ccccc5)c4)C3)C2)c1,0,O=C(c1cc([N+](=O)[O-])cc([N+](=O)[O-])c1)N1CC2(CCN(c3cncc(C#Cc4ccccc4)c3)C2)C1,[*]C(=O)/C=C(\C(=O)O)c1cccc(N2CC3(CCN(c4cncc(C#Cc5ccccc5)c4)C3)C2)c1,,0.0000000,0.0000,1
30.4454,30.4454,-30.4454,0.0000000,O=C(c1cc([N+](=O)[O-])cc([N+](=O)[O-])c1)N1CC2(CCN(c3cncc(C#Cc4ccccc4)c3)C2)C1[*]C(=O)/C=C/C(=O)OC(=O)C(c1cc([N+](=O)[O-])cc([N+]#[C-])c1)N1C2CC1(c1nccc(C#Cc3ccccc3)c1)N2C1CC2(C)CN(c3cccc([N+]#[C-])c3)C2)C1,0,O=C(c1cc([N+](=O)[O-])cc([N+](=O)[O-])c1)N1CC2(CCN(c3cncc(C#Cc4ccccc4)c3)C2)C1,[*]C(=O)/C=C/C(=O)OC(=O)C(c1cc([N+](=O)[O-])cc([N+]#[C-])c1)N1C2CC1(c1nccc(C#Cc3ccccc3)c1)N2C1CC2(C)CN(c3cccc([N+]#[C-])c3)C2)C1,,0.0000000,0.0000,1
15.5214,15.5214,-15.5214,0.0000000,O=C(c1cc([N+](=O)[O-])cc([N+](=O)[O-])c1)N1CC2(CCN(c3cncc(C#Cc4ccccc4)c3)C2)C1[*]C(=O)/C=C/C(=O)OC(=O)C1CN2CC3(CCN(c4cccc([*])c4)C3)C2C1,0,O=C(c1cc([N+](=O)[O-])cc([N+](=O)[O-])c1)N1CC2(CCN(c3cncc(C#Cc4ccccc4)c3)C2)C1,[*]C(=O)/C=C/C(=O)OC(=O)C1CN2CC3(CCN(c4cccc([*])c4)C3)C2C1,,0.0000000,0.0000,1
40.7829,40.7829,-40.7829,0.0000000,O=C(c1cc([N+](=O)[O-])cc([N+](=O)[O-])c1)N1CC2(CCN(c3cncc(C#Cc4ccccc4)c3)C2)C1[*]C(=O)/C=C/C(=O)OC(=O)c1ccc2n1CC1(c3ccccc3)N1C1(c3ccccc3)CCN(C3CCN(c4ccccc4)C3)CC1)C2,0,O=C(c1cc([N+](=O)[O-])cc([N+](=O)[O-])c1)N1CC2(CCN(c3cncc(C#Cc4ccccc4)c3)C2)C1,[*]C(=O)/C=C/C(=O)OC(=O)c1ccc2n1CC1(c3ccccc3)N1C1(c3ccccc3)CCN(C3CCN(c4ccccc4)C3)CC1)C2,,0.0000000,0.0000,1
18.5382,18.5382,-18.5382,0.0000000,O=C(c1cc([N+](=O)[O-])cc([N+](=O)[O-])c1)N1CC2(CCN(c3cncc(C#Cc4ccccc4)c3)C2)C1[*]C(=O)/C=C/C(=O)OC(c1cc([N+](=O)[O-])cnc1N1CC2(CCN(c3cncc(C#Cc4ccccc4)c3)C2)C1)N1CC2(CCN(c3ccccc3)CC2)C1,0,O=C(c1cc([N+](=O)[O-])cc([N+](=O)[O-])c1)N1CC2(CCN(c3cncc(C#Cc4ccccc4)c3)C2)C1,[*]C(=O)/C=C/C(=O)OC(c1cc([N+](=O)[O-])cnc1N1CC2(CCN(c3cncc(C#Cc4ccccc4)c3)C2)C1)N1CC2(CCN(c3ccccc3)CC2)C1,,0.0000000,0.0000,1
17.7082,17.7082,-17.7082,0.0000000,O=C(c1cc([N+](=O)[O-])cc([N+](=O)[O-])c1)N1CC2(CCN(c3cncc(C#Cc4ccccc4)c3)C2)C1[*]C(=O)/C=C\C(=O)OC(=C1CC2(CN(c3cncc(C(=O)c4ccccc4)c3)C2)N1C)[*],0,O=C(c1cc([N+](=O)[O-])cc([N+](=O)[O-])c1)N1CC2(CCN(c3cncc(C#Cc4ccccc4)c3)C2)C1,[*]C(=O)/C=C\C(=O)OC(=C1CC2(CN(c3cncc(C(=O)c4ccccc4)c3)C2)N1C)[*],,0.0000000,0.0000,1
18.3709,18.3709,-18.3709,0.0000000,O=C(c1cc([N+](=O)[O-])cc([N+](=O)[O-])c1)N1CC2(CCN(c3cncc(C#Cc4ccccc4)c3)C2)C1[*]C(=O)/C=C\C(=O)OC(=O)/C=C/C(=O)N1CC2(CN(c3cncc(C#Cc4ccccc4)c3)C2)N1C1CC2(CN(c3cncc(C#Cc4ccccc4)c3)C2)C1,0,O=C(c1cc([N+](=O)[O-])cc([N+](=O)[O-])c1)N1CC2(CCN(c3cncc(C#Cc4ccccc4)c3)C2)C1,[*]C(=O)/C=C\C(=O)OC(=O)/C=C/C(=O)N1CC2(CN(c3cncc(C#Cc4ccccc4)c3)C2)N1C1CC2(CN(c3cncc(C#Cc4ccccc4)c3)C2)C1,,0.0000000,0.0000,1
10.0491,10.0491,-10.0491,0.0000000,O=C(c1cc([N+](=O)[O-])cc([N+](=O)[O-])c1)N1CC2(CCN(c3cncc(C#Cc4ccccc4)c3)C2)C1[*]C(=O)C(=O)OC(=O)C(=C)N1CC2(CCN(c3cncc(C#Cc4ccccc4)c3)C2)C1,0,O=C(c1cc([N+](=O)[O-])cc([N+](=O)[O-])c1)N1CC2(CCN(c3cncc(C#Cc4ccccc4)c3)C2)C1,[*]C(=O)C(=O)OC(=O)C(=C)N1CC2(CCN(c3cncc(C#Cc4ccccc4)c3)C2)C1,,0.0000000,0.0000,1
22.6369,22.6369,-22.6369,0.0000000,O=C(c1cc([N+](=O)[O-])cc([N+](=O)[O-])c1)N1CC2(CCN(c3cncc(C#Cc4ccccc4)c3)C2)C1[*]C(=O)C(=O)OC(=O)C(=O)OC(c1ccnc(C#Cc2ccccc2)c1)N1C2CC1CN(c1cncc(C#Cc3ccccc)c3)C2)C2CC2,0,O=C(c1cc([N+](=O)[O-])cc([N+](=O)[O-])c1)N1CC2(CCN(c3cncc(C#Cc4ccccc4)c3)C2)C1,[*]C(=O)C(=O)OC(=O)C(=O)OC(c1ccnc(C#Cc2ccccc2)c1)N1C2CC1CN(c1cncc(C#Cc3ccccc)c3)C2)C2CC2,,0.0000000,0.0000,1
15.5440,15.5440,-15.5440,0.0000000,O=C(c1cc([N+](=O)[O-])cc([N+](=O)[O-])c1)N1CC2(CCN(c3cncc(C#Cc4ccccc4)c3)C2)C1[*]C(=O)C(=O)OC(c1ccccc1)N1CC2(CCN(c3cncc(C#Cc4ccccc4)c3)C2)C12CN([*])C2,0,O=C(c1cc([N+](=O)[O-])cc([N+](=O)[O-])c1)N1CC2(CCN(c3cncc(C#Cc4ccccc4)c3)C2)C1,[*]C(=O)C(=O)OC(c1ccccc1)N1CC2(CCN(c3cncc(C#Cc4ccccc4)c3)C2)C12CN([*])C2,,0.0000000,0.0000,1
17.3329,17.3329,-17.3329,0.0000000,O=C(c1cc([N+](=O)[O-])cc([N+](=O)[O-])c1)N1CC2(CCN(c3cncc(C#Cc4ccccc4)c3)C2)C1[*]C(=O)C(=O)OC(c1ccnc(C#Cc2ccccc2)c1)N1C[C@@H]2C(CN[*])[C@@H]2C1,0,O=C(c1cc([N+](=O)[O-])cc([N+](=O)[O-])c1)N1CC2(CCN(c3cncc(C#Cc4ccccc4)c3)C2)C1,[*]C(=O)C(=O)OC(c1ccnc(C#Cc2ccccc2)c1)N1C[C@@H]2C(CN[*])[C@@H]2C1,,0.0000000,0.0000,1
32.3997,32.3997,-32.3997,0.0000000,O=C(c1cc([N+](=O)[O-])cc([N+](=O)[O-])c1)N1CC2(CCN(c3cncc(C#Cc4ccccc4)c3)C2)C1[*]C(=O)C(=O)OC(c1cnc2cccc(C#Cc3cccc(C(=O)Oc4cccc5c4[C@@H]4CCN5C4)c3)c2c1)N1C2CC3CC1C32,0,O=C(c1cc([N+](=O)[O-])cc([N+](=O)[O-])c1)N1CC2(CCN(c3cncc(C#Cc4ccccc4)c3)C2)C1,[*]C(=O)C(=O)OC(c1cnc2cccc(C#Cc3cccc(C(=O)Oc4cccc5c4[C@@H]4CCN5C4)c3)c2c1)N1C2CC3CC1C32,,0.0000000,0.0000,1
28.0884,28.0884,-28.0884,0.0000000,O=C(c1cc([N+](=O)[O-])cc([N+](=O)[O-])c1)N1CC2(CCN(c3cncc(C#Cc4ccccc4)c3)C2)C1[*]C(=O)C(=O)OC(c1cnc2cccc(C#Cc3ccccc3)c2c1)N1C2C3CN(C)CC3N([*])C2C1,0,O=C(c1cc([N+](=O)[O-])cc([N+](=O)[O-])c1)N1CC2(CCN(c3cncc(C#Cc4ccccc4)c3)C2)C1,[*]C(=O)C(=O)OC(c1cnc2cccc(C#Cc3ccccc3)c2c1)N1C2C3CN(C)CC3N([*])C2C1,,0.0000000,0.0000,1
4.6641,4.6641,-4.6641,0.0000000,O=C(c1cc([N+](=O)[O-])cc([N+](=O)[O-])c1)N1CC2(CCN(c3cncc(C#Cc4ccccc4)c3)C2)C1[*]C(=O)C(=O)[*],0,O=C(c1cc([N+](=O)[O-])cc([N+](=O)[O-])c1)N1CC2(CCN(c3cncc(C#Cc4ccccc4)c3)C2)C1,[*]C(=O)C(=O)[*],,0.0000000,0.0000,1
52.6068,52.6068,-52.6068,0.0000000,O=C(c1cc([N+](=O)[O-])cc([N+](=O)[O-])c1)N1CC2(CCN(c3cncc(C#Cc4ccccc4)c3)C2)C1[*]C(=O)C1(C(=O)OC(c2cncc(C#Cc3c(F)cccc3F)c2)C2CC3=C(CCN(c4cncc(C#Cc5ccccc5)c4)C3)N2)N1)CC12CC3(CCN(cc4cccc(C)c4)C3)C1)N2,0,O=C(c1cc([N+](=O)[O-])cc([N+](=O)[O-])c1)N1CC2(CCN(c3cncc(C#Cc4ccccc4)c3)C2)C1,[*]C(=O)C1(C(=O)OC(c2cncc(C#Cc3c(F)cccc3F)c2)C2CC3=C(CCN(c4cncc(C#Cc5ccccc5)c4)C3)N2)N1)CC12CC3(CCN(cc4cccc(C)c4)C3)C1)N2,,0.0000000,0.0000,1
45.9763,45.9763,-45.9763,0.0000000,O=C(c1cc([N+](=O)[O-])cc([N+](=O)[O-])c1)N1CC2(CCN(c3cncc(C#Cc4ccccc4)c3)C2)C1[*]C(=O)C1CC2(CN(c3cncc(C#Cc4ccccc4)c3F)C3C4CN(c5ccnc(C#Cc6ccccc6)c5)CC43)C2N3C2CCC(C2)N31,0,O=C(c1cc([N+](=O)[O-])cc([N+](=O)[O-])c1)N1CC2(CCN(c3cncc(C#Cc4ccccc4)c3)C2)C1,[*]C(=O)C1CC2(CN(c3cncc(C#Cc4ccccc4)c3F)C3C4CN(c5ccnc(C#Cc6ccccc6)c5)CC43)C2N3C2CCC(C2)N31,,0.0000000,0.0000,1
22.3974,22.3974,-22.3974,0.0000000,O=C(c1cc([N+](=O)[O-])cc([N+](=O)[O-])c1)N1CC2(CCN(c3cncc(C#Cc4ccccc4)c3)C2)C1[*]C(=O)CCN1CC2(CCN(c3cnn(C)c3)C2)C12CN(c1cncc(C#Cc3ccccc3)c1)C2,0,O=C(c1cc([N+](=O)[O-])cc([N+](=O)[O-])c1)N1CC2(CCN(c3cncc(C#Cc4ccccc4)c3)C2)C1,[*]C(=O)CCN1CC2(CCN(c3cnn(C)c3)C2)C12CN(c1cncc(C#Cc3ccccc3)c1)C2,,0.0000000,0.0000,1
4.1918,4.1918,-4.1918,0.0000000,O=C(c1cc([N+](=O)[O-])cc([N+](=O)[O-])c1)N1CC2(CCN(c3cncc(C#Cc4ccccc4)c3)C2)C1[*]C(=O)C[*],0,O=C(c1cc([N+](=O)[O-])cc([N+](=O)[O-])c1)N1CC2(CCN(c3cncc(C#Cc4ccccc4)c3)C2)C1,[*]C(=O)C[*],,0.0000000,0.0000,1
26.3782,26.3782,-26.3782,0.0000000,O=C(c1cc([N+](=O)[O-])cc([N+](=O)[O-])c1)N1CC2(CCN(c3cncc(C#Cc4ccccc4)c3)C2)C1[*]C(=O)OC(/C=C/C1=C(C(=O)OC(=O)O)N2CC3(CCN(c4cncc(C#Cc5ccccc5)c4)C3)C2)N1C(=O)OC(c1ccccc1)c1ccccc1,0,O=C(c1cc([N+](=O)[O-])cc([N+](=O)[O-])c1)N1CC2(CCN(c3cncc(C#Cc4ccccc4)c3)C2)C1,[*]C(=O)OC(/C=C/C1=C(C(=O)OC(=O)O)N2CC3(CCN(c4cncc(C#Cc5ccccc5)c4)C3)C2)N1C(=O)OC(c1ccccc1)c1ccccc1,,0.0000000,0.0000,1
23.1396,23.1396,-23.1396,0.0000000,O=C(c1cc([N+](=O)[O-])cc([N+](=O)[O-])c1)N1CC2(CCN(c3cncc(C#Cc4ccccc4)c3)C2)C1[*]C(=O)OC(=C)C(=O)Oc1ccc2c1C1(CCN(c3cncc(C#Cc4ccccc4)c3)C1)N([*])C2,0,O=C(c1cc([N+](=O)[O-])cc([N+](=O)[O-])c1)N1CC2(CCN(c3cncc(C#Cc4ccccc4)c3)C2)C1,[*]C(=O)OC(=C)C(=O)Oc1ccc2c1C1(CCN(c3cncc(C#Cc4ccccc4)c3)C1)N([*])C2,,0.0000000,0.0000,1
46.5461,46.5461,-46.5461,0.0000000,O=C(c1cc([N+](=O)[O-])cc([N+](=O)[O-])c1)N1CC2(CCN(c3cncc(C#Cc4ccccc4)c3)C2)C1[*]C(=O)OC(=O)OC(=O)Cc1ccc2n1C1NCC3(CCN(c4cc([N+](=O)[O-])cc(C#Cc5ccccc5C(=O)OC(=O)C(=C)C)c4)C3)NC12,0,O=C(c1cc([N+](=O)[O-])cc([N+](=O)[O-])c1)N1CC2(CCN(c3cncc(C#Cc4ccccc4)c3)C2)C1,[*]C(=O)OC(=O)OC(=O)Cc1ccc2n1C1NCC3(CCN(c4cc([N+](=O)[O-])cc(C#Cc5ccccc5C(=O)OC(=O)C(=C)C)c4)C3)NC12,,0.0000000,0.0000,1
19.4236,19.4236,-19.4236,0.0000000,O=C(c1cc([N+](=O)[O-])cc([N+](=O)[O-])c1)N1CC2(CCN(c3cncc(C#Cc4ccccc4)c3)C2)C1[*]C(=O)OC(=O)OC(=O)OC(c1cccc([N+](=O)[O-])c1)N1C2(CCN(c3cncc(F)c3)C2)C12CCN(c1cncc(C#Cc3ccccc3)c1)C2,0,O=C(c1cc([N+](=O)[O-])cc([N+](=O)[O-])c1)N1CC2(CCN(c3cncc(C#Cc4ccccc4)c3)C2)C1,[*]C(=O)OC(=O)OC(=O)OC(c1cccc([N+](=O)[O-])c1)N1C2(CCN(c3cncc(F)c3)C2)C12CCN(c1cncc(C#Cc3ccccc3)c1)C2,,0.0000000,0.0000,1
44.3198,44.3198,-44.3198,0.0000000,O=C(c1cc([N+](=O)[O-])cc([N+](=O)[O-])c1)N1CC2(CCN(c3cncc(C#Cc4ccccc4)c3)C2)C1[*]C(=O)OC(=O)OC(C1CC2(CN(c3cncc(C#Cc4ccccc4)c3)C1)N2c1ncc(C#Cc2ccccc2)cn1)N1CC2(CCN(c3cccc(C4=CCC=CC4)c3)C2)C1,0,O=C(c1cc([N+](=O)[O-])cc([N+](=O)[O-])c1)N1CC2(CCN(c3cncc(C#Cc4ccccc4)c3)C2)C1,[*]C(=O)OC(=O)OC(C1CC2(CN(c3cncc(C#Cc4ccccc4)c3)C1)N2c1ncc(C#Cc2ccccc2)cn1)N1CC2(CCN(c3cccc(C4=CCC=CC4)c3)C2)C1,,0.0000000,0.0000,1
10.5228,10.5228,-10.5228,0.0000000,O=C(c1cc([N+](=O)[O-])cc([N+](=O)[O-])c1)N1CC2(CCN(c3cncc(C#Cc4ccccc4)c3)C2)C1[*]C(=O)OC(=O)OC(c1ccccc1)N1CC2(CCN(c3nccc(C#Cc4ccccc4)c3C)C2)C1,0,O=C(c1cc([N+](=O)[O-])cc([N+](=O)[O-])c1)N1CC2(CCN(c3cncc(C#Cc4ccccc4)c3)C2)C1,[*]C(=O)OC(=O)OC(c1ccccc1)N1CC2(CCN(c3nccc(C#Cc4ccccc4)c3C)C2)C1,,0.0000000,0.0000,1
3.5532,3.5532,-3.5532,0.0000000,O=C(c1cc([N+](=O)[O-])cc([N+](=O)[O-])c1)N1CC2(CCN(c3cncc(C#Cc4ccccc4)c3)C2)C1[*]C(=O)OC(=O)[*],0,O=C(c1cc([N+](=O)[O-])cc([N+](=O)[O-])c1)N1CC2(CCN(c3cncc(C#Cc4ccccc4)c3)C2)C1,[*]C(=O)OC(=O)[*],,0.0000000,0.0000,1
35.6960,35.6960,-35.6960,0.0000000,O=C(c1cc([N+](=O)[O-])cc([N+](=O)[O-])c1)N1CC2(CCN(c3cncc(C#Cc4ccccc4)c3)C2)C1[*]C(=O)OC(c1cc([N+](=O)[O-])cc([N+]#CC2CN3CC2(c2cc([N+](=O)[O-])cc([N+](=O)[O-])c2)C3)c1)C1CCN2CC3(C1)CN(c1cccc([N+](=O)[O-])c1)C3,0,O=C(c1cc([N+](=O)[O-])cc([N+](=O)[O-])c1)N1CC2(CCN(c3cncc(C#Cc4ccccc4)c3)C2)C1,[*]C(=O)OC(c1cc([N+](=O)[O-])cc([N+]#CC2CN3CC2(c2cc([N+](=O)[O-])cc([N+](=O)[O-])c2)C3)c1)C1CCN2CC3(C1)CN(c1cccc([N+](=O)[O-])c1)C3,,0.0000000,0.0000,1
8.1035,8.1035,-8.1035,0.0000000,O=C(c1cc([N+](=O)[O-])cc([N+](=O)[O-])c1)N1CC2(CCN(c3cncc(C#Cc4ccccc4)c3)C2)C1[*]C(=O)OC(c1ccccc1)N1CC2(CN(c3cncc(C#Cc4ccccc4)c3)C2)C1,0,O=C(c1cc([N+](=O)[O-])cc([N+](=O)[O-])c1)N1CC2(CCN(c3cncc(C#Cc4ccccc4)c3)C2)C1,[*]C(=O)OC(c1ccccc1)N1CC2(CN(c3cncc(C#Cc4ccccc4)c3)C2)C1,,0.0000000,0.0000,1
24.0974,24.0974,-24.0974,0.0000000,O=C(c1cc([N+](=O)[O-])cc([N+](=O)[O-])c1)N1CC2(CCN(c3cncc(C#Cc4ccccc4)c3)C2)C1[*]C(=O)O[C@@H](C#Cc1cncc(C#Cc2ccccc2)c1)C1C2CN(c3cncc(C#Cc4ccccc4)c3)C1C2,0,O=C(c1cc([N+](=O)[O-])cc([N+](=O)[O-])c1)N1CC2(CCN(c3cncc(C#Cc4ccccc4)c3)C2)C1,[*]C(=O)O[C@@H](C#Cc1cncc(C#Cc2ccccc2)c1)C1C2CN(c3cncc(C#Cc4ccccc4)c3)C1C2,,0.0000000,0.0000,1
2.4058,2.4058,-2.4058,0.0000000,O=C(c1cc([N+](=O)[O-])cc([N+](=O)[O-])c1)N1CC2(CCN(c3cncc(C#Cc4ccccc4)c3)C2)C1[*]C(=O)[*],0,O=C(c1cc([N+](=O)[O-])cc([N+](=O)[O-])c1)N1CC2(CCN(c3cncc(C#Cc4ccccc4)c3)C2)C1,[*]C(=O)[*],,0.0000000,0.0000,1
