SMILES,SMILES_state,Scaffold,R-groups,NLL
CSCCC(NC(=O)c1c(C2CC2)noc1-c1c(N2C(=O)NC(=O)C2CS(=O)(=O)CCOC(CCC(O)C(CC(C)C)C(C)C)C(C)C)cc(C(=O)O)cc1N(CCC(C)C)S(=O)(=O)C1CC1)C(=O)O,0,c1(N2CC3(CNC3)CC2)cncc(C#Cc2ccccc2)c1,O=C1NC(=O)C(CS(=O)(CCOC(CCC(O)C(C(C)C)CC(C)C)C(C)C)=O)N1c1cc(C(O)=O)cc(N(CCC(C)C)S(=O)(=O)C2CC2)c1-c1onc(C2CC2)c1C(=O)NC(C(=O)O)CCSC,87.35
*C(C)C1COC(=O)N1C(=O)C(C)CC1CC(CN(C)C(=O)c2cc(F)cc(C3CC3)c2)CCN1C(=O)C1C(C#N)N(c2cc(C#N)c(Cl)nc2-c2ccc(N3CCOCC3)c(F)c2)CC1(C)N1CCOCC1,0,C1CN(c2nc(Br)ccc2)CC12CN(C(=O)OC(C)(C)C)C2,C1(N2CCOCC2)(C)CN(c2c(-c3cc(F)c(N4CCOCC4)cc3)nc(Cl)c(C#N)c2)C(C#N)C1C(=O)N1CCC(CN(C(=O)c2cc(F)cc(C3CC3)c2)C)CC1CC(C)C(=O)N1C(C(*)C)COC1=O,82.85
C(=O)(OCC)C1CCN(C(=O)C2C(CN(C)C(CCC)=O)CC2)C1CC(CS(=O)(=O)C)NC(C12C(CC1)C(NC(C=CC(=O)NCC(=O)O)=O)(S(=O)(=O)O)CC2)=O)NC(C(C)C)C(=O)NC(C(O)=O)C(CCCCc1ccccc1)OC(c1cccc2c1cccc2)=O,0,c1c(-c2cncc(N3CCC4(C3)CN(C(OC(C)(C)C)=O)C4)c2)ccc(F)c1,C(=O)(OCC)C1CCN(C(=O)C2C(CN(C)C(CCC)=O)CC2)C1CC(CS(=O)(=O)C)NC(C12C(CC1)C(NC(C=CC(=O)NCC(=O)O)=O)(S(=O)(=O)O)CC2)=O)NC(C(C)C)C(=O)NC(C(O)=O)C(CCCCc1ccccc1)OC(c1cccc2c1cccc2)=O,125.66
*CCC(COc1cc(F)cc(F)c1)C(O)C(O)C(C)C(=O)N1CCN(S(=O)(=O)c2ccccc2[N+](=O)[O-])C1,0,CC(C)(OC(=O)N1CC2(CN(c3cc(Br)cnc3)CC2)C1)C,O=S(=O)(c1c([N+]([O-])=O)cccc1)N1CCN(C(=O)C(C(O)C(O)C(COc2cc(F)cc(F)c2)CC*)C)C1,40.17
COC(=O)C(Cc1ccc(C(=O)OCCC(=O)OCCNC(=O)CCC(=O)C(CC(C)C)CC(C(C)C)C(O)CC(C=O)NC(C(=O)NCCC(C)C)C(C)C(CCCCC(=O)OCc2cc(OC)c(OC)c(OC)c2)OCc2ccc(S(=O)(=O)Nc3cc(CC(C)=O)no3)cc2)cc1)C(C)C,0,CC(C)(OC(N1CC2(C1)CCN(c1cncc(C#Cc3ccccc3)c1)C2)=O)C,c1cc(S(=O)(=O)Nc2cc(CC(=O)C)no2)ccc1COC(CCCCC(=O)OCc1cc(OC)c(OC)c(OC)c1)C(C)C(NC(C=O)CC(O)C(C(C)C)CC(CC(C)C)C(CCC(=O)NCCOC(=O)CCOC(=O)c2ccc(CC(C(C)C)C(OC)=O)cc2)=O)C(=O)NCCC(C)C,116.71
CC(=O)Nc1nccc(N2CC3CC3CC2n2c(C)c(Cl)c(=O)n2CC(=O)NC(CO)C(O)c2ccc(OC(F)(F)F)cc2)c1-c1sc(C#CCOC(=O)C2CC3C(C2)C3NC(=O)CCC(=O)C(C)C(C)(C)C)nc1-c1ccc(C#CCCCO)cc1,0,C1C(OCCCc2ccccc2)CN1c1cc(N2CC3(CN(C(OC(C)(C)C)=O)C3)CC2)cnc1,C(c1ccc(OC(F)(F)F)cc1)(O)C(CO)NC(=O)Cn1c(=O)c(Cl)c(C)n1C1CC2CC2CN1c1ccnc(NC(C)=O)c1-c1sc(C#CCOC(=O)C2CC3C(C2)C3NC(=O)CCC(=O)C(C(C)(C)C)C)nc1-c1ccc(C#CCCCO)cc1,97.58
*C(C)(C)C(=O)O,0,C(CCCC)CC#Cc1cc(N2CC3(CC2)CN(C(=O)CCc2c4c([nH]c2)cccc4)C3)cnc1,*C(C)(C)C(=O)O,7.26
*CCC(=O)C(OC(C)(C)C)N1CCN(C(=O)CCC(C(=O)O)C(CC(C)C)C(N)=O)CC1,0,c1c(C#CCCCCCC)cncc1N1CC2(CC1)CN(C(c1cc([N+](=O)[O-])cc([N+]([O-])=O)c1)=O)C2,O(C(C)(C)C)C(N1CCN(C(=O)CCC(C(O)=O)C(C(N)=O)CC(C)C)CC1)C(=O)CC*,31.55
*C#C,0,C(N1CC2(C1)CCN(c1cc(C#CCCCCCC)cnc1)C2)(=O)c1cc2c(cc1[N+](=O)[O-])OCO2,*C#C,6.84
CCC(C)C(O)C(N)C(=O)NCCCCC(NC(=O)CNC(=O)C(CCC#Cc1cc(C)c(C2CCCN(C(C)=O)C2)c(C#N)c1OCCN1CCC(C)CC1)NCCN1CCCC1)C(N)=O,0,N1(C(c2cc3c(cc2)OCO3)=O)CC2(CCN(c3cc(C#CCCCCCC)cnc3)C2)C1,C1CCCN1CCNC(CCC#Cc1cc(C)c(C2CCCN(C(=O)C)C2)c(C#N)c1OCCN1CCC(C)CC1)C(=O)NCC(=O)NC(C(N)=O)CCCCNC(=O)C(N)C(C(C)CC)O,77.42
C(C)(C)(C#N)c1ccc(OCCCCO)c(C#Cc2c(Cl)c(OC(C)C)c(C(=O)N)c(OCC=C)c2C#CCCCC#Cc2c(C)onc2C)c1C#CC#CC#CC#CC#CC#CC(Cc1ccc(O)cc1)NC(CCCC#C)=O)C(NC(=O)CCCOCC=C)C(O)C(C(C)C)O,0,N1(c2cncc(C#CCCCCCC)c2)CC2(CC1)CN(Cc1cc([N+]([O-])=O)cc([N+](=O)[O-])c1)C2,C(C)(C)(C#N)c1ccc(OCCCCO)c(C#Cc2c(Cl)c(OC(C)C)c(C(=O)N)c(OCC=C)c2C#CCCCC#Cc2c(C)onc2C)c1C#CC#CC#CC#CC#CC#CC(Cc1ccc(O)cc1)NC(CCCC#C)=O)C(NC(=O)CCCOCC=C)C(O)C(C(C)C)O,104.58
N1(C(C)=O)CCN(c2ccc(OCCC#C)cc2)C(C(=O)NC2CC3C2CN3C(=O)COC(C)C)C1C(=O)NNC(C1CC1C#CC#CC#CCCNC(=O)C)=O)COC(C*)=O,0,O=C(OC(C)(C)C)N1CC2(CCN(c3cc(N4CC(OCCCCCC)C4)cnc3)C2)C1,N1(C(C)=O)CCN(c2ccc(OCCC#C)cc2)C(C(=O)NC2CC3C2CN3C(=O)COC(C)C)C1C(=O)NNC(C1CC1C#CC#CC#CCCNC(=O)C)=O)COC(C*)=O,80.71
CCC(C)C(NC(=O)CCC(=O)O)C(=O)NC(CCC(=O)OCC(=O)N(C)CCCNC(=O)c1c(CC(N)CC(C)(C)C#CC#CCNC(=O)C(C)C(N)CC#CC#CCCCC(=O)NC(C#CCCC(=O)NC2Oc3ccc(CN4CCCN(C(=O)CCC(N)C(=O)O)CC4)cc3OC2CCC(C)C)CC(C)C)ccc(C(N)=O)c1OCCN(C)C)C(=O)O,0,c1(C(N2CC3(C2)CCN(c2cc(C#Cc4ccccc4)cnc2)C3)=O)cc([N+](=O)[O-])cc([N+]([O-])=O)c1,O1c2c(cc(CN3CCCN(C(CCC(C(O)=O)N)=O)CC3)cc2)OC(CCC(C)C)C1NC(=O)CCC#CC(CC(C)C)NC(=O)CCCC#CC#CCC(N)C(C)C(=O)NCC#CC#CC(C)(C)CC(N)Cc1ccc(C(N)=O)c(OCCN(C)C)c1C(=O)NCCCN(C)C(=O)COC(=O)CCC(C(O)=O)NC(=O)C(C(C)CC)NC(CCC(=O)O)=O,109.91
*C(=O)C(NC(=O)C(CNC(=O)CCC(NC(=O)C(NC(=O)CCC1C(C(=O)NCCN(C)C)OC(CCCCC(=O)N(C)C)CN1c1nc(N)c(Cl)nc1C(=O)NCCC(C)C)C(C)(C)C)C(=O)O)NC(C(C)CC)C(O)CC(C(=O)NC(C)CC)C(C)CC)C(C)CC,0,c1(N2CC3(CNC3)CC2)cncc(C#Cc2ccccc2)c1,C(C(C)C)CNC(=O)c1nc(Cl)c(N)nc1N1CC(CCCCC(=O)N(C)C)OC(C(=O)NCCN(C)C)C1CCC(=O)NC(C(C)(C)C)C(=O)NC(C(O)=O)CCC(=O)NCC(NC(C(C)CC)C(O)CC(C(C)CC)C(NC(CC)C)=O)C(NC(C(*)=O)C(CC)C)=O,87.77
*CCCC(=O)c1c(CC(COC)C(=O)N2CC3(CCC(=O)N(C)C4CC4)CC23)cc(OC)cc1OC,0,C1CN(c2nc(Br)ccc2)CC12CN(C(=O)OC(C)(C)C)C2,c1(OC)cc(OC)cc(CC(COC)C(N2CC3(CC32)CCC(=O)N(C)C2CC2)=O)c1C(CCC*)=O,54.5
c1(C)noc(CO)c1CCCNC(Cc1ccccc1C1(F)CCN(C(=O)C1C3C(CC(=O)O)CCC1)Cc1c(F)ccc(CCCCOc3ccc(CCCCOc4ccc(CN4CCC(CC(=O)NCCCC#C)C(=O)NCCCC#C)cc4CCC(NCCCCC(C(=O)O)NC(=O)CCC(=O)NC(CCC(O)=O)C(O)=O)=O)C(C)CCC(=O)NCCOCCOCC#CC#CC#CC#CCCC(=O)N2C(C(=O)N)CCC2)c2c1cccc2=O)CCC(,0,c1c(-c2cncc(N3CCC4(C3)CN(C(OC(C)(C)C)=O)C4)c2)ccc(F)c1,c1(C)noc(CO)c1CCCNC(Cc1ccccc1C1(F)CCN(C(=O)C1C3C(CC(=O)O)CCC1)Cc1c(F)ccc(CCCCOc3ccc(CCCCOc4ccc(CN4CCC(CC(=O)NCCCC#C)C(=O)NCCCC#C)cc4CCC(NCCCCC(C(=O)O)NC(=O)CCC(=O)NC(CCC(O)=O)C(O)=O)=O)C(C)CCC(=O)NCCOCCOCC#CC#CC#CC#CCCC(=O)N2C(C(=O)N)CCC2)c2c1cccc2=O)CCC(,152.39
*C(=O)c1cc(CNC(CC(C)C(=O)O)C(=O)N2CCCN(C(=O)CCCOC)CC2C(=O)N2C3CCC2C(C(=O)CCC(NC(=O)CCC(N)C(=O)NCC(N)=O)C(N)=O)C3)c(C)cc1OCc1cc(C=CC(=O)N2CCCC2c2nc3ccccc3o2)c(OC)cc1NC(=O)c1ccc(C#N)c(C(=O)N2CCC(N(C)C)C2)c1,0,CC(C)(OC(=O)N1CC2(CN(c3cc(Br)cnc3)CC2)C1)C,C(=O)(c1ccc(C#N)c(C(=O)N2CCC(N(C)C)C2)c1)Nc1cc(OC)c(C=CC(=O)N2C(c3oc4c(cccc4)n3)CCC2)cc1COc1cc(C)c(CNC(CC(C(=O)O)C)C(=O)N2CCCN(C(=O)CCCOC)CC2C(N2C3CCC2CC3C(=O)CCC(C(N)=O)NC(=O)CCC(N)C(=O)NCC(=O)N)=O)cc1C(*)=O,119.05
CCC(C)C(CNC(=O)C(NC(=O)C(CC(C)C)NC(=O)C1CC(CNC(=O)C(CCCCN)NC(=O)OC(C)(C)C)(C(=O)NC(CCCCN)C(=O)O)CCC1S(=O)(=O)N1CC(C)N(C(C)C)CC1C(=O)Nc1cc(-c2cc(C(N)=O)ccn2)cc(CC(NS(=O)(=O)C(C)C)C(=O)O)c1CCCO)C(C)C)C(=O)NC(CC(C)C)C(=O)NCC(CC(C)C)C(N)=O,0,CC(C)(OC(N1CC2(C1)CCN(c1cncc(C#Cc3ccccc3)c1)C2)=O)C,C1(S(=O)(N2CC(C)N(C(C)C)CC2C(=O)Nc2cc(-c3nccc(C(N)=O)c3)cc(CC(C(O)=O)NS(=O)(=O)C(C)C)c2CCCO)=O)CCC(CNC(C(NC(=O)OC(C)(C)C)CCCCN)=O)(C(=O)NC(CCCCN)C(O)=O)CC1C(NC(CC(C)C)C(=O)NC(C(C)C)C(=O)NCC(C(C)CC)C(NC(CC(C)C)C(=O)NCC(C(N)=O)CC(C)C)=O)=O,108.63
c12c(ccc(Cl)c1)nc(C)c(C#N)c2CCC(O)(C1CC1)C#CC#CC(C)(C)C#Cc1ncc(NC(CCCC2C3C(CS2)N2C(=O)C(CCCCC(=O)NC3CC3)(C(=O)N)CC2)CC(=O)CCC(C(=O)O)NC(CCC(N2CCC(CCCC3CC3)CC2)=O)C3C(=O)N(c3ccc(C(=O)C)cc3)C(CCCC2CCCCC2)COC(CCC(C(O)=O)NC(C2OC(=O)C(CCCC#C)C2C(=O)C*)=O)CO2)cc,0,C1C(OCCCc2ccccc2)CN1c1cc(N2CC3(CN(C(OC(C)(C)C)=O)C3)CC2)cnc1,c12c(ccc(Cl)c1)nc(C)c(C#N)c2CCC(O)(C1CC1)C#CC#CC(C)(C)C#Cc1ncc(NC(CCCC2C3C(CS2)N2C(=O)C(CCCCC(=O)NC3CC3)(C(=O)N)CC2)CC(=O)CCC(C(=O)O)NC(CCC(N2CCC(CCCC3CC3)CC2)=O)C3C(=O)N(c3ccc(C(=O)C)cc3)C(CCCC2CCCCC2)COC(CCC(C(O)=O)NC(C2OC(=O)C(CCCC#C)C2C(=O)C*)=O)CO2)cc,156.53
*N(C)CC=CC(C)=O,0,C(CCCC)CC#Cc1cc(N2CC3(CC2)CN(C(=O)CCc2c4c([nH]c2)cccc4)C3)cnc1,C(C)(C=CCN(*)C)=O,16.97
C#CCCCC#CC#CC#CCC=CCCCCC1CCCC1C#CC(C)C1CCC(C#C)(C#C)CC1OC(C#CC#CC#CCCCCC(=O)NCCOCCOCCC#CC#CC#CCCCCC#CC#CC#CCCCC(N)=O)CCCC(=O)COCCN(C)C(=O)CNC(C)=O,0,c1c(C#CCCCCCC)cncc1N1CC2(CC1)CN(C(c1cc([N+](=O)[O-])cc([N+]([O-])=O)c1)=O)C2,C(#C)CCCC#CC#CC#CCC=CCCCCC1CCCC1C#CC(C)C1CCC(C#C)(C#C)CC1OC(CCCC(=O)COCCN(C)C(=O)CNC(C)=O)C#CC#CC#CCCCCC(=O)NCCOCCOCCC#CC#CC#CCCCCC#CC#CC#CCCCC(N)=O,84.14
C#CCCCC(NCC(CC1CN(C(C)C)CCN1c1cc(C(=O)Nc2cc(C)c(OCCC#C)c(OC)c2)ccc1OC)NC(C(=O)OC)(C(F)(F)F)C(F)(F)F)C(=O)NC(CCC(=O)N(C)C(CC(C)C)C(O)COc1c(C#CCOC(C)(C)C)cc(C(O)(CC#CC)CCC(=O)O)cc1CN(C)C)C(=O)O,0,C(N1CC2(C1)CCN(c1cc(C#CCCCCCC)cnc1)C2)(=O)c1cc2c(cc1[N+](=O)[O-])OCO2,C1N(C(C)C)CCN(c2c(OC)ccc(C(=O)Nc3cc(C)c(OCCC#C)c(OC)c3)c2)C1CC(NC(C(OC)=O)(C(F)(F)F)C(F)(F)F)CNC(CCCC#C)C(=O)NC(C(=O)O)CCC(=O)N(C)C(CC(C)C)C(O)COc1c(CN(C)C)cc(C(CCC(O)=O)(O)CC#CC)cc1C#CCOC(C)(C)C,92.66
*C(C)C,0,N1(C(c2cc3c(cc2)OCO3)=O)CC2(CCN(c3cc(C#CCCCCCC)cnc3)C2)C1,*C(C)C,4.51
*C(C)(C)C,0,N1(c2cncc(C#CCCCCCC)c2)CC2(CC1)CN(Cc1cc([N+]([O-])=O)cc([N+](=O)[O-])c1)C2,*C(C)(C)C,5.71
*C#CCN1CCN(CCOCCOCCOCCNC(=O)CCCCC2CC(C(=O)NC(Cc3ccc(OC(F)(F)F)cc3)C(=O)O)N2C(=O)C(CCCC#C)NC(=O)CCCCC2SCC2C(N)=O)CC1,0,O=C(OC(C)(C)C)N1CC2(CCN(c3cc(N4CC(OCCCCCC)C4)cnc3)C2)C1,c1(OC(F)(F)F)ccc(CC(C(O)=O)NC(=O)C2N(C(=O)C(CCCC#C)NC(CCCCC3SCC3C(N)=O)=O)C(CCCCC(=O)NCCOCCOCCOCCN3CCN(CC#C*)CC3)C2)cc1,45.69
*CC(F)(F)F,0,c1(C(N2CC3(C2)CCN(c2cc(C#Cc4ccccc4)cnc2)C3)=O)cc([N+](=O)[O-])cc([N+]([O-])=O)c1,*CC(F)(F)F,10.2
C(c1nc(Br)cs1)CNc1c(Cl)cnc(NC2CC2)n1C(C)C(=O)NCC(F)(F)CN1CCC(C(N2CC(CCCC)CC2)CC(C)C(=O)NCCN(C)C(CCCc2ccc(*)cc2)=O)CC1,0,c1(N2CC3(CNC3)CC2)cncc(C#Cc2ccccc2)c1,C(c1nc(Br)cs1)CNc1c(Cl)cnc(NC2CC2)n1C(C)C(=O)NCC(F)(F)CN1CCC(C(N2CC(CCCC)CC2)CC(C)C(=O)NCCN(C)C(CCCc2ccc(*)cc2)=O)CC1,81.66
*C(=O)C1CCC(F)(F)CC1,0,C1CN(c2nc(Br)ccc2)CC12CN(C(=O)OC(C)(C)C)C2,*C(C1CCC(F)(F)CC1)=O,16.08
C=CC1CC1CN1CCC(NC2CC(C(=O)NC)C(C(=O)NCC)C2C(C)=O)(C(=O)NC(C(C)C)C(CCCC)C(N)=O)CC1C(=O)NC(C)C(=O)NC(CCCC(=O)NCCCCC(N)C(=O)NOC(C)(C)C(=O)OC1C2CC3CC1CC(C2)C3OC(=O)CCCC1CC(C#CCC(NC(=O)OC(C)(C)C)C(C)C)C(C(NC(O)C(=O)CO)C(=O)O)C1)C(N)=O,0,c1c(-c2cncc(N3CCC4(C3)CN(C(OC(C)(C)C)=O)C4)c2)ccc(F)c1,C(=C)C1CC1CN1CCC(NC2CC(C(=O)NC)C(C(NCC)=O)C2C(C)=O)(C(=O)NC(C(C)C)C(CCCC)C(N)=O)CC1C(=O)NC(C)C(=O)NC(C(N)=O)CCCC(=O)NCCCCC(N)C(=O)NOC(C)(C)C(=O)OC1C2CC3CC1CC(C2)C3OC(CCCC1CC(C#CCC(C(C)C)NC(=O)OC(C)(C)C)C(C(NC(C(=O)CO)O)C(O)=O)C1)=O,152.35
c1c2c(ccn1)sc(C(=O)Nc1ccc(CCc3ccc(N4CCN(CCOCCN5CC5CCCC5C5)C4)c(F)c3)c(C(C(F)(F)F)(C)C)c1)c2C(O)C(C(=O)NC(C(=O)N)Cc1ccccc1)SC(C)C(=O)NC(C(=O)N1CC(C(O)=O)CCC1)C(CCCC)C(=O)NC1C(O)C(O)C(C(O)=O)C1C(=O)OCS(=O)(C(C)C)=O,0,CC(C)(OC(=O)N1CC2(CN(c3cc(Br)cnc3)CC2)C1)C,c1c2c(ccn1)sc(C(=O)Nc1ccc(CCc3ccc(N4CCN(CCOCCN5CC5CCCC5C5)C4)c(F)c3)c(C(C(F)(F)F)(C)C)c1)c2C(O)C(C(=O)NC(C(=O)N)Cc1ccccc1)SC(C)C(=O)NC(C(=O)N1CC(C(O)=O)CCC1)C(CCCC)C(=O)NC1C(O)C(O)C(C(O)=O)C1C(=O)OCS(=O)(C(C)C)=O,136.29
*C1CC1,0,CC(C)(OC(N1CC2(C1)CCN(c1cncc(C#Cc3ccccc3)c1)C2)=O)C,*C1CC1,5.48
*C(=O)OC(C)(C)C,0,C1C(OCCCc2ccccc2)CN1c1cc(N2CC3(CN(C(OC(C)(C)C)=O)C3)CC2)cnc1,*C(=O)OC(C)(C)C,6.64
C#CCC(C(=O)OC1C(C(=O)NC(C#N)CCCC#CCCCC#CCNC(C)=O)CC2CCC1N2C)C1C(=O)N(CCN(C(C)CC#C)C2CC2)CCN1Cc1noc(C)c1NC(C)=O,0,C(CCCC)CC#Cc1cc(N2CC3(CC2)CN(C(=O)CCc2c4c([nH]c2)cccc4)C3)cnc1,C(c1noc(C)c1NC(=O)C)N1CCN(CCN(C(CC#C)C)C2CC2)C(=O)C1C(CC#C)C(=O)OC1C2N(C)C(CC2)CC1C(=O)NC(C#N)CCCC#CCCCC#CCNC(C)=O,81.49
*CCC(O)C(C)(C)C(=O)O,0,c1c(C#CCCCCCC)cncc1N1CC2(CC1)CN(C(c1cc([N+](=O)[O-])cc([N+]([O-])=O)c1)=O)C2,C(C)(C(=O)O)(C)C(O)CC*,16.3
*C(C)(C)CCCc1cc(O)ccc1CC(N)C(=O)O,0,C(N1CC2(C1)CCN(c1cc(C#CCCCCCC)cnc1)C2)(=O)c1cc2c(cc1[N+](=O)[O-])OCO2,c1c(O)ccc(CC(C(O)=O)N)c1CCCC(*)(C)C,24.64
*C(C)(C)C#N,0,N1(C(c2cc3c(cc2)OCO3)=O)CC2(CCN(c3cc(C#CCCCCCC)cnc3)C2)C1,*C(C#N)(C)C,5.8
N#Cc1cc(-n2c(C)c(C(C#N)N(C(C)C)C(C)C)nc2CCC)cc(C#N)c1C(=O)N)C#CC#CCCCCC(=O)NCCCCC(N)C(O)=O,0,N1(c2cncc(C#CCCCCCC)c2)CC2(CC1)CN(Cc1cc([N+]([O-])=O)cc([N+](=O)[O-])c1)C2,N#Cc1cc(-n2c(C)c(C(C#N)N(C(C)C)C(C)C)nc2CCC)cc(C#N)c1C(=O)N)C#CC#CCCCCC(=O)NCCCCC(N)C(O)=O,48.82
CC(=CC)C(=O)Nc1ccc(C)c(S(=O)(=O)C(C#N)C(C)C)c1Oc1ccc(NC(C=CC(O)=O)=O)c(F)c1CCCCOc1ccc(CCCC(C(O)=O)NC(=O)C(CC(C)C)NC(CCCC#C)=O)cc1CS(=O)(=O)N1CCCCC1C(O)=O)CCCC1C2NC(=O)NC2CS1,0,O=C(OC(C)(C)C)N1CC2(CCN(c3cc(N4CC(OCCCCCC)C4)cnc3)C2)C1,CC(=CC)C(=O)Nc1ccc(C)c(S(=O)(=O)C(C#N)C(C)C)c1Oc1ccc(NC(C=CC(O)=O)=O)c(F)c1CCCCOc1ccc(CCCC(C(O)=O)NC(=O)C(CC(C)C)NC(CCCC#C)=O)cc1CS(=O)(=O)N1CCCCC1C(O)=O)CCCC1C2NC(=O)NC2CS1,85.27
c1cc(C(OC)=O)ccc1CCCCNC(CCC(C(N)=O)NC(=O)CCCC(NCCCc1ccc(NC(=O)CCCC#C)cc1)=O)C(=O)NCC(CCCCN)NC(CCC(C(=O)O)NC(=O)CCCCC#C)=NC#N)CC#CC(C)(C)C#CCC(O)C(CC(C)C)C(=O)N,0,c1(C(N2CC3(C2)CCN(c2cc(C#Cc4ccccc4)cnc2)C3)=O)cc([N+](=O)[O-])cc([N+]([O-])=O)c1,c1cc(C(OC)=O)ccc1CCCCNC(CCC(C(N)=O)NC(=O)CCCC(NCCCc1ccc(NC(=O)CCCC#C)cc1)=O)C(=O)NCC(CCCCN)NC(CCC(C(=O)O)NC(=O)CCCCC#C)=NC#N)CC#CC(C)(C)C#CCC(O)C(CC(C)C)C(=O)N,78.99
*N(C)c1nc(NC2CSC(C(=O)OCC(Cc3ccc(F)c(F)c3)N(C)CCNC(=O)C(Cc3cc(F)c(-c4c(C(=O)NC(CCC)C(=O)NC5OCC5O)cccc4C4C(c5nc(C(C)C)sc5CC)CCC(C(N)=O)N4C(=O)C4CC4(C)F)cc3C)N(C)C)C2)nc(OC)n1,0,c1(N2CC3(CNC3)CC2)cncc(C#Cc2ccccc2)c1,C(C)c1sc(C(C)C)nc1C1CCC(C(N)=O)N(C(C2C(C)(F)C2)=O)C1c1cccc(C(NC(CCC)C(=O)NC2C(O)CO2)=O)c1-c1cc(C)c(CC(N(C)C)C(NCCN(C)C(Cc2ccc(F)c(F)c2)COC(=O)C2CC(Nc3nc(OC)nc(N(C)*)n3)CS2)=O)cc1F,126.7
C1C2C3C(C(=O)N(c4cc5c(cc3)C(=O)N(c4c(C)n(C)nc4C)C(=O)OC)C2)C1n1cnc2c(NCCCC)nc(SCCC)nc21CCCC(NCCCCC(O)=O)=O)CC(NC(C(c1ccccc1)=O)CCC(=O)OC)=O,0,C1CN(c2nc(Br)ccc2)CC12CN(C(=O)OC(C)(C)C)C2,C1C2C3C(C(=O)N(c4cc5c(cc3)C(=O)N(c4c(C)n(C)nc4C)C(=O)OC)C2)C1n1cnc2c(NCCCC)nc(SCCC)nc21CCCC(NCCCCC(O)=O)=O)CC(NC(C(c1ccccc1)=O)CCC(=O)OC)=O,88.72
n1(C)cc(S(=O)(=O)NC(CC2CCCC2)C(=O)NCCCCC#C)c2cc(NC(=O)CCCC3(C)CCC3)cc(C(=O)NC(C(=O)OC)CCCCC(=O)N3CCC(CC3CCCC3)C(=O)N3C(C(=O)O)CC33CCCC3C(=O)NC(CCCCN)C(NCCCCC(N3CCc4cc(C(NC(=O)CC4(O)CCC5)C4)=O)cc3C(F)(F)F)=O)c21,0,c1c(-c2cncc(N3CCC4(C3)CN(C(OC(C)(C)C)=O)C4)c2)ccc(F)c1,n1(C)cc(S(=O)(=O)NC(CC2CCCC2)C(=O)NCCCCC#C)c2cc(NC(=O)CCCC3(C)CCC3)cc(C(=O)NC(C(=O)OC)CCCCC(=O)N3CCC(CC3CCCC3)C(=O)N3C(C(=O)O)CC33CCCC3C(=O)NC(CCCCN)C(NCCCCC(N3CCc4cc(C(NC(=O)CC4(O)CCC5)C4)=O)cc3C(F)(F)F)=O)c21,130.77
C(CCC)COc1ccc(C2(C(N3CCCC3)=O)CC2)cc1C(CCC(C(F)(F)F)(O)CC(C)(C)C)CNC(CCCC#CCN(CC)C(=O)c1ccc(C(CC)CC)cc1)=O)C(=O)OC(C)C(N1C(C(=O)O)CC(C)(CCC#C)C1)=O,0,CC(C)(OC(=O)N1CC2(CN(c3cc(Br)cnc3)CC2)C1)C,C(CCC)COc1ccc(C2(C(N3CCCC3)=O)CC2)cc1C(CCC(C(F)(F)F)(O)CC(C)(C)C)CNC(CCCC#CCN(CC)C(=O)c1ccc(C(CC)CC)cc1)=O)C(=O)OC(C)C(N1C(C(=O)O)CC(C)(CCC#C)C1)=O,107.51
C=CCCCc1cc(CC(NC(CC(C)(C)C(=O)O)C(CCC(=O)NCCC)NC(CC(O)C(CC(=O)NC(CCC)C(=O)NC2CC(CC(NC(=O)c3c(C)cc(C)nc3Cl)C(=O)O)CCC2C(C)CS(C)(=O)=O)C(C)C)C(N)=O)C(N)=O)ccc1OCCCCC(=O)O,0,CC(C)(OC(N1CC2(C1)CCN(c1cncc(C#Cc3ccccc3)c1)C2)=O)C,C1C(CC(NC(=O)c2c(Cl)nc(C)cc2C)C(O)=O)CCC(C(C)CS(C)(=O)=O)C1NC(=O)C(CCC)NC(=O)CC(C(C)C)C(O)CC(C(N)=O)NC(CCC(=O)NCCC)C(NC(C(=O)N)Cc1ccc(OCCCCC(O)=O)c(CCCC=C)c1)CC(C(O)=O)(C)C,100.5
C1C2(CCOC1)CN(c1c(-c2nnc(C(=O)COC)s2)cc(OC)c(NC(C=C)=O)c1)CCCOC(C1CCCN1C(=O)CCC(=O)NC(C(O)=O)C(C)(C)C)C(=O)CCCc1cn2cc(C(=O)N)c(OC)c(C#CCCCC)c2n1)OCC(NCCNC(CCC(O)=O)=O)C(=O)CCC(=O)NCCCC(C(O)=O)NC(=O)C1(C)CCC1(C#C)C#CC(C)C,0,C1C(OCCCc2ccccc2)CN1c1cc(N2CC3(CN(C(OC(C)(C)C)=O)C3)CC2)cnc1,C1C2(CCOC1)CN(c1c(-c2nnc(C(=O)COC)s2)cc(OC)c(NC(C=C)=O)c1)CCCOC(C1CCCN1C(=O)CCC(=O)NC(C(O)=O)C(C)(C)C)C(=O)CCCc1cn2cc(C(=O)N)c(OC)c(C#CCCCC)c2n1)OCC(NCCNC(CCC(O)=O)=O)C(=O)CCC(=O)NCCCC(C(O)=O)NC(=O)C1(C)CCC1(C#C)C#CC(C)C,125.66
c1(F)c(-n2nc(C)cc2C(NC2C(O)CCN2)=O)cc(F)c(NCC(C(C)C)N)c1F)CCCOC(C=CCNC(CCCC(C)C*)=O)=O,0,C(CCCC)CC#Cc1cc(N2CC3(CC2)CN(C(=O)CCc2c4c([nH]c2)cccc4)C3)cnc1,c1(F)c(-n2nc(C)cc2C(NC2C(O)CCN2)=O)cc(F)c(NCC(C(C)C)N)c1F)CCCOC(C=CCNC(CCCC(C)C*)=O)=O,65.05
c1c(C#N)cc(C(F)(F)F)cc1C(=O)C=CC1C(C#C)C(C#=CC#CC#CCCCCC)CC1C#CC#CC#CC#CC#CCC(=O)OCCOCCOCCOC#CC#CC#CCCCC(=O)NCCOCCOCCNC(=O)CCCC#CC#CC#CC#CCCCC(N)C(C)C(=O)OCCOC(=O)CCC#CC#CCCCC(=O)NCCCCOC(=O)CC#CCOCCCC#CC#CC#CC#CC#CC#CC#CC#CC#CC#CC#CC(C)C|N#CC(N)(C#N)CC(C),0,c1c(C#CCCCCCC)cncc1N1CC2(CC1)CN(C(c1cc([N+](=O)[O-])cc([N+]([O-])=O)c1)=O)C2,c1c(C#N)cc(C(F)(F)F)cc1C(=O)C=CC1C(C#C)C(C#=CC#CC#CCCCCC)CC1C#CC#CC#CC#CC#CCC(=O)OCCOCCOCCOC#CC#CC#CCCCC(=O)NCCOCCOCCNC(=O)CCCC#CC#CC#CC#CCCCC(N)C(C)C(=O)OCCOC(=O)CCC#CC#CCCCC(=O)NCCCCOC(=O)CC#CCOCCCC#CC#CC#CC#CC#CC#CC#CC#CC#CC#CC#CC(C)C|N#CC(N)(C#N)CC(C),135.57
C1CC(c2cncnc2)(O)CCN1C(C(O)(C)C)=O)CNC(CCCCO)CC(CN(C)C(=O)CCC#C)C(Nc1ccc(OCC(O)CNC(C)(C(O)=O)C)c(N(C)CCC(C)C)c1)C(=O)Nc1cc(OC)c(OCCS(=O)(=O)N(C)C)c(C)c1CCCN*,0,C(N1CC2(C1)CCN(c1cc(C#CCCCCCC)cnc1)C2)(=O)c1cc2c(cc1[N+](=O)[O-])OCO2,C1CC(c2cncnc2)(O)CCN1C(C(O)(C)C)=O)CNC(CCCCO)CC(CN(C)C(=O)CCC#C)C(Nc1ccc(OCC(O)CNC(C)(C(O)=O)C)c(N(C)CCC(C)C)c1)C(=O)Nc1cc(OC)c(OCCS(=O)(=O)N(C)C)c(C)c1CCCN*,115.14
C12C(C3C(CC1)C(=O)NC2)CC3C(=O)N1CCC2(CCN(C(OC)=O)CC2)CC1C(N1C(C(=O)NC2CC2)CCC1)=O)Nc1cc(Cl)c(C(=O)NC(Cc2ccccc2)C(O)C(C(=O)NCCC(C)C)(O)C2OC(C(=O)NC3(C#N)CC3)CC2)c(C(=O)N2C(C(=O)NC(C=C)CC3CC3)CC(CCF)C2)c1,0,N1(C(c2cc3c(cc2)OCO3)=O)CC2(CCN(c3cc(C#CCCCCCC)cnc3)C2)C1,C12C(C3C(CC1)C(=O)NC2)CC3C(=O)N1CCC2(CCN(C(OC)=O)CC2)CC1C(N1C(C(=O)NC2CC2)CCC1)=O)Nc1cc(Cl)c(C(=O)NC(Cc2ccccc2)C(O)C(C(=O)NCCC(C)C)(O)C2OC(C(=O)NC3(C#N)CC3)CC2)c(C(=O)N2C(C(=O)NC(C=C)CC3CC3)CC(CCF)C2)c1,133.95
OC(CO)(C)C(=O)NCC#CC#CCCCCC(NCC(O)COc1cc(C)c(NC(=O)C)cc1)=O)CCC#CCNC(=O)CCC(N)C(=O)NCC(O)C(N)C(C)C(=O)NCCC(=O)NC(C(C)C)C(NCCCC#C)=O,0,N1(c2cncc(C#CCCCCCC)c2)CC2(CC1)CN(Cc1cc([N+]([O-])=O)cc([N+](=O)[O-])c1)C2,OC(CO)(C)C(=O)NCC#CC#CCCCCC(NCC(O)COc1cc(C)c(NC(=O)C)cc1)=O)CCC#CCNC(=O)CCC(N)C(=O)NCC(O)C(N)C(C)C(=O)NCCC(=O)NC(C(C)C)C(NCCCC#C)=O,67.19
n1nnn(-c2c(Cl)cc(Cl)cc2)c1-c1cccc(CCCC(C(C)C)CO)n1CCCCN1CCC(C(N2C3C(CC2)C3)=O)C(C(=O)NCC#CC#CC#CC#Cc2ccc(C#CCOC(=O)CCCCC(C(O)=O)N)cc2)C1C(=O)NCCCC(N)C(N1C(CNC(=O)CCC2C3NC(=O)NC3CS2)C(=O)N1CCCCC(COCc1cccs1)=O)C(=O)NCCCCC(COS(=O)(O)=O)NC(=O)CCC(C(=O)N)NC(=O)C,0,O=C(OC(C)(C)C)N1CC2(CCN(c3cc(N4CC(OCCCCCC)C4)cnc3)C2)C1,n1nnn(-c2c(Cl)cc(Cl)cc2)c1-c1cccc(CCCC(C(C)C)CO)n1CCCCN1CCC(C(N2C3C(CC2)C3)=O)C(C(=O)NCC#CC#CC#CC#Cc2ccc(C#CCOC(=O)CCCCC(C(O)=O)N)cc2)C1C(=O)NCCCC(N)C(N1C(CNC(=O)CCC2C3NC(=O)NC3CS2)C(=O)N1CCCCC(COCc1cccs1)=O)C(=O)NCCCCC(COS(=O)(O)=O)NC(=O)CCC(C(=O)N)NC(=O)C,142.68
CC(C)=CCN(C(C)C)CCNC(=O)c1cc(C)c(C)cc1NC(CCC(=O)O)C(=O)NCCC(C)C(N)C(Cc1ccccc1)C(=O)NCC(O)C(NC(CCC)C(C)C(C(=O)N)O)=O)C(C(C)C)CCC(N)=O,0,c1(C(N2CC3(C2)CCN(c2cc(C#Cc4ccccc4)cnc2)C3)=O)cc([N+](=O)[O-])cc([N+]([O-])=O)c1,CC(C)=CCN(C(C)C)CCNC(=O)c1cc(C)c(C)cc1NC(CCC(=O)O)C(=O)NCCC(C)C(N)C(Cc1ccccc1)C(=O)NCC(O)C(NC(CCC)C(C)C(C(=O)N)O)=O)C(C(C)C)CCC(N)=O,72.73
CSCCC(NC(=O)OCC(C)C)C(O)Cc1c(CCC(=O)O)ccc2cc(C#CC(COc3c(C=CC(=O)NC4C(F)CC(CNC(C)CO)CC4C(=O)N4CC5CC4C5)c(C)cc(F)c3N(C)S(=O)(=O)c3ccccc3F)C(=O)NC3COCCC3(F)F)c(CCC(=O)NCCCC(NC(=O)CCCCC3SCC4NC(=O)NC43)C(=O)O)cc12,0,c1(N2CC3(CNC3)CC2)cncc(C#Cc2ccccc2)c1,O=S(c1ccccc1F)(=O)N(C)c1c(F)cc(C)c(C=CC(=O)NC2C(F)CC(CNC(C)CO)CC2C(=O)N2C3CC(C2)C3)c1OCC(C(=O)NC1C(F)(F)CCOC1)C#Cc1cc2ccc(CCC(O)=O)c(CC(O)C(CCSC)NC(OCC(C)C)=O)c2cc1CCC(=O)NCCCC(C(=O)O)NC(=O)CCCCC1C2NC(=O)NC2CS1,126.35
*C(O)(CCCC(=CC)C(F)(F)F)C(F)(F)F,0,C1CN(c2nc(Br)ccc2)CC12CN(C(=O)OC(C)(C)C)C2,*C(CCCC(=CC)C(F)(F)F)(C(F)(F)F)O,26.4
*C(C)c1cc(C)nc(C)n1,0,c1c(-c2cncc(N3CCC4(C3)CN(C(OC(C)(C)C)=O)C4)c2)ccc(F)c1,*C(c1nc(C)nc(C)c1)C,16.69
CCCCC(C(=O)OC)N(CCCc1ccc(C(N)=O)cc1C#Cc1c(OC[SH](=O)(Cc2ccccc2CCCC(C)C(=O)N2C(C(=O)N3CCCC(CCC(N)=O)CCC3CCNC(C)=O)CCC2c2csc(CC(N)C(C)C)n2)c2ccc(C#N)cc2)ccc(NC(=O)C(C)(C)C(C)C)c1C#CCN)C(=O)OC(C)(C)C,0,CC(C)(OC(=O)N1CC2(CN(c3cc(Br)cnc3)CC2)C1)C,c1cc(C#N)ccc1S(=O)(Cc1ccccc1CCCC(C)C(=O)N1C(c2nc(CC(N)C(C)C)sc2)CCC1C(N2C(CCNC(C)=O)CCC(CCC(=O)N)CCC2)=O)COc1ccc(NC(=O)C(C)(C)C(C)C)c(C#CCN)c1C#Cc1cc(C(N)=O)ccc1CCCN(C(OC(C)(C)C)=O)C(CCCC)C(=O)OC,126.92
*C(CCC(=O)O)C(=O)NC(Cc1cccc(OCc2ccc(CCC(=O)O)s2)c1)C(N)=O,0,CC(C)(OC(N1CC2(C1)CCN(c1cncc(C#Cc3ccccc3)c1)C2)=O)C,c1c(CCC(=O)O)sc(COc2cccc(CC(NC(C(*)CCC(=O)O)=O)C(=O)N)c2)c1,38.2
FC(F)(Oc1ccc(CC(=O)C(C(C)C)OC(C(CC)CC)=O)cc1C#CC1(O)C(C(=O)N)C2CC2C1)CC1CCC(CCC)CC1OC(CCC(O)=O)=O)CC#CCc1ccc(-c2oc(C3(C#C)CCC3)nn2)cc1OCCCC(C(O)=O)(C*)C,0,C1C(OCCCc2ccccc2)CN1c1cc(N2CC3(CN(C(OC(C)(C)C)=O)C3)CC2)cnc1,FC(F)(Oc1ccc(CC(=O)C(C(C)C)OC(C(CC)CC)=O)cc1C#CC1(O)C(C(=O)N)C2CC2C1)CC1CCC(CCC)CC1OC(CCC(O)=O)=O)CC#CCc1ccc(-c2oc(C3(C#C)CCC3)nn2)cc1OCCCC(C(O)=O)(C*)C,108.55
C#CC1=CC(CCCCOC(=O)CCC#CC#CC#CCC(C)C)N(CCCCOc2c(OCC3CN(CC(O)COc4ncc(F)cn4)CCN3C)ccc(C#CCN(C)C)c2C#N)CC1,0,C(CCCC)CC#Cc1cc(N2CC3(CC2)CN(C(=O)CCc2c4c([nH]c2)cccc4)C3)cnc1,N1(C)CCN(CC(COc2ncc(F)cn2)O)CC1COc1ccc(C#CCN(C)C)c(C#N)c1OCCCCN1CCC(C#C)=CC1CCCCOC(=O)CCC#CC#CC#CCC(C)C,56.55
CCC(C#CC#CC#CC#CC#CC#CC#CC#CC1C(OC(=O)C(C)C(C)CC#CCNC(=O)C(C#N)(C(N)=O)c2ccc(C#N)cc2OC(F)(F)C(=O)OCC#CC#CC#CC#CCC(CN(C(=O)CCC#CC#CCCCC(C)=O)C(=O)OC(C)(C)C)c2ccc(Cl)c(Cl)c2)CCN1CC1OC(=O)C(C(=O)O)C1O)NC(=O)CCCC(=O)NCCNC(N)=O,0,c1c(C#CCCCCCC)cncc1N1CC2(CC1)CN(C(c1cc([N+](=O)[O-])cc([N+]([O-])=O)c1)=O)C2,C(F)(F)(Oc1cc(C#N)ccc1C(C#N)(C(N)=O)C(=O)NCC#CCC(C)C(C)C(=O)OC1CCN(CC2OC(=O)C(C(=O)O)C2O)C1C#CC#CC#CC#CC#CC#CC#CC#CC(CC)NC(=O)CCCC(=O)NCCNC(N)=O)C(=O)OCC#CC#CC#CC#CCC(c1cc(Cl)c(Cl)cc1)CN(C(=O)OC(C)(C)C)C(=O)CCC#CC#CCCCC(C)=O,130.79
*NCCC(C)C(O)CC(C#CC)(NCC(F)(F)F)C(CCCC#N)NC(=O)C1(C#CCC#CCC)CCCC1,0,C(N1CC2(C1)CCN(c1cc(C#CCCCCCC)cnc1)C2)(=O)c1cc2c(cc1[N+](=O)[O-])OCO2,FC(F)(F)CNC(C(CCCC#N)NC(=O)C1(C#CCC#CCC)CCCC1)(C#CC)CC(O)C(CCN*)C,56.01
*N(CC#C)Cc1ccc(F)c(OC(=O)C2CC(C(NC(C)=O)N3CCC(C4CC4)CC3)CN2C)c1F,0,N1(C(c2cc3c(cc2)OCO3)=O)CC2(CCN(c3cc(C#CCCCCCC)cnc3)C2)C1,CN1CC(C(N2CCC(C3CC3)CC2)NC(C)=O)CC1C(=O)Oc1c(F)c(CN(*)CC#C)ccc1F,49.58
*C(C)(C)C#N,0,N1(c2cncc(C#CCCCCCC)c2)CC2(CC1)CN(Cc1cc([N+]([O-])=O)cc([N+](=O)[O-])c1)C2,*C(C)(C)C#N,4.48
COCC#Cc1ccc2oc(-c3cc(OCCN(C)C(=O)CCCC(=O)OC(C)(C)C)ccc3C#CCCCC(=O)Nc3scnc3C(=O)N3CC(N)C4CCCCC43)c(C#CC#CC#CC#CCCCCC(C)(C)O)c2c1,0,O=C(OC(C)(C)C)N1CC2(CCN(c3cc(N4CC(OCCCCCC)C4)cnc3)C2)C1,C1C(N)C2C(CCCC2)N1C(=O)c1ncsc1NC(=O)CCCC#Cc1ccc(OCCN(C)C(CCCC(=O)OC(C)(C)C)=O)cc1-c1oc2c(cc(C#CCOC)cc2)c1C#CC#CC#CC#CCCCCC(C)(C)O,86.54
CCC(C)C(NC(=O)C(C(C)C)C(OC(C)(C)C)C(C)OC(=O)N(CC)CCNC(=O)c1csc(CCCC(=O)OCC(NCC(O)C(N)CC(N)=O)C(=O)NCC(C(=O)NCCN(CCCOC(=O)CCC(C(=O)OCCOCCOCCOC)C(C)C)Cc2ccccc2)C(O)C(C(N)=O)C(C)C)c1)C(O)CCC(NC(=O)CCC(NC(=O)OC(C)(C)C)C(N)=O)C(N)=O,0,c1(C(N2CC3(C2)CCN(c2cc(C#Cc4ccccc4)cnc2)C3)=O)cc([N+](=O)[O-])cc([N+]([O-])=O)c1,CC(C)(C)OC(C(C)OC(N(CC)CCNC(=O)c1csc(CCCC(=O)OCC(NCC(O)C(CC(=O)N)N)C(=O)NCC(C(O)C(C(C)C)C(=O)N)C(=O)NCCN(Cc2ccccc2)CCCOC(CCC(C(C)C)C(=O)OCCOCCOCCOC)=O)c1)=O)C(C(C)C)C(=O)NC(C(C)CC)C(O)CCC(C(=O)N)NC(=O)CCC(C(=O)N)NC(=O)OC(C)(C)C,130.42
*C(F)(F)C(F)(F)F,0,c1(N2CC3(CNC3)CC2)cncc(C#Cc2ccccc2)c1,*C(C(F)(F)F)(F)F,9.18
C(C(CC)CC)(N1CC(CN(C)C(=O)c2ccc(F)cc2OC(CC=C)=O)C(CC(C)C)N1)C(C(NC(OC(C)(C)C)=O)Cc1ccccc1)C(CC(C)C)C(NC(CC(C)C)C(=O)NC(C(=O)OC)COC(OCC)=O)=O)C(C)CC#CC,0,C1CN(c2nc(Br)ccc2)CC12CN(C(=O)OC(C)(C)C)C2,C(C(CC)CC)(N1CC(CN(C)C(=O)c2ccc(F)cc2OC(CC=C)=O)C(CC(C)C)N1)C(C(NC(OC(C)(C)C)=O)Cc1ccccc1)C(CC(C)C)C(NC(CC(C)C)C(=O)NC(C(=O)OC)COC(OCC)=O)=O)C(C)CC#CC,84.11
*CCCC(=O)N1CCC(O)(CC#Cc2ccc(CCCC3(CCC(=O)CCC(=O)O)CCC(F)C(NC(=O)C=Cc4c(F)c(OCC(N)=O)cc(F)c4CNC(=O)C4CC(F)(F)C4)C3)cc2)CC1,0,c1c(-c2cncc(N3CCC4(C3)CN(C(OC(C)(C)C)=O)C4)c2)ccc(F)c1,c1(F)c(OCC(=O)N)cc(F)c(CNC(C2CC(F)(F)C2)=O)c1C=CC(=O)NC1C(F)CCC(CCC(=O)CCC(O)=O)(CCCc2ccc(C#CCC3(O)CCN(C(=O)CCC*)CC3)cc2)C1,78.15
o1c(=O)[nH]c(C2CC2)n1C1CCN(C(C(CCCCN)NC(=O)C=C)=O)CC1C(=O)NC1(C(=O)OC)CCN(C(=O)c2cc3c(nc(C(N)=O)c(N)c3)c(CCCCC(NC(OC(C)(C)C)=O)C(C)C(=O)OCC)c2)CC1C(=O)NCC(C(N)=O)CC(C)N(C=O)OCC(C)C,0,CC(C)(OC(=O)N1CC2(CN(c3cc(Br)cnc3)CC2)C1)C,o1c(=O)[nH]c(C2CC2)n1C1CCN(C(C(CCCCN)NC(=O)C=C)=O)CC1C(=O)NC1(C(=O)OC)CCN(C(=O)c2cc3c(nc(C(N)=O)c(N)c3)c(CCCCC(NC(OC(C)(C)C)=O)C(C)C(=O)OCC)c2)CC1C(=O)NCC(C(N)=O)CC(C)N(C=O)OCC(C)C,110.6
Cc1cc(C(=O)NCC(Cc2cnn(C(=O)OC(C)(C)C)c2)C(N)=O)c(CCCC(OC(=O)CCC(NC(=O)OC(C)(C)C)C(C)C)C(=O)OC(C)(C)C)n1C(OC(C)(C)C)C(=O)CCC(=O)NCCC(=O)N(C)C(CCC(N)=O)C(=O)NCC1OC(=O)N(CC(C(C)C)C(O)C(N)=O)C1C(=O)NCCOCCOCCNC(=O)CCC(N)C(=O)O,0,CC(C)(OC(N1CC2(C1)CCN(c1cncc(C#Cc3ccccc3)c1)C2)=O)C,CC(C)(C)OC(n1c(C)cc(C(=O)NCC(C(=O)N)Cc2cn(C(OC(C)(C)C)=O)nc2)c1CCCC(C(=O)OC(C)(C)C)OC(=O)CCC(NC(=O)OC(C)(C)C)C(C)C)C(=O)CCC(=O)NCCC(=O)N(C)C(CCC(=O)N)C(=O)NCC1OC(=O)N(CC(C(C(N)=O)O)C(C)C)C1C(NCCOCCOCCNC(=O)CCC(C(O)=O)N)=O,108.85
*C(C)(C)CC(C)(C)C,0,C1C(OCCCc2ccccc2)CN1c1cc(N2CC3(CN(C(OC(C)(C)C)=O)C3)CC2)cnc1,*C(C)(C)CC(C)(C)C,10.55
*NC(C)C(=O)N(C)CCCCOc1c(C#N)cc(-c2nc(C(N)=O)c(C)n(-c3cc(F)c(F)cc3F)c2=O)cc1C#N,0,C(CCCC)CC#Cc1cc(N2CC3(CC2)CN(C(=O)CCc2c4c([nH]c2)cccc4)C3)cnc1,c1(C#N)cc(-c2nc(C(N)=O)c(C)n(-c3c(F)cc(F)c(F)c3)c2=O)cc(C#N)c1OCCCCN(C)C(C(C)N*)=O,45.16
C12CC(N(C(=O)c3ccc(-c4oc(C(=O)O)cc4)cc3)C)C(CN(C3CCC(NC(C=CC(CCCC#C)NC(=O)C(CCCC=C)C#N)(C#CC#CC#CC#Cc3cc(OC)c(OC)c(OC)c4)CC3)C#CC#CCC(C)C)C1)C2NC(=O)CCCC#CC#CCCCCC,0,c1c(C#CCCCCCC)cncc1N1CC2(CC1)CN(C(c1cc([N+](=O)[O-])cc([N+]([O-])=O)c1)=O)C2,C12CC(N(C(=O)c3ccc(-c4oc(C(=O)O)cc4)cc3)C)C(CN(C3CCC(NC(C=CC(CCCC#C)NC(=O)C(CCCC=C)C#N)(C#CC#CC#CC#Cc3cc(OC)c(OC)c(OC)c4)CC3)C#CC#CCC(C)C)C1)C2NC(=O)CCCC#CC#CCCCCC,86.65
*C#CC#CC#CC#Cc1cnc(NC(=O)C2CC(N(C)C)CCN2C(OC)OC(C)(C)C)nc1,0,C(N1CC2(C1)CCN(c1cc(C#CCCCCCC)cnc1)C2)(=O)c1cc2c(cc1[N+](=O)[O-])OCO2,CC(C)(C)OC(N1CCC(N(C)C)CC1C(=O)Nc1ncc(C#CC#CC#CC#C*)cn1)OC,31.62
N1(C)CCN(C(=O)c2[nH]nc(NC(=O)CC3CN(C(=O)C)C3)c2)CC1C(=O)NC(C(=O)N)CCCC(NCCCC(N)C(C)C(=O)NCCCC(C)NC(=O)C(C(C)CC)NC(CC(C)C)=O)=O)CCC(C)C,0,N1(C(c2cc3c(cc2)OCO3)=O)CC2(CCN(c3cc(C#CCCCCCC)cnc3)C2)C1,N1(C)CCN(C(=O)c2[nH]nc(NC(=O)CC3CN(C(=O)C)C3)c2)CC1C(=O)NC(C(=O)N)CCCC(NCCCC(N)C(C)C(=O)NCCCC(C)NC(=O)C(C(C)CC)NC(CC(C)C)=O)=O)CCC(C)C,69.76
C(C(=O)O)CCC#CC=CCCCC(NCCCC(N)C(=O)NCC(N1CCN(C(=O)C)C(C(=O)O)C1)=O)C(NC(CC(C)C)C(C)CC#CC#CC#CC#CC#CC#CC#CC#CCCCCCC(=O)NCCCC#CC#CC#CC#CC#CCCCCC)NCCOCCOCCNC(=O)CCCCC#CC#CCNC(CCCC#C)=O)C#CCCCC#C,0,N1(c2cncc(C#CCCCCCC)c2)CC2(CC1)CN(Cc1cc([N+]([O-])=O)cc([N+](=O)[O-])c1)C2,C(C(=O)O)CCC#CC=CCCCC(NCCCC(N)C(=O)NCC(N1CCN(C(=O)C)C(C(=O)O)C1)=O)C(NC(CC(C)C)C(C)CC#CC#CC#CC#CC#CC#CC#CC#CCCCCCC(=O)NCCCC#CC#CC#CC#CC#CCCCCC)NCCOCCOCCNC(=O)CCCCC#CC#CCNC(CCCC#C)=O)C#CCCCC#C,91.97
*C(C)(C)C,0,O=C(OC(C)(C)C)N1CC2(CCN(c3cc(N4CC(OCCCCCC)C4)cnc3)C2)C1,*C(C)(C)C,3.5
C(OC(=O)C(C(C)C)c1cc(C(C#N)(C)C)ccc1)CN(C(C(C)C)COC(CO)=O)C(=O)CN(C(C)C)C(=O)CCSCC#CCC(C(N)=O)NC(=O)CCC(O)=O)C(=O)NC(CC(C)C)C(CC)C(=O)NCCOCCOCCNC(=O)CCC(N)(C(=O)N)C#CCC(C)C,0,c1(C(N2CC3(C2)CCN(c2cc(C#Cc4ccccc4)cnc2)C3)=O)cc([N+](=O)[O-])cc([N+]([O-])=O)c1,C(OC(=O)C(C(C)C)c1cc(C(C#N)(C)C)ccc1)CN(C(C(C)C)COC(CO)=O)C(=O)CN(C(C)C)C(=O)CCSCC#CCC(C(N)=O)NC(=O)CCC(O)=O)C(=O)NC(CC(C)C)C(CC)C(=O)NCCOCCOCCNC(=O)CCC(N)(C(=O)N)C#CCC(C)C,97.76
c1(C)cc(F)cc(CC(O)C(NCc2ccc(N3CCS(=O)(=O)CC3C)cc2C(NCCCCOc2ccc(CCC(C(=O)O)NC(=O)CCCCC(NC(CCC(O)=O)C(=O)O)=O)cc2)=O)C(NC(C(C)CC)C(=O)NCCNCC(O)C(NC(CCCCN)=O)C(=O)NC(C(CCCCN)NC(CCCC(NC(CC(C)C)C(=O)O)=O)=O)C(NC(C(C)C)C(Nc2cc(CC(O)=O)ccc2)=O)=O)=O)c1C(C)=CCC(=,0,c1(N2CC3(CNC3)CC2)cncc(C#Cc2ccccc2)c1,c1(C)cc(F)cc(CC(O)C(NCc2ccc(N3CCS(=O)(=O)CC3C)cc2C(NCCCCOc2ccc(CCC(C(=O)O)NC(=O)CCCCC(NC(CCC(O)=O)C(=O)O)=O)cc2)=O)C(NC(C(C)CC)C(=O)NCCNCC(O)C(NC(CCCCN)=O)C(=O)NC(C(CCCCN)NC(CCCC(NC(CC(C)C)C(=O)O)=O)=O)C(NC(C(C)C)C(Nc2cc(CC(O)=O)ccc2)=O)=O)=O)c1C(C)=CCC(=,145.58
O=C(c1nccnc1N1CCOCC1)Nc1ncc(Br)c(N2CCN(C(OC(C)(C)C)=O)C(C(=O)NC)C2)c1C(C)C1CCN(C(=O)C(F)(F)F)CC1C(=O)NC(C(=O)N)CCCCNC(OCOC(=O)N(C1CC1)CC)=O)C(O)CC(C)C(O)C(C(C)C)C(=O)NCC(O)COc1cccc(CCC(C(O)=O)NC(=O)CCC(C)C(O)C(N)CC(C)C)c1C,0,C1CN(c2nc(Br)ccc2)CC12CN(C(=O)OC(C)(C)C)C2,O=C(c1nccnc1N1CCOCC1)Nc1ncc(Br)c(N2CCN(C(OC(C)(C)C)=O)C(C(=O)NC)C2)c1C(C)C1CCN(C(=O)C(F)(F)F)CC1C(=O)NC(C(=O)N)CCCCNC(OCOC(=O)N(C1CC1)CC)=O)C(O)CC(C)C(O)C(C(C)C)C(=O)NCC(O)COc1cccc(CCC(C(O)=O)NC(=O)CCC(C)C(O)C(N)CC(C)C)c1C,131.34
*CCCC(=O)N1C(C#N)CC1(C#N)NC(=O)C1C(C(C)C)N(C(C)=O)C(C)CN1S(=O)(=O)CCC(O)c1cc(N2CC3(CCOCC3)C2)c(CC)cc1C#CC1(O)CCC1,0,c1c(-c2cncc(N3CCC4(C3)CN(C(OC(C)(C)C)=O)C4)c2)ccc(F)c1,c1c(N2CC3(CCOCC3)C2)c(CC)cc(C#CC2(O)CCC2)c1C(O)CCS(=O)(=O)N1CC(C)N(C(=O)C)C(C(C)C)C1C(=O)NC1(C#N)CC(C#N)N1C(=O)CCC*,57.14
*Cc1ccc(C#N)cc1,0,CC(C)(OC(=O)N1CC2(CN(c3cc(Br)cnc3)CC2)C1)C,*Cc1ccc(C#N)cc1,8.46
C(=CC(N1C(C(=O)OC)CCC1)=O)CNC(=O)c1ccc(C)c(C#Cc2ccc(C(NCCCC(O)=O)=O)cc2)c1CCCC(=O)NCCC(C(N)=O)NC(C=CC(=O)O)=O)Cc1ccc(OCCCC(C(=O)N)CC(=O)O)cc1C(O)CC(C(O)=O)C(=O)O,0,CC(C)(OC(N1CC2(C1)CCN(c1cncc(C#Cc3ccccc3)c1)C2)=O)C,C(=CC(N1C(C(=O)OC)CCC1)=O)CNC(=O)c1ccc(C)c(C#Cc2ccc(C(NCCCC(O)=O)=O)cc2)c1CCCC(=O)NCCC(C(N)=O)NC(C=CC(=O)O)=O)Cc1ccc(OCCCC(C(=O)N)CC(=O)O)cc1C(O)CC(C(O)=O)C(=O)O,88.4
O=C(OC(C)(C)C)C1CCC2C3C(OC2=O)C1O3)C(=O)N1C(C(=O)Nc2ccc(CCCCOc3ccc(O)cc3)cc2)C(C(=O)O)N(C(=O)CCC(O)C(O)C(C(CC)C)C(NC2CC2)=O)C1C(NC(CCCC)C(=O)NCC(C(=O)N)C(C)C)=O,0,C1C(OCCCc2ccccc2)CN1c1cc(N2CC3(CN(C(OC(C)(C)C)=O)C3)CC2)cnc1,O=C(OC(C)(C)C)C1CCC2C3C(OC2=O)C1O3)C(=O)N1C(C(=O)Nc2ccc(CCCCOc3ccc(O)cc3)cc2)C(C(=O)O)N(C(=O)CCC(O)C(O)C(C(CC)C)C(NC2CC2)=O)C1C(NC(CCCC)C(=O)NCC(C(=O)N)C(C)C)=O,96.65
C(#C)CC1(CCC(NC(=O)C2C(C#N)=C(N)OC=C2)C#N)(C#C)OCC(C)(C)C1(CC#C)CC#CCN(C)CCCN(C)C(C)C(C)C(O)COc1ccc(NC(C#CCCCC)=O)c(OC)c1CCC#CCNC(=O)CC#CCCCCCC#CC*,0,C(CCCC)CC#Cc1cc(N2CC3(CC2)CN(C(=O)CCc2c4c([nH]c2)cccc4)C3)cnc1,C(#C)CC1(CCC(NC(=O)C2C(C#N)=C(N)OC=C2)C#N)(C#C)OCC(C)(C)C1(CC#C)CC#CCN(C)CCCN(C)C(C)C(C)C(O)COc1ccc(NC(C#CCCCC)=O)c(OC)c1CCC#CCNC(=O)CC#CCCCCCC#CC*,89.71
N#Cc1ccc(OC2CCN(C(C(O)=O)CC(C)C)C2)cc1-c1c2c(c(C)c(C#N)c1OC)nc(C#N)nc2OCCCCN(C)CC(NCC(O)COc1c([N+](=O)[O-])cc(NC(=O)CC(C)C(=O)NCC#CC)cc1C#CCNC(=O)CN)C(=O)NC(C(=O)O)CCC(=O)NCCO)C#CC#CCC#CC#CC#CC#CC#CCC#CC(C)C(C)C|C(O)(=O)CCC(=O)NCCC#CC#CC#CCOC(CC#CCC)C(C#N)C(C)C,0,c1c(C#CCCCCCC)cncc1N1CC2(CC1)CN(C(c1cc([N+](=O)[O-])cc([N+]([O-])=O)c1)=O)C2,N#Cc1ccc(OC2CCN(C(C(O)=O)CC(C)C)C2)cc1-c1c2c(c(C)c(C#N)c1OC)nc(C#N)nc2OCCCCN(C)CC(NCC(O)COc1c([N+](=O)[O-])cc(NC(=O)CC(C)C(=O)NCC#CC)cc1C#CCNC(=O)CN)C(=O)NC(C(=O)O)CCC(=O)NCCO)C#CC#CCC#CC#CC#CC#CC#CCC#CC(C)C(C)C|C(O)(=O)CCC(=O)NCCC#CC#CC#CCOC(CC#CCC)C(C#N)C(C)C,147.34
*N(C)C,0,C(N1CC2(C1)CCN(c1cc(C#CCCCCCC)cnc1)C2)(=O)c1cc2c(cc1[N+](=O)[O-])OCO2,*N(C)C,6.22
*C(C)(C)C#N,0,N1(C(c2cc3c(cc2)OCO3)=O)CC2(CCN(c3cc(C#CCCCCCC)cnc3)C2)C1,*C(C)(C)C#N,5.93
C(#C)CCN(C(=O)C)C1CCN(C(C)C)CC1C(NCC(C)(C)CN)=O)OCCN(C)c1c(=O)[nH]c(=O)n(CCCC(N)=O)c1NCC(C(=O)O)(C)Cc1ccc(OCCOCC#C)c(C#CCCC#C)c1C(=O)Nc1c(OC)nc(OC)nc1OCCCC(N1CC2C(CC(C#CC#CC#C)O2)C1)=O,0,N1(c2cncc(C#CCCCCCC)c2)CC2(CC1)CN(Cc1cc([N+]([O-])=O)cc([N+](=O)[O-])c1)C2,C(#C)CCN(C(=O)C)C1CCN(C(C)C)CC1C(NCC(C)(C)CN)=O)OCCN(C)c1c(=O)[nH]c(=O)n(CCCC(N)=O)c1NCC(C(=O)O)(C)Cc1ccc(OCCOCC#C)c(C#CCCC#C)c1C(=O)Nc1c(OC)nc(OC)nc1OCCCC(N1CC2C(CC(C#CC#CC#C)O2)C1)=O,99.32
*N(C)C1C2CC2CC1(NC(=O)c1nc(C2CC2)sc1NC(=O)C1(C#N)CC1)C(=O)NC1(C#N)CC1,0,O=C(OC(C)(C)C)N1CC2(CCN(c3cc(N4CC(OCCCCCC)C4)cnc3)C2)C1,C1CC1(C#N)C(=O)Nc1sc(C2CC2)nc1C(=O)NC1(C(=O)NC2(C#N)CC2)CC2C(C2)C1N(C)*,36.91
*CCC(=O)C(NC(=O)c1c[nH]c(CC(C)C)n1)C(O)C(CCCCN)NC(=O)C(NCCNC(=O)CCCCC(NC(=O)c1ccc(CCCC(N)=O)cc1)C(=O)O)C(C)(C#Cc1cc(C)on1)CCC#C,0,c1(C(N2CC3(C2)CCN(c2cc(C#Cc4ccccc4)cnc2)C3)=O)cc([N+](=O)[O-])cc([N+]([O-])=O)c1,C(#C)CCC(C#Cc1cc(C)on1)(C)C(NCCNC(=O)CCCCC(C(O)=O)NC(=O)c1ccc(CCCC(N)=O)cc1)C(NC(CCCCN)C(O)C(NC(=O)c1nc(CC(C)C)[nH]c1)C(=O)CC*)=O,71.13
*Cc1cccc(Cl)c1,0,c1(N2CC3(CNC3)CC2)cncc(C#Cc2ccccc2)c1,*Cc1cccc(Cl)c1,10.44
CCNC(=O)C1CCCN1C(=O)C(N)CCC(=O)NCC(C)(C)CN1CCN(c2c(C#N)ccc(C3CCN(c4nccc(NC(C)=O)n4)C3)c2C2CCN(C(=O)C3CC3)C2)C1C(=O)n1cc(C(=O)NCCCC(N)=O)cc(CCC(=O)O)c1=O,0,C1CN(c2nc(Br)ccc2)CC12CN(C(=O)OC(C)(C)C)C2,c1(C#N)ccc(C2CCN(c3nccc(NC(C)=O)n3)C2)c(C2CCN(C(=O)C3CC3)C2)c1N1CCN(CC(C)(C)CNC(=O)CCC(N)C(N2C(C(=O)NCC)CCC2)=O)C1C(=O)n1cc(C(NCCCC(N)=O)=O)cc(CCC(=O)O)c1=O,96.26
C1CCN(C(=O)C2CCC2)CC1C(C=CC(OCOC(=O)C=C(OC(C)(C)C)=O)C#N)C(*)C,0,c1c(-c2cncc(N3CCC4(C3)CN(C(OC(C)(C)C)=O)C4)c2)ccc(F)c1,C1CCN(C(=O)C2CCC2)CC1C(C=CC(OCOC(=O)C=C(OC(C)(C)C)=O)C#N)C(*)C,50.06
C=CCCCC(NCc1ccc(NC(c2cnc(-c3cc4nnc(C4CCC5)cc4nc3)cc2)(C)C)cc1)C(=O)N1CCC(CC(C)(C)CNC(=O)CCC(C(O)=O)NC(CCC(C(=O)O)NC(=O)C(NC(=O)OC(C)(C)C)C(C)C)=O)CC1C(C(=O)N)NC(=O)c1c(C(=O)O)cc(CCCC*)cc1,0,CC(C)(OC(=O)N1CC2(CN(c3cc(Br)cnc3)CC2)C1)C,C=CCCCC(NCc1ccc(NC(c2cnc(-c3cc4nnc(C4CCC5)cc4nc3)cc2)(C)C)cc1)C(=O)N1CCC(CC(C)(C)CNC(=O)CCC(C(O)=O)NC(CCC(C(=O)O)NC(=O)C(NC(=O)OC(C)(C)C)C(C)C)=O)CC1C(C(=O)N)NC(=O)c1c(C(=O)O)cc(CCCC*)cc1,114.19
CC(C)C(CCCCNCCCCC(=O)NC(CCCc1cc(-c2cc(C(N)=O)ccc2C[SH](C)(=O)CC(=O)NC(C(=O)O)C(C)C)nc(NC(=O)C2CCCC2C#N)n1)c1nnc(CCCC(C)(C)C)o1)C(N)=O,0,CC(C)(OC(N1CC2(C1)CCN(c1cncc(C#Cc3ccccc3)c1)C2)=O)C,CS(=O)(Cc1ccc(C(N)=O)cc1-c1nc(NC(C2C(C#N)CCC2)=O)nc(CCCC(c2oc(CCCC(C)(C)C)nn2)NC(CCCCNCCCCC(C(=O)N)C(C)C)=O)c1)CC(=O)NC(C(C)C)C(O)=O,84.4
C1C2CNC(=O)O2CC1n1nc(C)c(-c2oc(C)c(C3(O)CC3)c2C(O)=O)c1CCC1CN(C(=O)CC)C2CC(C(NC3CC3)=O)C(CC2)C1C(*)=O,0,C1C(OCCCc2ccccc2)CN1c1cc(N2CC3(CN(C(OC(C)(C)C)=O)C3)CC2)cnc1,C1C2CNC(=O)O2CC1n1nc(C)c(-c2oc(C)c(C3(O)CC3)c2C(O)=O)c1CCC1CN(C(=O)CC)C2CC(C(NC3CC3)=O)C(CC2)C1C(*)=O,68.35
COc1cc(CC2CC2)c(C(=O)CCCN2CCC(CN)CC2COC(=O)CCC#CC#CCCC(=O)NCCOCCOCCOCCOCCNC(=O)C2CC(C)CCC2C)c(C#CC=CC(=O)OCC2CCCCN2C2CCN(CCC#CC#CC#CC#CC#Cc3cc(OC)c(OC)c(OC)c3)C(C(=O)O)C2)c1O,0,C(CCCC)CC#Cc1cc(N2CC3(CC2)CN(C(=O)CCc2c4c([nH]c2)cccc4)C3)cnc1,C1CCCN(C2CCN(CCC#CC#CC#CC#CC#Cc3cc(OC)c(OC)c(OC)c3)C(C(O)=O)C2)C1COC(=O)C=CC#Cc1c(O)c(OC)cc(CC2CC2)c1C(=O)CCCN1CCC(CN)CC1COC(=O)CCC#CC#CCCC(=O)NCCOCCOCCOCCOCCNC(=O)C1C(C)CCC(C)C1,85.36
CC(C)CC#CC#CC#CCNC(=O)CCN(C)CC#Cc1c(C(=O)NCC(C)(C)C#CC#CC#CC#CC#CCCC(C)(C)C(=O)NCC#CCCC(C)(C)OC(=O)NCCCC#Cc2ccc(-c3cc(C(=O)NCCCC(NC(=O)OC(C)(C)C)C(=O)O)no3)cc2C#CC(C)(C)C)ccc(C(F)(F)F)c1F,0,c1c(C#CCCCCCC)cncc1N1CC2(CC1)CN(C(c1cc([N+](=O)[O-])cc([N+]([O-])=O)c1)=O)C2,CC(C)(OC(NCCCC#Cc1ccc(-c2onc(C(=O)NCCCC(NC(OC(C)(C)C)=O)C(O)=O)c2)cc1C#CC(C)(C)C)=O)CCC#CCNC(=O)C(C)(C)CCC#CC#CC#CC#CC#CC(C)(C)CNC(=O)c1ccc(C(F)(F)F)c(F)c1C#CCN(C)CCC(=O)NCC#CC#CC#CCC(C)C,97.62
OCCC(CC)(O)C(c1ccc(F)cc1)NC(CC(O)C(Nc1cc(C(c2ccccn2)CC#N)cc(F)c1)=O)C(CO)(O)C(F)(F)F)C#CCCCC#CCC#CCOCCO,0,C(N1CC2(C1)CCN(c1cc(C#CCCCCCC)cnc1)C2)(=O)c1cc2c(cc1[N+](=O)[O-])OCO2,OCCC(CC)(O)C(c1ccc(F)cc1)NC(CC(O)C(Nc1cc(C(c2ccccn2)CC#N)cc(F)c1)=O)C(CO)(O)C(F)(F)F)C#CCCCC#CCC#CCOCCO,88.48
*Nc1c(N(C)C2CC(OC)C2)c(=O)c1=O,0,N1(C(c2cc3c(cc2)OCO3)=O)CC2(CCN(c3cc(C#CCCCCCC)cnc3)C2)C1,C1(OC)CC(N(c2c(=O)c(=O)c2N*)C)C1,29.5
*Cc1cc(C#CC#CC#C)c(CC(N)C(=O)O)cc1OCC#CC#CC#CCCC(CCC(C)C(=O)O)(NCC#Cc1c(C#N)c(Cl)cc(C(C#N)C(=O)NC2(C#N)CC2)c1OCCCC#C)C(N)=O,0,N1(c2cncc(C#CCCCCCC)c2)CC2(CC1)CN(Cc1cc([N+]([O-])=O)cc([N+](=O)[O-])c1)C2,N#Cc1c(Cl)cc(C(C(NC2(C#N)CC2)=O)C#N)c(OCCCC#C)c1C#CCNC(CCC(C)C(=O)O)(C(=O)N)CCC#CC#CC#CCOc1cc(CC(N)C(=O)O)c(C#CC#CC#C)cc1C*,78.68
C(C(N)=O)Oc1ccc(Cl)cc1CC1CC2CCC1C2C(N1CCC(CCCC#C)=NC1C(=O)NC1CN(CC2CC2)C(=O)N1)=O)C(=O)NC1(C#N)CC1C#CC#Cc1cc(CCCCC)oc1C#CCCCC(=O)NC(C(=O)NCC)CC#CC#CCCC(C)CC#CC#CC(CC*)C,0,O=C(OC(C)(C)C)N1CC2(CCN(c3cc(N4CC(OCCCCCC)C4)cnc3)C2)C1,C(C(N)=O)Oc1ccc(Cl)cc1CC1CC2CCC1C2C(N1CCC(CCCC#C)=NC1C(=O)NC1CN(CC2CC2)C(=O)N1)=O)C(=O)NC1(C#N)CC1C#CC#Cc1cc(CCCCC)oc1C#CCCCC(=O)NC(C(=O)NCC)CC#CC#CCCC(C)CC#CC#CC(CC*)C,113.59
c1c(CC(=O)O)ccc(CC(=O)NCc2cc(C)ccc2)c1OCC(O)CNC(CCC(C(O)=O)NC(=O)CCC(=O)N)C(O)CC(C(C(O)CO)O)O)C(C(C(C)C)C(CCNC(=O)C)O)C#N)C(C)C(C(NC(OCC)=O)CC(C)C)NC(C(O)C(C(C)CC)O)CC*,0,c1(C(N2CC3(C2)CCN(c2cc(C#Cc4ccccc4)cnc2)C3)=O)cc([N+](=O)[O-])cc([N+]([O-])=O)c1,c1c(CC(=O)O)ccc(CC(=O)NCc2cc(C)ccc2)c1OCC(O)CNC(CCC(C(O)=O)NC(=O)CCC(=O)N)C(O)CC(C(C(O)CO)O)O)C(C(C(C)C)C(CCNC(=O)C)O)C#N)C(C)C(C(NC(OCC)=O)CC(C)C)NC(C(O)C(C(C)CC)O)CC*,94.89
N1(c2c(-c3oc(C(C)C)nn3)ccc(C(C)COC)c2)CC(CN(C)C)CC1C(Nc1ccc(F)c(C(NC2(C(=O)NCC)CCS(=O)(=O)CC2)=O)c1)=O)CCC(=O)N(C)CCC,0,c1(N2CC3(CNC3)CC2)cncc(C#Cc2ccccc2)c1,N1(c2c(-c3oc(C(C)C)nn3)ccc(C(C)COC)c2)CC(CN(C)C)CC1C(Nc1ccc(F)c(C(NC2(C(=O)NCC)CCS(=O)(=O)CC2)=O)c1)=O)CCC(=O)N(C)CCC,70.67
*C#CCCCOc1ccc(CC(NCC(C)CC(O)C(CO)C(=O)O)c2cc(S(=O)(=O)N3CCC(C(=O)Nc4cccc(O)c4N4CCC(CC(C)(C)C(=O)O)CC4)CC3)ccc2[N+](=O)[O-])cc1,0,C1CN(c2nc(Br)ccc2)CC12CN(C(=O)OC(C)(C)C)C2,[N+](=O)([O-])c1ccc(S(=O)(N2CCC(C(Nc3cccc(O)c3N3CCC(CC(C)(C)C(=O)O)CC3)=O)CC2)=O)cc1C(NCC(C)CC(C(C(O)=O)CO)O)Cc1ccc(OCCCC#C*)cc1,80.16
c1c(CC(C(=O)N)NC(=O)Cc2cc(F)cc(F)c2)ccc(O)c1C(NCCC(C(=O)O)NC(C(N)C(C(O)C)NC(C)=O)CCCCC(=O)OCCS(=O)(=O)NC(CO)C(C(=O)NCCCC)O)C(N1CCCC1C(O)=O)=O)NCC1CC1C(=O)NCCCc1cc(F)c(CCCOC)c(F)c1CCCC(=O)NCCCC(=O)N1CCCC1C(=O)NCC(F)(F)F,0,c1c(-c2cncc(N3CCC4(C3)CN(C(OC(C)(C)C)=O)C4)c2)ccc(F)c1,c1c(CC(C(=O)N)NC(=O)Cc2cc(F)cc(F)c2)ccc(O)c1C(NCCC(C(=O)O)NC(C(N)C(C(O)C)NC(C)=O)CCCCC(=O)OCCS(=O)(=O)NC(CO)C(C(=O)NCCCC)O)C(N1CCCC1C(O)=O)=O)NCC1CC1C(=O)NCCCc1cc(F)c(CCCOC)c(F)c1CCCC(=O)NCCCC(=O)N1CCCC1C(=O)NCC(F)(F)F,139.52
*CC=C(C#N)C(c1ccccc1)C1CCCN1C(=O)OC(C)(C)C,0,CC(C)(OC(=O)N1CC2(CN(c3cc(Br)cnc3)CC2)C1)C,c1ccccc1C(C1CCCN1C(OC(C)(C)C)=O)C(C#N)=CC*,32.58
CC(OC(NCCN)=O)(COc1ccc(CC(C(O)=O)N)cc1)C(NCCCC(C(O)=O)NC(=O)C(N)Cc1ccc(OCC(O)=O)c(CCCCC(=O)NCCCNS(=O)(=O)CCC(C(=O)N)NC(=O)CCCC(=O)NCC(NCC(C(C(C(=O)O)O)O)O)=O)c1)=O)C(=O)OC(C)(C)C,0,CC(C)(OC(N1CC2(C1)CCN(c1cncc(C#Cc3ccccc3)c1)C2)=O)C,CC(OC(NCCN)=O)(COc1ccc(CC(C(O)=O)N)cc1)C(NCCCC(C(O)=O)NC(=O)C(N)Cc1ccc(OCC(O)=O)c(CCCCC(=O)NCCCNS(=O)(=O)CCC(C(=O)N)NC(=O)CCCC(=O)NCC(NCC(C(C(C(=O)O)O)O)O)=O)c1)=O)C(=O)OC(C)(C)C,83.39
c1(N2CC3(CC2)OCC3)c(C#N)cc(C#N)c(C(C)C)c1-c1ncnc(OC(C)C)c1C(CO)NC(C1CC2CCCC2C1)=O)NC(C(O)CCCC)C(C(=O)O)=O,0,C1C(OCCCc2ccccc2)CN1c1cc(N2CC3(CN(C(OC(C)(C)C)=O)C3)CC2)cnc1,c1(N2CC3(CC2)OCC3)c(C#N)cc(C#N)c(C(C)C)c1-c1ncnc(OC(C)C)c1C(CO)NC(C1CC2CCCC2C1)=O)NC(C(O)CCCC)C(C(=O)O)=O,69.47
CC(C1C(=O)N(C)C(=O)N1C)CC=CCCC(C(N)=O)NC(=O)CCCC#CC#CCC(NCOCCOCCOCCN(C)CC#C)=O)CCCC#Cc1ccc(OCC2CC2)c(-c2ccc(C#CCNC(CCC#C)=O)c(OC)c2)c1CCNC(=O)COC(CCCCS(=O)(N)=O)=O,0,C(CCCC)CC#Cc1cc(N2CC3(CC2)CN(C(=O)CCc2c4c([nH]c2)cccc4)C3)cnc1,CC(C1C(=O)N(C)C(=O)N1C)CC=CCCC(C(N)=O)NC(=O)CCCC#CC#CCC(NCOCCOCCOCCN(C)CC#C)=O)CCCC#Cc1ccc(OCC2CC2)c(-c2ccc(C#CCNC(CCC#C)=O)c(OC)c2)c1CCNC(=O)COC(CCCCS(=O)(N)=O)=O,98.42
CC#CC(C)(O)C#Cc1cccc(NC(=O)CC#CCCCCC)c1C#CCCC#CC#CC#CCCCCC(=O)O,0,c1c(C#CCCCCCC)cncc1N1CC2(CC1)CN(C(c1cc([N+](=O)[O-])cc([N+]([O-])=O)c1)=O)C2,OC(C)(C#CC)C#Cc1cccc(NC(CC#CCCCCC)=O)c1C#CCCC#CC#CC#CCCCCC(O)=O,35.37
*C(c1ccco1)C(O)C(C)C(O)(C(C)C1C(C(=O)NC2CCC(CC#C)C2)OC(C)(C#C)CN1CC(=C)C)C(F)(F)F,0,C(N1CC2(C1)CCN(c1cc(C#CCCCCCC)cnc1)C2)(=O)c1cc2c(cc1[N+](=O)[O-])OCO2,N1(CC(C)=C)CC(C#C)(C)OC(C(=O)NC2CCC(CC#C)C2)C1C(C)C(O)(C(F)(F)F)C(C)C(C(*)c1occc1)O,68.17
C12(CCCN(C(=O)c3cnc(Cl)cc3)C1)CN(CC(C)C1CC1)C(=O)C2CC(C)C(C)C(N)=O)OCCOCCOCCN(C)C(=O)CCCC#CC#CC1(O)CCC(CCC(=O)NC(CCC2=C(N)CCCC2=O)C(=O)CCC(=O)NC(CCSC)C(=O)N(C)C2CC2)c(C)nc1OC,0,N1(C(c2cc3c(cc2)OCO3)=O)CC2(CCN(c3cc(C#CCCCCCC)cnc3)C2)C1,C12(CCCN(C(=O)c3cnc(Cl)cc3)C1)CN(CC(C)C1CC1)C(=O)C2CC(C)C(C)C(N)=O)OCCOCCOCCN(C)C(=O)CCCC#CC#CC1(O)CCC(CCC(=O)NC(CCC2=C(N)CCCC2=O)C(=O)CCC(=O)NC(CCSC)C(=O)N(C)C2CC2)c(C)nc1OC,110.71
C#CCCC(=O)NCC1CCCN1C(=O)CCC(COC(=O)CCC(NC(=O)CCC(N)C(=O)NCCCC(NC(=O)CCC(C)C)c1cn(C(C)C)nn1)C(=O)O)(C(N)=O)C(N)=O,0,N1(c2cncc(C#CCCCCCC)c2)CC2(CC1)CN(Cc1cc([N+]([O-])=O)cc([N+](=O)[O-])c1)C2,C(#C)CCC(=O)NCC1CCCN1C(=O)CCC(C(=O)N)(C(=O)N)COC(=O)CCC(C(=O)O)NC(=O)CCC(N)C(NCCCC(c1nnn(C(C)C)c1)NC(=O)CCC(C)C)=O,56.4
C1C2(NC(C)=O)CC3CC1CC(C2)C33OC1CC(C(C)C)C(=O)N1CC(O)C(Cc1ccccc1)NC(=O)C#CCCCC(C)C(=O)NC1CC2N(C(=O)CCC2C#N)C1c1ccc(C#CC#CC#CC#CCO)cc1CCCC(O)COCc1ccc(CCCC(=O)NC2C(C(=O)O)CCCC2)c(Cl)c1C(CCCC(C)C)(C=O)NC(CC1CCC1)=O)CC12CC3CC(C1)CC(C2)C3,0,O=C(OC(C)(C)C)N1CC2(CCN(c3cc(N4CC(OCCCCCC)C4)cnc3)C2)C1,C1C2(NC(C)=O)CC3CC1CC(C2)C33OC1CC(C(C)C)C(=O)N1CC(O)C(Cc1ccccc1)NC(=O)C#CCCCC(C)C(=O)NC1CC2N(C(=O)CCC2C#N)C1c1ccc(C#CC#CC#CC#CCO)cc1CCCC(O)COCc1ccc(CCCC(=O)NC2C(C(=O)O)CCCC2)c(Cl)c1C(CCCC(C)C)(C=O)NC(CC1CCC1)=O)CC12CC3CC(C1)CC(C2)C3,132.03
CCC#CC(CCCC(=O)NCC#Cc1cc(C#CCN)cc(CC(C)C(=O)OCC)c1C(=CCC)C(CCl)N(C)CCN(C(=O)CCC#Cc1ccc(C(=O)O)c(NC(=O)CCC(NC(=O)C(CC(C)C)NC(=O)CCC(=O)C(=O)NCCC(C)C)C(=O)O)c1COc1ccc(CCOCC#CCC#CC(C(=O)O)C(OC(=O)CC(C)C)C(=O)O)cc1CCC(=O)NCC(C)C(O)CCC(C)C)C(C)C)C(=O)OC,0,c1(C(N2CC3(C2)CCN(c2cc(C#Cc4ccccc4)cnc2)C3)=O)cc([N+](=O)[O-])cc([N+]([O-])=O)c1,CC(C(=O)OCC)Cc1cc(C#CCN)cc(C#CCNC(CCCC(C(OC)=O)C#CCC)=O)c1C(=CCC)C(CCl)N(C)CCN(C(C)C)C(=O)CCC#Cc1ccc(C(=O)O)c(NC(=O)CCC(C(=O)O)NC(=O)C(CC(C)C)NC(CCC(=O)C(NCCC(C)C)=O)=O)c1COc1ccc(CCOCC#CCC#CC(C(=O)O)C(C(=O)O)OC(=O)CC(C)C)cc1CCC(=O)NCC(C)C(CCC(C)C)O,162.97
C1c2c(cc(C(=O)N)cc2-c2cnc(N(CC)CC)nc2C)C(=O)N1CC(N(CCO)C)=O)C(N)c1c(F)cc(-c2cnc(N(C)CCO)nc2C=CC2CC2)c(OCCO)c1NC(CC)CC(CSc1sc(Br)nn1)OCCCC(=O)N,0,c1(N2CC3(CNC3)CC2)cncc(C#Cc2ccccc2)c1,C1c2c(cc(C(=O)N)cc2-c2cnc(N(CC)CC)nc2C)C(=O)N1CC(N(CCO)C)=O)C(N)c1c(F)cc(-c2cnc(N(C)CCO)nc2C=CC2CC2)c(OCCO)c1NC(CC)CC(CSc1sc(Br)nn1)OCCCC(=O)N,131.92
*C(C)(CC1CN(C(=O)C2CC2)CCN1C(=O)CCC1c2ccn(C(=O)OC(C)(C)C)c2CCN1C(=O)CC(C)C=Cc1ccc(Cl)s1)C(=O)O,0,C1CN(c2nc(Br)ccc2)CC12CN(C(=O)OC(C)(C)C)C2,CC(C)(OC(=O)n1ccc2c1CCN(C(CC(C=Cc1ccc(Cl)s1)C)=O)C2CCC(=O)N1CCN(C(=O)C2CC2)CC1CC(C(=O)O)(*)C)C,60.77
c1c(F)cc(F)c(CC(COc2c(C#N)cc(C#N)cc2)NC(C)C(COS(O)(=O)=O)C(C)C)c1COc1ccc(C(N2C(C(=O)N)CC(C)C2)=O)cc1C(=O)NC(CC(=O)O)C(O)=O)C(C)C,0,c1c(-c2cncc(N3CCC4(C3)CN(C(OC(C)(C)C)=O)C4)c2)ccc(F)c1,c1c(F)cc(F)c(CC(COc2c(C#N)cc(C#N)cc2)NC(C)C(COS(O)(=O)=O)C(C)C)c1COc1ccc(C(N2C(C(=O)N)CC(C)C2)=O)cc1C(=O)NC(CC(=O)O)C(O)=O)C(C)C,76.43
C=CCN(c1ccc(COC(=O)c2ccc(NC(=O)C(C)(C#N)CC(C(=O)Nc3cccc(C#N)c3)c3nc(Br)ccc3C(=O)N3CCOCC3)c(CCC(C)C)c2C(=O)NCC(C)C(N)=O)cc1)S(=O)(=O)CCC,0,CC(C)(OC(=O)N1CC2(CN(c3cc(Br)cnc3)CC2)C1)C,N(c1cc(C#N)ccc1)C(=O)C(c1c(C(N2CCOCC2)=O)ccc(Br)n1)CC(C#N)(C)C(=O)Nc1ccc(C(=O)OCc2ccc(N(CC=C)S(=O)(CCC)=O)cc2)c(C(=O)NCC(C(N)=O)C)c1CCC(C)C,100.13
*C(=O)OC(C)(C)C,0,CC(C)(OC(N1CC2(C1)CCN(c1cncc(C#Cc3ccccc3)c1)C2)=O)C,*C(OC(C)(C)C)=O,6.14
CC(C)(C)C1CCC(C(=O)Nc2ccc(C)c(C#C)n2)CC1CS(C1(C(=O)N2CCC(CCCC(CC=C)C(O)=O)CC2)CCN(CCC(C(C)C#CC#C)C(Nc2ccc(CCCC(=O)O)c(CCC(=O)O)c2)=O)CC1)(=O)=O)CCC(C)C(O)C(CC1CCC1)(NC(=O)OC(C)(C)C)CO,0,C1C(OCCCc2ccccc2)CN1c1cc(N2CC3(CN(C(OC(C)(C)C)=O)C3)CC2)cnc1,CC(C)(C)C1CCC(C(=O)Nc2ccc(C)c(C#C)n2)CC1CS(C1(C(=O)N2CCC(CCCC(CC=C)C(O)=O)CC2)CCN(CCC(C(C)C#CC#C)C(Nc2ccc(CCCC(=O)O)c(CCC(=O)O)c2)=O)CC1)(=O)=O)CCC(C)C(O)C(CC1CCC1)(NC(=O)OC(C)(C)C)CO,102.92
C(O)(CC#CCC)CNC(C(N)CCCCN)=O)*,0,C(CCCC)CC#Cc1cc(N2CC3(CC2)CN(C(=O)CCc2c4c([nH]c2)cccc4)C3)cnc1,C(O)(CC#CCC)CNC(C(N)CCCCN)=O)*,27.24
CCCCC1CCN(C(=O)c2nc(C(C)C)sc2CC(O)C(C#N)C(C)C)CC1C(=O)NC(CCC(=O)NCC(=O)NC(CC(C)C)C(O)CC(N)=O)C(=O)O,0,c1c(C#CCCCCCC)cncc1N1CC2(CC1)CN(C(c1cc([N+](=O)[O-])cc([N+]([O-])=O)c1)=O)C2,CCCCC1CCN(C(c2nc(C(C)C)sc2CC(O)C(C(C)C)C#N)=O)CC1C(=O)NC(C(=O)O)CCC(=O)NCC(NC(CC(C)C)C(O)CC(N)=O)=O,60.3
*CCC(=O)N1CCN(C(=O)CCC(=O)N2CCN(C3CCC3)CC2)CC1C(=O)O,0,C(N1CC2(C1)CCN(c1cc(C#CCCCCCC)cnc1)C2)(=O)c1cc2c(cc1[N+](=O)[O-])OCO2,C1CCC1N1CCN(C(=O)CCC(=O)N2CC(C(=O)O)N(C(=O)CC*)CC2)CC1,32.49
CN(C)S(=O)(=O)c1cc(F)ccc1C12CC3CC(CC(C1)C3)C2N1CCN(CCCC(C)(C(=O)O)C)CC1C(N)=O)C#CCOCCOCCN(S(C)(=O)=O)CCc1c(OC)c(OC)c(OC)c(NC(=O)C(n2cncn2)C(O)C(NC(CCCC#C)=O)CCCC(=O)NCCNC(CCCC#C)=O)c1C(NCCCN(C)C)=O)CCCC=CCC#CC#CCC(C)(C)COO,0,N1(C(c2cc3c(cc2)OCO3)=O)CC2(CCN(c3cc(C#CCCCCCC)cnc3)C2)C1,CN(C)S(=O)(=O)c1cc(F)ccc1C12CC3CC(CC(C1)C3)C2N1CCN(CCCC(C)(C(=O)O)C)CC1C(N)=O)C#CCOCCOCCN(S(C)(=O)=O)CCc1c(OC)c(OC)c(OC)c(NC(=O)C(n2cncn2)C(O)C(NC(CCCC#C)=O)CCCC(=O)NCCNC(CCCC#C)=O)c1C(NCCCN(C)C)=O)CCCC=CCC#CC#CCC(C)(C)COO,139.78
c1c(C#N)cc(C(=O)NCC#C)c(OCC)c1C#CCNC(C)=O)C(C#C)(C)C,0,N1(c2cncc(C#CCCCCCC)c2)CC2(CC1)CN(Cc1cc([N+]([O-])=O)cc([N+](=O)[O-])c1)C2,c1c(C#N)cc(C(=O)NCC#C)c(OCC)c1C#CCNC(C)=O)C(C#C)(C)C,31.06
*C(CC#N)C(C)c1ccc(F)cc1,0,O=C(OC(C)(C)C)N1CC2(CCN(c3cc(N4CC(OCCCCCC)C4)cnc3)C2)C1,*C(C(C)c1ccc(F)cc1)CC#N,16.51
C(#N)CCN(C)c1ccc(CC(N)C(O)C(=O)NCC(O)C(Cc2ccccc2)NC(=O)CCC(NC(=O)OC(C)(C)C)C(=O)O)cc1C(NCC(C(O)C(C(C)C)C(N)=O)O)C(C(NCC#C)=O)C(C)C(O)C(C(C)C)C(NC)=O)C(O)C(C(C)C)CC(C(NC(CC(C)C)CNC(=O)OC(C)(C)C)=O)=O,0,c1(C(N2CC3(C2)CCN(c2cc(C#Cc4ccccc4)cnc2)C3)=O)cc([N+](=O)[O-])cc([N+]([O-])=O)c1,C(#N)CCN(C)c1ccc(CC(N)C(O)C(=O)NCC(O)C(Cc2ccccc2)NC(=O)CCC(NC(=O)OC(C)(C)C)C(=O)O)cc1C(NCC(C(O)C(C(C)C)C(N)=O)O)C(C(NCC#C)=O)C(C)C(O)C(C(C)C)C(NC)=O)C(O)C(C(C)C)CC(C(NC(CC(C)C)CNC(=O)OC(C)(C)C)=O)=O,90.25
CC1CN(Cc2c(C)[nH]cn2)CCN1c1c(C#N)ncc(C(=O)N2CCC(C(=O)N)(CCC3CC3)CC2)c1OCCCCC(N)C(=O)NC(CCSC)C(=O)NC(CCSC)C(O)=O)Cc1cc(C*)ccc1,0,c1(N2CC3(CNC3)CC2)cncc(C#Cc2ccccc2)c1,CC1CN(Cc2c(C)[nH]cn2)CCN1c1c(C#N)ncc(C(=O)N2CCC(C(=O)N)(CCC3CC3)CC2)c1OCCCCC(N)C(=O)NC(CCSC)C(=O)NC(CCSC)C(O)=O)Cc1cc(C*)ccc1,71.82
c1c(CC(C(C(F)(F)F)=O)N2C(=O)N(C(C)C)CC2)ccc(OCC(Cn2cncc2)O)c1CCC(=O)N(O)C=OC1C(O)CC(C=C)CC1CCC(C(C)C(=O)NCCCOC(NCCC)=O)=NOCCOCCOCCOCC1C(C(C)C)CCC(C)C1OC(=O)CCC(C(=O)O)NC(=O)CCC(C(=O)O)NC(=O)CCC1CCN(C(C(Cc2ccccc2)CC(C(C)C)C(C)C)=O)CC1C(=O)CCC(=O)C(F)(F)F,0,C1CN(c2nc(Br)ccc2)CC12CN(C(=O)OC(C)(C)C)C2,c1c(CC(C(C(F)(F)F)=O)N2C(=O)N(C(C)C)CC2)ccc(OCC(Cn2cncc2)O)c1CCC(=O)N(O)C=OC1C(O)CC(C=C)CC1CCC(C(C)C(=O)NCCCOC(NCCC)=O)=NOCCOCCOCCOCC1C(C(C)C)CCC(C)C1OC(=O)CCC(C(=O)O)NC(=O)CCC(C(=O)O)NC(=O)CCC1CCN(C(C(Cc2ccccc2)CC(C(C)C)C(C)C)=O)CC1C(=O)CCC(=O)C(F)(F)F,142.05
*CCCc1ccc(C#CC#CC2COCCN2C(=O)c2ccc(NC(=N)C(CC3CCOCC3)NC(=O)CO)cc2)nc1,0,c1c(-c2cncc(N3CCC4(C3)CN(C(OC(C)(C)C)=O)C4)c2)ccc(F)c1,C(CC1CCOCC1)(NC(=O)CO)C(=N)Nc1ccc(C(N2CCOCC2C#CC#Cc2ccc(CCC*)cn2)=O)cc1,63.69
CC(C(=O)N)CS(=O)(=O)C1(C(NO)=O)CCN(c2c(C#N)nc(N3C4C(CN(C(=O)OCC)C4)C3)cc2NC(CCC(C)C(C)C(=O)NC(C(N)=O)CCCC3(CC(C)C(C(O)=O)(O)c2ccccc2)=O)C(C)C)CC1C(=O)NCCOC(C)C(NC(CCCCN)C(NCC(C(C)CC)NC(=O)CCCCC(NCCCC(N1CCC(NC(=O)CNC(=O)C=Cc2ccccc2)CC1)=O)=O)C(C)C)C(N)=O,0,CC(C)(OC(=O)N1CC2(CN(c3cc(Br)cnc3)CC2)C1)C,CC(C(=O)N)CS(=O)(=O)C1(C(NO)=O)CCN(c2c(C#N)nc(N3C4C(CN(C(=O)OCC)C4)C3)cc2NC(CCC(C)C(C)C(=O)NC(C(N)=O)CCCC3(CC(C)C(C(O)=O)(O)c2ccccc2)=O)C(C)C)CC1C(=O)NCCOC(C)C(NC(CCCCN)C(NCC(C(C)CC)NC(=O)CCCCC(NCCCC(N1CCC(NC(=O)CNC(=O)C=Cc2ccccc2)CC1)=O)=O)C(C)C)C(N)=O,173.12
*C(C)C(=O)OC,0,CC(C)(OC(N1CC2(C1)CCN(c1cncc(C#Cc3ccccc3)c1)C2)=O)C,*C(C(=O)OC)C,8.25
*C(C)C,0,C1C(OCCCc2ccccc2)CN1c1cc(N2CC3(CN(C(OC(C)(C)C)=O)C3)CC2)cnc1,*C(C)C,5.53
CCOC(=O)NCCOCC#Cc1cc(N)ncc1CCNC(=O)c1c(F)cc(OCC2CC2)c(Cl)c1Cl,0,C(CCCC)CC#Cc1cc(N2CC3(CC2)CN(C(=O)CCc2c4c([nH]c2)cccc4)C3)cnc1,c1c(N)ncc(CCNC(=O)c2c(F)cc(OCC3CC3)c(Cl)c2Cl)c1C#CCOCCNC(OCC)=O,40.94
C#CCCC(=O)N1CCC(OC(=O)CCC(C(=O)NCCCCNC(C(O)C(C(=O)C#CC#CCCCCC#CC#CC#CCCCCC#CC#CCC#CC#CCCCC)C(C)C)C2CCCN2CCCCOc2c(C#N)c(C#N)c(Br)c(OC)c2C2C(=Nc3ccc(F)c(Cl)c3)N=C(C)C2C#N)C(C)C)C(CC=CC#CC(C)(C)C)C1,0,c1c(C#CCCCCCC)cncc1N1CC2(CC1)CN(C(c1cc([N+](=O)[O-])cc([N+]([O-])=O)c1)=O)C2,c1c(Cl)c(F)ccc1N=C1N=C(C)C(C#N)C1c1c(OC)c(Br)c(C#N)c(C#N)c1OCCCCN1CCCC1C(C(O)C(C(C)C)C(=O)C#CC#CCCCCC#CC#CC#CCCCCC#CC#CCC#CC#CCCCC)NCCCCNC(=O)C(C(C)C)CCC(=O)OC1CCN(C(CCC#C)=O)CC1CC=CC#CC(C)(C)C,106.52
*C#CC#CC#CC#CC1CCC(n2nc(C3CC3)cc2C(N)=O)CC1,0,C(N1CC2(C1)CCN(c1cc(C#CCCCCCC)cnc1)C2)(=O)c1cc2c(cc1[N+](=O)[O-])OCO2,c1(C(N)=O)cc(C2CC2)nn1C1CCC(C#CC#CC#CC#C*)CC1,25.62
C1C(CNC(C)=O)CCCC1C(N1CCC(CN)CC1)CC(C(N)=O)C(NC(C(O)CC(C(=O)NC)Cc1ccccc1)CCCCNC(C(=O)NC(C(=O)N)(C)C)Cc1ccc(OCC2CNC(=O)C2CCSC)cc1)=O)CCC(C)C(NC(C(=O)NC)CC(C)C)=O,0,N1(C(c2cc3c(cc2)OCO3)=O)CC2(CCN(c3cc(C#CCCCCCC)cnc3)C2)C1,C1C(CNC(C)=O)CCCC1C(N1CCC(CN)CC1)CC(C(N)=O)C(NC(C(O)CC(C(=O)NC)Cc1ccccc1)CCCCNC(C(=O)NC(C(=O)N)(C)C)Cc1ccc(OCC2CNC(=O)C2CCSC)cc1)=O)CCC(C)C(NC(C(=O)NC)CC(C)C)=O,97.23
C#CCCC(=O)OCCCCN1C(C#C)C2CCC(N2)C(C(=O)NCC(O)C(NC(C)=O)C(=O)NCCOCCOCCOCCNC(=O)C(CCCc2ccc(O)cc2CCCC(C)(C)C(N)=O)NC(N)=O)C(C)C1C(O)CC(C)C1c2cc(CNC(C#C)CC#C)c(O)cc2CC1C(O)C(N)C(N)CSCC#C,0,N1(c2cncc(C#CCCCCCC)c2)CC2(CC1)CN(Cc1cc([N+]([O-])=O)cc([N+](=O)[O-])c1)C2,C12CCC(N1)C(C#C)N(C(C(O)CC(C)C1c3c(cc(O)c(CNC(CC#C)C#C)c3)CC1C(O)C(N)C(CSCC#C)N)C(C)C2C(=O)NCC(O)C(NC(=O)C)C(=O)NCCOCCOCCOCCNC(C(NC(N)=O)CCCc1ccc(O)cc1CCCC(C(N)=O)(C)C)=O)CCCCOC(=O)CCC#C,133.25
c1c2c(cnc1C)c(=O)[nH]c(C)n2C1CCN(C(=O)C(NC(CC(C)C)C(=O)NC2CCC(CC#C)CC2)=O)CC1CN(C(=O)CCC(=O)O)C(=O)CCCCC1C2C(CS1)NC(=O)N2C1CC(CCCCC(=O)NCCOC(=O)N2C(c3ccc(OCCOCCOCCOCC#C)cc3)CC2C(NCCCCC(N2C(=O)c3c(ccc(Cl)c3F)C2=O)CCCC(=O)N2CCC(C(C#CC)C(=O)O)(NC(=O)CO)C(=O)C2)=,0,O=C(OC(C)(C)C)N1CC2(CCN(c3cc(N4CC(OCCCCCC)C4)cnc3)C2)C1,c1c2c(cnc1C)c(=O)[nH]c(C)n2C1CCN(C(=O)C(NC(CC(C)C)C(=O)NC2CCC(CC#C)CC2)=O)CC1CN(C(=O)CCC(=O)O)C(=O)CCCCC1C2C(CS1)NC(=O)N2C1CC(CCCCC(=O)NCCOC(=O)N2C(c3ccc(OCCOCCOCCOCC#C)cc3)CC2C(NCCCCC(N2C(=O)c3c(ccc(Cl)c3F)C2=O)CCCC(=O)N2CCC(C(C#CC)C(=O)O)(NC(=O)CO)C(=O)C2)=,154.12
CCCCNC(=O)C(O)C(C#N)C(O)CNC(=O)CCC(O)(CCCC(C)C)C(CC(C)C)NC(=O)C(C)(CC(C)C(=O)NC(CC(C)C)C(N)=O)CC(C)N(CCNC(=O)c1nc(N)nc(N)c1C(=O)NC(C)C(N)=O)C(C)C,0,c1(C(N2CC3(C2)CCN(c2cc(C#Cc4ccccc4)cnc2)C3)=O)cc([N+](=O)[O-])cc([N+]([O-])=O)c1,CC(N(C(C)C)CCNC(=O)c1nc(N)nc(N)c1C(=O)NC(C(N)=O)C)CC(C)(CC(C)C(NC(CC(C)C)C(=O)N)=O)C(=O)NC(CC(C)C)C(CCCC(C)C)(O)CCC(=O)NCC(O)C(C(C(=O)NCCCC)O)C#N,85.71
CCC(CF)C(CCCCC(C(CC(C)OCCOCCOCCNC(=O)Cc1ccc(F)c(F)c1)NCc1c(C(C)C)nn(-c2ccc(C#N)cc2C(=O)N(C)C)c1C)N1CC(COC)C1)C(N)=O,0,c1(N2CC3(CNC3)CC2)cncc(C#Cc2ccccc2)c1,Cc1n(-c2c(C(=O)N(C)C)cc(C#N)cc2)nc(C(C)C)c1CNC(C(N1CC(COC)C1)CCCCC(C(=O)N)C(CC)CF)CC(C)OCCOCCOCCNC(Cc1ccc(F)c(F)c1)=O,96.54
CC(C)(OC(N1CCN(c2c(F)cc(Br)cc2C=CCN2CCC(C(C=Cc3ccc(Br)cc3)=O)CC2)CC1)=O)CCOC(C1(CCC(=O)C)CCCN(CCCc2ccc(NC(=O)C)cc2)C1)=O)C(OC(=O)CCC(C)C)CC(C(O)=O)NC(CCC(N1CCC(CCNC(=O)CCC(=O)O)(Cc2ccccc2)CC1C(CCC(NCCC(O)=O)=O)=O)=O)C(=O)CCNC(=O)C(CC(C)C)NC(=O)CCCCC(N1C=CC(,0,C1CN(c2nc(Br)ccc2)CC12CN(C(=O)OC(C)(C)C)C2,CC(C)(OC(N1CCN(c2c(F)cc(Br)cc2C=CCN2CCC(C(C=Cc3ccc(Br)cc3)=O)CC2)CC1)=O)CCOC(C1(CCC(=O)C)CCCN(CCCc2ccc(NC(=O)C)cc2)C1)=O)C(OC(=O)CCC(C)C)CC(C(O)=O)NC(CCC(N1CCC(CCNC(=O)CCC(=O)O)(Cc2ccccc2)CC1C(CCC(NCCC(O)=O)=O)=O)=O)C(=O)CCNC(=O)C(CC(C)C)NC(=O)CCCCC(N1C=CC(,146.15
CN(C1CC(c2ccc(F)cc2F)CO1)C(CCCCC1C2C(CS1)NC(=O)N2)=O)CCCC(=O)NCCCCC(=O)NCCCCC(=O)NC(CC(C)C)C(CCC=C)=CC(O)=O,0,c1c(-c2cncc(N3CCC4(C3)CN(C(OC(C)(C)C)=O)C4)c2)ccc(F)c1,CN(C1CC(c2ccc(F)cc2F)CO1)C(CCCCC1C2C(CS1)NC(=O)N2)=O)CCCC(=O)NCCCCC(=O)NCCCCC(=O)NC(CC(C)C)C(CCC=C)=CC(O)=O,61.75
*C(=O)CCCCc1ccc(C(=O)NC(CCS(=O)(=O)NC(=O)C2CN(C(C)C(NC(=O)OC(C)(C)C)NC(CC(C)C)C(=O)C(N)COC(C)=O)CCC2CC(=O)OC(C)(C)C(=O)NC(CC(C)C)C(=O)NC(C#N)Cc2ccccc2)C(N)=O)cc1,0,CC(C)(OC(=O)N1CC2(CN(c3cc(Br)cnc3)CC2)C1)C,O(C(C)(C(NC(CC(C)C)C(=O)NC(C#N)Cc1ccccc1)=O)C)C(=O)CC1CCN(C(C)C(NC(CC(C)C)C(C(COC(C)=O)N)=O)NC(=O)OC(C)(C)C)CC1C(NS(=O)(=O)CCC(C(N)=O)NC(c1ccc(CCCCC(*)=O)cc1)=O)=O,92.31
O=S(C)(=O)CCCOc1sc(-c2cc(C)on2)nc1CCCC(O)C(O)C(NS(c1cc(F)cnc1)(=O)=O)C(CC(F)(F)F)C(CNC(C)C(=O)NCCCC)C(=O)NC(CCSC)C(NC(C(O)=O)C(C)C)=O)C(NC(=O)OC(C)(C)C)Cc1ccccc1,0,CC(C)(OC(N1CC2(C1)CCN(c1cncc(C#Cc3ccccc3)c1)C2)=O)C,O=S(C)(=O)CCCOc1sc(-c2cc(C)on2)nc1CCCC(O)C(O)C(NS(c1cc(F)cnc1)(=O)=O)C(CC(F)(F)F)C(CNC(C)C(=O)NCCCC)C(=O)NC(CCSC)C(NC(C(O)=O)C(C)C)=O)C(NC(=O)OC(C)(C)C)Cc1ccccc1,95.12
c1(C#N)ncc(C2CC2C(=O)OC)cc1C#CC(C1CC1)CC#CC#CCCC(C)C1CC1C(OCC(CC)C1CC1C(=O)NCc1ccc(OCCOCC#C)cc1)=O)CCC(=O)NC(C1CCCCC1)C(O)C(O)C(CC1CCCCC1)NC(=O)C1CC1C#C,0,C1C(OCCCc2ccccc2)CN1c1cc(N2CC3(CN(C(OC(C)(C)C)=O)C3)CC2)cnc1,c1(C#N)ncc(C2CC2C(=O)OC)cc1C#CC(C1CC1)CC#CC#CCCC(C)C1CC1C(OCC(CC)C1CC1C(=O)NCc1ccc(OCCOCC#C)cc1)=O)CCC(=O)NC(C1CCCCC1)C(O)C(O)C(CC1CCCCC1)NC(=O)C1CC1C#C,96.7
*N1CCC(O)(CCCOc2ccc(C#N)cc2)C1,0,C(CCCC)CC#Cc1cc(N2CC3(CC2)CN(C(=O)CCc2c4c([nH]c2)cccc4)C3)cnc1,N#Cc1ccc(OCCCC2(O)CN(*)CC2)cc1,23.03
CC(=O)Nc1ccc(CCCC(N)=O)c(CCN=C(N)NCCC#CC#CC#CCC#CCCCC(N)=O)c1C#CC#CCCCC#Cc1c(N)ncnc1C#CC#CC#N,0,c1c(C#CCCCCCC)cncc1N1CC2(CC1)CN(C(c1cc([N+](=O)[O-])cc([N+]([O-])=O)c1)=O)C2,C(C(N)=O)CCc1ccc(NC(=O)C)c(C#CC#CCCCC#Cc2c(N)ncnc2C#CC#CC#N)c1CCN=C(N)NCCC#CC#CC#CCC#CCCCC(N)=O,63.47
*Cc1ccc(OC)cc1,0,C(N1CC2(C1)CCN(c1cc(C#CCCCCCC)cnc1)C2)(=O)c1cc2c(cc1[N+](=O)[O-])OCO2,*Cc1ccc(OC)cc1,8.7
N1CCC(C(C2CC2)N2CCN(C(=O)OCC)C(C(=O)N(C)C3CCC(CCCC#CC#CC#CC#CC#CC#CCCCCC)C2)CC3)C(N)C1CCCC(C(N)=O)OC(=O)CCC(NCCOCCOCCN(C)C)=O)C1CC1C(=O)NCc1cccc(CCCOCCC2CC2)c1C(=O)NC,0,N1(C(c2cc3c(cc2)OCO3)=O)CC2(CCN(c3cc(C#CCCCCCC)cnc3)C2)C1,N1CCC(C(C2CC2)N2CCN(C(=O)OCC)C(C(=O)N(C)C3CCC(CCCC#CC#CC#CC#CC#CC#CCCCCC)C2)CC3)C(N)C1CCCC(C(N)=O)OC(=O)CCC(NCCOCCOCCN(C)C)=O)C1CC1C(=O)NCc1cccc(CCCOCCC2CC2)c1C(=O)NC,97.83
CC(=O)N1CC2C(C1)C2C(=O)NCC#CCCC(=O)NCC#CC#CCCCCC#CCCC(C)C,0,N1(c2cncc(C#CCCCCCC)c2)CC2(CC1)CN(Cc1cc([N+]([O-])=O)cc([N+](=O)[O-])c1)C2,C1C2C(CN1C(C)=O)C2C(=O)NCC#CCCC(NCC#CC#CCCCCC#CCCC(C)C)=O,33.57
C(N1C2(CCCC2)C(=O)NC1)(=O)c1[nH]c(C)c(C#CC#CC#CC#CC#Cc2ccc(NC(CC#CCCCC(C)N3CCC(C(N)=O)CC3)=O)cc2)c1CCCCC#CC#CCCCC(C)(C)OOCC1(O)CC2CCC(C1)C2NC(=O)Cn1cc(C#CC#Cc2ccc(C#N)cc2)c(CCCC)n1)CCCC(N1C2CCC1CC(n1c3nc(SCCC)nc(N)c3nn1)C2C(=O)NCC(C(C(=O)O)NC(O)C(CC1CCCCC1)N,0,O=C(OC(C)(C)C)N1CC2(CCN(c3cc(N4CC(OCCCCCC)C4)cnc3)C2)C1,C(N1C2(CCCC2)C(=O)NC1)(=O)c1[nH]c(C)c(C#CC#CC#CC#CC#Cc2ccc(NC(CC#CCCCC(C)N3CCC(C(N)=O)CC3)=O)cc2)c1CCCCC#CC#CCCCC(C)(C)OOCC1(O)CC2CCC(C1)C2NC(=O)Cn1cc(C#CC#Cc2ccc(C#N)cc2)c(CCCC)n1)CCCC(N1C2CCC1CC(n1c3nc(SCCC)nc(N)c3nn1)C2C(=O)NCC(C(C(=O)O)NC(O)C(CC1CCCCC1)N,146.19
C(OC(C)(C)C)(C)=O)n1nnc(COC(=O)CCCCC(CO)NC(c2cc(C(N)=N)ccc2C(=O)OC)=O)c1NC(C)C(O)C(=O)NCCNC(=O)c1ccc(CC(N)C(C(N)=O)CC(=O)N)cc1CCCC(=O)NCCCCC(C(N)=O)NC(=O)CCC1CCCCC1C(O)=O)CCCC(C(O)=O)NC(=O)CCC(N)C(NCCC(C(O)=O)NC(CCCCc1ccc(CNC(CCCC(C(O)=O)NC(CCCC(C(O)=O)(C,0,c1(C(N2CC3(C2)CCN(c2cc(C#Cc4ccccc4)cnc2)C3)=O)cc([N+](=O)[O-])cc([N+]([O-])=O)c1,C(OC(C)(C)C)(C)=O)n1nnc(COC(=O)CCCCC(CO)NC(c2cc(C(N)=N)ccc2C(=O)OC)=O)c1NC(C)C(O)C(=O)NCCNC(=O)c1ccc(CC(N)C(C(N)=O)CC(=O)N)cc1CCCC(=O)NCCCCC(C(N)=O)NC(=O)CCC1CCCCC1C(O)=O)CCCC(C(O)=O)NC(=O)CCC(N)C(NCCC(C(O)=O)NC(CCCCc1ccc(CNC(CCCC(C(O)=O)NC(CCCC(C(O)=O)(C,145.66
C1(N)(C(NC2(C#N)CC2)=O)CN(c2cc(F)c(-n3ccc(C(C)NC(C)=O)n3)c(F)c2)C(C(=O)N2C3CCC2C(COC(=O)C)=N)C(O)C(O)C1OCC3(O)C(F)(F)F)C=CC(=O)NCC(C(=O)O)C(C)C,0,c1(N2CC3(CNC3)CC2)cncc(C#Cc2ccccc2)c1,C1(N)(C(NC2(C#N)CC2)=O)CN(c2cc(F)c(-n3ccc(C(C)NC(C)=O)n3)c(F)c2)C(C(=O)N2C3CCC2C(COC(=O)C)=N)C(O)C(O)C1OCC3(O)C(F)(F)F)C=CC(=O)NCC(C(=O)O)C(C)C,94.41
CC1(c2n(-c3ccc(F)cc3F)ncc2C#N)CCc2nc(N3CCC(CCO)CC3)nc(N3CCCC3C(C)C(C=CC=C)OC(CCCC=CCC3C(=O)N(CC(C)C)C(=O)C3C(=O)NCCCC(N3CCC(=C(CC)CCC5C(=O)N(CC(=O)CCC)C3C(NCCC(C)C)=O)CCCC(N3CCOCC4)=O)C3)C2)C2CCC(CCCC)(CCC(NCCCCN3CCN(CC5CN(C(Cc5ccccc5)C(=O)O)CC4)=O)CC33)C,0,C1CN(c2nc(Br)ccc2)CC12CN(C(=O)OC(C)(C)C)C2,CC1(c2n(-c3ccc(F)cc3F)ncc2C#N)CCc2nc(N3CCC(CCO)CC3)nc(N3CCCC3C(C)C(C=CC=C)OC(CCCC=CCC3C(=O)N(CC(C)C)C(=O)C3C(=O)NCCCC(N3CCC(=C(CC)CCC5C(=O)N(CC(=O)CCC)C3C(NCCC(C)C)=O)CCCC(N3CCOCC4)=O)C3)C2)C2CCC(CCCC)(CCC(NCCCCN3CCN(CC5CN(C(Cc5ccccc5)C(=O)O)CC4)=O)CC33)C,187.99
S1C(C(=O)NCC(c2ccc(F)cc2F)(C)C)NC(C(CCO)CC=C)=NC1CCCCC(CO)NS(=O)(=O)Cc1ccc(CCOCCC(=O)NC(C(O)=O)CCC(=O)N2C(C(CC)C(O)=O)CC2C(N2CCC(CCCC3CCC(NC(=O)C4C(C(=O)O)C3)C(O)CC4)=NC2)CCCC(=O)N2CCCC2C(=O)NC(CC(C)C)C(C(O)=O)C(=O)C1C(=O)*)=O,0,c1c(-c2cncc(N3CCC4(C3)CN(C(OC(C)(C)C)=O)C4)c2)ccc(F)c1,S1C(C(=O)NCC(c2ccc(F)cc2F)(C)C)NC(C(CCO)CC=C)=NC1CCCCC(CO)NS(=O)(=O)Cc1ccc(CCOCCC(=O)NC(C(O)=O)CCC(=O)N2C(C(CC)C(O)=O)CC2C(N2CCC(CCCC3CCC(NC(=O)C4C(C(=O)O)C3)C(O)CC4)=NC2)CCCC(=O)N2CCCC2C(=O)NC(CC(C)C)C(C(O)=O)C(=O)C1C(=O)*)=O,145.16
c1c(C#N)cc(-c2ccnc(N)c2)cc1C(=O)NC(C(N1CCC(C#N)CC1)CC(C)C)=O)C(C)(C)C#CCCOC(=O)CCC(C)(C)CC(O)=O,0,CC(C)(OC(=O)N1CC2(CN(c3cc(Br)cnc3)CC2)C1)C,c1c(C#N)cc(-c2ccnc(N)c2)cc1C(=O)NC(C(N1CCC(C#N)CC1)CC(C)C)=O)C(C)(C)C#CCCOC(=O)CCC(C)(C)CC(O)=O,56.87
C(CC(O)=O)n1nc(COC)c2nnc(CC)cc21)CC#Cc1cc(CN2CCC(CCCC(NCCCCC(=O)NCCC(NCCCCC(C(=O)NCC#C)CCO)=O)N)CC2)ccc1C(=O)NC(C(C)CC)C(=O)CCCC,0,CC(C)(OC(N1CC2(C1)CCN(c1cncc(C#Cc3ccccc3)c1)C2)=O)C,C(CC(O)=O)n1nc(COC)c2nnc(CC)cc21)CC#Cc1cc(CN2CCC(CCCC(NCCCCC(=O)NCCC(NCCCCC(C(=O)NCC#C)CCO)=O)N)CC2)ccc1C(=O)NC(C(C)CC)C(=O)CCCC,101.19
C1(C(=O)OC)C(c2c(-c3c(Cl)cnc(N4CC5(C3)CC5)c3)nn(CCO)c2)CC2C(C1)C2CS(=O)(=O)NC(C1CCC(C)CC1C#N)=O)OC1C(O)C(O)C(C(OC2C(O)C(O)C(O)C(C(O)=O)O2)=O)C1C#CCCC(=O)C(C(C)C)C(C)C(=O)NC(C(=O)O)CC(C)C,0,C1C(OCCCc2ccccc2)CN1c1cc(N2CC3(CN(C(OC(C)(C)C)=O)C3)CC2)cnc1,C1(C(=O)OC)C(c2c(-c3c(Cl)cnc(N4CC5(C3)CC5)c3)nn(CCO)c2)CC2C(C1)C2CS(=O)(=O)NC(C1CCC(C)CC1C#N)=O)OC1C(O)C(O)C(C(OC2C(O)C(O)C(O)C(C(O)=O)O2)=O)C1C#CCCC(=O)C(C(C)C)C(C)C(=O)NC(C(=O)O)CC(C)C,96.08
*C,0,C(CCCC)CC#Cc1cc(N2CC3(CC2)CN(C(=O)CCc2c4c([nH]c2)cccc4)C3)cnc1,*C,3.85
*C#CC#CC#CC#CC#CC#CC#CC#CC#CCC#CC#Cc1cc(C(C#C)NC(=O)CCCCC#CC#CC#CCCCCC(=O)NCCOCCNC(=O)CCC(C)=CC#CCCCC#C)cc(OC)c1OCCCCOc1nc(Br)nc(Cl)c1NC(=O)CCC#CC,0,c1c(C#CCCCCCC)cncc1N1CC2(CC1)CN(C(c1cc([N+](=O)[O-])cc([N+]([O-])=O)c1)=O)C2,O=C(CCC#CC)Nc1c(Cl)nc(Br)nc1OCCCCOc1c(OC)cc(C(C#C)NC(=O)CCCCC#CC#CC#CCCCCC(=O)NCCOCCNC(CCC(C)=CC#CCCCC#C)=O)cc1C#CC#CCC#CC#CC#CC#CC#CC#CC#CC#CC#C*,90.8
C1N(C(C)C)CCC(Cc2cc(F)cc(F)c2)(C(=O)N2CC(C#C)C(N(C)C(=O)c3cc(OC)c(C#Cc3ccccc3)CC(=O)NC(C)(C)C=C)C2)C1=CC(O)C(N)(C(F)(F)F)C(F)(F)F)CNCCOCCOCCOCCN(C)C(CCC(N)C(=O)NCC(C)C(=O)O)=O,0,C(N1CC2(C1)CCN(c1cc(C#CCCCCCC)cnc1)C2)(=O)c1cc2c(cc1[N+](=O)[O-])OCO2,C1N(C(C)C)CCC(Cc2cc(F)cc(F)c2)(C(=O)N2CC(C#C)C(N(C)C(=O)c3cc(OC)c(C#Cc3ccccc3)CC(=O)NC(C)(C)C=C)C2)C1=CC(O)C(N)(C(F)(F)F)C(F)(F)F)CNCCOCCOCCOCCN(C)C(CCC(N)C(=O)NCC(C)C(=O)O)=O,112.69
C#CCNC(=O)C(N)Cn1cncc1C1C(=O)NC(C(=O)N(C)C)C(N2CCN(C)C(=O)C2CCCCNC(CCCCN)C(=O)CCC(N)=O)CC1c1c(F)cc(F)cc1F,0,N1(C(c2cc3c(cc2)OCO3)=O)CC2(CCN(c3cc(C#CCCCCCC)cnc3)C2)C1,O=C1N(C)CCN(C2CC(c3c(F)cc(F)cc3F)C(C(=O)NC2C(=O)N(C)C)c3cncn3CC(C(=O)NCC#C)N)C1CCCCNC(CCCCN)C(CCC(N)=O)=O,74.68
C#CCNC(=O)CNC(=O)c1c(OCC(O)C(CO)(CO)C(=O)O)ccc(NS(=O)(=O)c2ccc(NC(=O)CC#C)cc2)c1O,0,N1(c2cncc(C#CCCCCCC)c2)CC2(CC1)CN(Cc1cc([N+]([O-])=O)cc([N+](=O)[O-])c1)C2,C(O)(C(CO)(C(O)=O)CO)COc1ccc(NS(=O)(=O)c2ccc(NC(CC#C)=O)cc2)c(O)c1C(=O)NCC(NCC#C)=O,51.28
CC(C)(C(OC#CCCCCC)=O)C(C(=O)N)NCCOc1cc2c(cc1C#N)N(C(CC#CC#C)CO)CC2C(=O)NC(C)C(NC(C)C(=O)CCC(N)=O)=O)C(NC(=O)OC(C)(C)C)Cc1cc(Br)c(OC(=O)CC)c(C#CCCCC#C)c1C(=O)NC1(C(=O)OC(C)(C)C)CCC(CCC#C)C1NC(c1c(Cl)cc(C#CCOC(=O)NC2CC2)nc1OC)=O,0,O=C(OC(C)(C)C)N1CC2(CCN(c3cc(N4CC(OCCCCCC)C4)cnc3)C2)C1,CC(C)(C(OC#CCCCCC)=O)C(C(=O)N)NCCOc1cc2c(cc1C#N)N(C(CC#CC#C)CO)CC2C(=O)NC(C)C(NC(C)C(=O)CCC(N)=O)=O)C(NC(=O)OC(C)(C)C)Cc1cc(Br)c(OC(=O)CC)c(C#CCCCC#C)c1C(=O)NC1(C(=O)OC(C)(C)C)CCC(CCC#C)C1NC(c1c(Cl)cc(C#CCOC(=O)NC2CC2)nc1OC)=O,137.44
C#CCCc1csc(C(=O)NCC(=O)NC(Cc2cc(F)c(C(=O)NC(CCC(=O)NC(CCC(=O)C3CCCN3C(=O)CCC(=O)N(C)CC(=O)N(C)CC(=O)NC(CNC(=O)CCC(=O)NC(C)(C=CC=C)CCCC(C)CNC(C)(C(=O)Nc3cc(CCC(C(=O)O)C(=O)O)sc3C(=O)OC)C(C)C)C(=O)O)C(N)=O)C(=O)O)c(CCC(C)CC(=O)O)c2CCC(C)C)C(=O)O)c1C,0,c1(C(N2CC3(C2)CCN(c2cc(C#Cc4ccccc4)cnc2)C3)=O)cc([N+](=O)[O-])cc([N+]([O-])=O)c1,C(C)(C=CC=C)(CCCC(C)CNC(C)(C(C)C)C(=O)Nc1c(C(=O)OC)sc(CCC(C(O)=O)C(O)=O)c1)NC(=O)CCC(=O)NCC(C(=O)O)NC(=O)CN(C)C(=O)CN(C)C(=O)CCC(=O)N1CCCC1C(=O)CCC(C(N)=O)NC(=O)CCC(C(=O)O)NC(=O)c1c(F)cc(CC(C(=O)O)NC(CNC(c2c(C)c(CCC#C)cs2)=O)=O)c(CCC(C)C)c1CCC(C)C(C(=O)O),133.32
C#CCOCCOCCCOc1cc(CCCOc2c(Cl)cc(CC(O)C(=O)NC3CCC(C(O)CN)C3OCC(N)C(O)C(O)C(O)C=C)c(=O)cc2C#N)c(OCCCOCC2C(CNC(=O)c3cnc(SC)nc3N)C(C(=O)N3CCC(CN(C)C)C3)CC2N(C)C2CC3CCOC32)cc1CC(CC(=O)C(N)CC(C)C)N(C)C,0,c1(N2CC3(CNC3)CC2)cncc(C#Cc2ccccc2)c1,c1nc(SC)nc(N)c1C(=O)NCC1C(C(N2CC(CN(C)C)CC2)=O)CC(N(C2CC3CCOC32)C)C1COCCCOc1cc(CC(N(C)C)CC(=O)C(N)CC(C)C)c(OCCCOCCOCC#C)cc1CCCOc1c(Cl)cc(CC(O)C(=O)NC2C(OCC(N)C(O)C(O)C(C=C)O)C(C(O)CN)CC2)c(=O)cc1C#N,151.35
C(=O)(OC(C)(C)C)n1c2c(cc1CC)CCN(S(=O)(=O)c1cc(OC)c(OC)cc1)C2CCC(=O)N1C(C(=O)OC)CC2C1C(C(=O)NCC(C(OC)=O)CCCC)N(c1ccc(C=CCCCC(=O)O)cc1C(OCCC(N1CC(C(=O)OC)C(O)C1O)=O)C2C(=O)CCCCC(NCC1CCC(CCC(N)=O)CC1)=O)C(O)COCC(C([N+](=O)[O-])Cc1ccc(OCCOCCCC)cc1)C(=O)C(C(C)CC)NC(,0,C1CN(c2nc(Br)ccc2)CC12CN(C(=O)OC(C)(C)C)C2,C(=O)(OC(C)(C)C)n1c2c(cc1CC)CCN(S(=O)(=O)c1cc(OC)c(OC)cc1)C2CCC(=O)N1C(C(=O)OC)CC2C1C(C(=O)NCC(C(OC)=O)CCCC)N(c1ccc(C=CCCCC(=O)O)cc1C(OCCC(N1CC(C(=O)OC)C(O)C1O)=O)C2C(=O)CCCCC(NCC1CCC(CCC(N)=O)CC1)=O)C(O)COCC(C([N+](=O)[O-])Cc1ccc(OCCOCCCC)cc1)C(=O)C(C(C)CC)NC(,166.73
CCCC(=O)NC(C)(Cc1c(Cl)ccc(CC(=O)N2C(=O)N(C(C)(C)C)CC2Cc2noc(C3CC3)n2)c1CCC(=O)NCC(NC(=O)OC(C)(C)C)C(N)=O)C1CC1,0,c1c(-c2cncc(N3CCC4(C3)CN(C(OC(C)(C)C)=O)C4)c2)ccc(F)c1,C(c1noc(C2CC2)n1)C1CN(C(C)(C)C)C(=O)N1C(=O)Cc1ccc(Cl)c(CC(C)(NC(=O)CCC)C2CC2)c1CCC(=O)NCC(C(N)=O)NC(=O)OC(C)(C)C,57.19
CCOC(=O)C1CC(CCNC(=O)OC(C)(C)C(NC(CC2CCC(CCCC(=O)N3CCC(C#N)C3)(C(N)=O)CN2C(=O)OC(C)(C)C)C(=O)NC(C(C)C)C(O)CCc2cc(CNC(C)C(O)CC(C)(C)C)nn2CCCCC(=O)NCC(C(=O)O)C(C)C)c2ccccc2)n2c1nc(C)cc2=O,0,CC(C)(OC(=O)N1CC2(CN(c3cc(Br)cnc3)CC2)C1)C,CC(OC(=O)NCCC1n2c(=O)cc(C)nc2C(C(OCC)=O)C1)(C)C(c1ccccc1)NC(CC1N(C(OC(C)(C)C)=O)CC(C(=O)N)(CCCC(N2CCC(C#N)C2)=O)CC1)C(=O)NC(C(C)C)C(O)CCc1cc(CNC(C)C(CC(C)(C)C)O)nn1CCCCC(=O)NCC(C(=O)O)C(C)C,117.5
C1C2(CCOC1)CN(c1cc(F)ccc1-c1cn3nc(*)nc3sc1C)C2,0,CC(C)(OC(N1CC2(C1)CCN(c1cncc(C#Cc3ccccc3)c1)C2)=O)C,C1C2(CCOC1)CN(c1cc(F)ccc1-c1cn3nc(*)nc3sc1C)C2,35.01
C1CC12CC2CNc1ncc(Br)c(CNC(=O)CC)n1-c1c(F)cc(C)c(F)c1CC(=O)N1CC(CCCCC)C1C(=O)CNC(=O)C(C)(C)C1CC1C(O)=O)(O)CCCC)CCCC#CC#CC1(O)CC2C(C2)C1C(O)=O,0,C1C(OCCCc2ccccc2)CN1c1cc(N2CC3(CN(C(OC(C)(C)C)=O)C3)CC2)cnc1,C1CC12CC2CNc1ncc(Br)c(CNC(=O)CC)n1-c1c(F)cc(C)c(F)c1CC(=O)N1CC(CCCCC)C1C(=O)CNC(=O)C(C)(C)C1CC1C(O)=O)(O)CCCC)CCCC#CC#CC1(O)CC2C(C2)C1C(O)=O,86.36
*C#CC#CCOCCOCCOC#CC#CCC(=O)NC(CC(C)C)C(=O)Nc1c(OCCC(C)C(N)CC#CCNC(=O)C(Cc2ccc(O)cc2)N(C)C(=O)CC(CNC(=O)C(CSCC#N)NC(=O)C(NC(CO)C(N)=O)C(CC)CC)C(N)=O)cc(NC(=O)CC#C)cc1C(C)(C)C(=O)O,0,C(CCCC)CC#Cc1cc(N2CC3(CC2)CN(C(=O)CCc2c4c([nH]c2)cccc4)C3)cnc1,C(C(N)=O)(CO)NC(C(CC)CC)C(=O)NC(CSCC#N)C(=O)NCC(C(N)=O)CC(=O)N(C)C(Cc1ccc(O)cc1)C(=O)NCC#CCC(N)C(C)CCOc1cc(NC(CC#C)=O)cc(C(C(O)=O)(C)C)c1NC(C(CC(C)C)NC(=O)CC#CC#COCCOCCOCC#CC#C*)=O,105.58
*C#CCCCCCC#CC#CC#CC#CC#Cc1c(N(CC)CCCNCC#CC(C#CCC)C(F)(F)F)ccnc1OCC1CC1,0,c1c(C#CCCCCCC)cncc1N1CC2(CC1)CN(C(c1cc([N+](=O)[O-])cc([N+]([O-])=O)c1)=O)C2,C(C(F)(F)F)(C#CCC)C#CCNCCCN(CC)c1ccnc(OCC2CC2)c1C#CC#CC#CC#CC#CCCCCCC#C*,51.73
*CC(C)C,0,C(N1CC2(C1)CCN(c1cc(C#CCCCCCC)cnc1)C2)(=O)c1cc2c(cc1[N+](=O)[O-])OCO2,*CC(C)C,6.67
O=C(C)N1CCN(c2ccc(OC)c(C3CCN(CCS(NC(=O)CCC(N)C(=O)O)(=O)=O)CC3)c2)CC1C(NC(C(=O)O)CCCCN)=O)OCCN1CCC(C(=O)NC(C(=O)NCC#C)CCCCN)CC1C(NC(CC(C)C)C(N1CC(C(=O)O)CCC1)=O)=O,0,N1(C(c2cc3c(cc2)OCO3)=O)CC2(CCN(c3cc(C#CCCCCCC)cnc3)C2)C1,O=C(C)N1CCN(c2ccc(OC)c(C3CCN(CCS(NC(=O)CCC(N)C(=O)O)(=O)=O)CC3)c2)CC1C(NC(C(=O)O)CCCCN)=O)OCCN1CCC(C(=O)NC(C(=O)NCC#C)CCCCN)CC1C(NC(CC(C)C)C(N1CC(C(=O)O)CCC1)=O)=O,79.52
CC(C)C(N)C(=O)NC(C(=O)N)CC(=O)NCC(C)C(C(=O)N)OCCOCCOCCNC(C)=O)C(C(C)C)NC(OC)=O)C(NCC#C)=O,0,N1(c2cncc(C#CCCCCCC)c2)CC2(CC1)CN(Cc1cc([N+]([O-])=O)cc([N+](=O)[O-])c1)C2,CC(C)C(N)C(=O)NC(C(=O)N)CC(=O)NCC(C)C(C(=O)N)OCCOCCOCCNC(C)=O)C(C(C)C)NC(OC)=O)C(NCC#C)=O,49.75
*CC(O)(CC1=CCC(CCC#CC2C3CC4CC2CC(C(=O)OCC#CCSCCC2CC(CCC(O)(C=CC)C(F)(F)F)CCC2NC(=O)C2C5CC(CN5c5ccc6nc(C)n(CC7CC7)c6n5)N2c2nc(OC)nc(Cl)c2C#CCNC(=O)n2cc(OC)c(C#N)n2)(C4)C3)C(CCCC)C(C)C#C1)C(F)(F)F,0,O=C(OC(C)(C)C)N1CC2(CCN(c3cc(N4CC(OCCCCCC)C4)cnc3)C2)C1,c1cc2nc(C)n(CC3CC3)c2nc1N1C2CC(C1)N(c1nc(OC)nc(Cl)c1C#CCNC(=O)n1nc(C#N)c(OC)c1)C2C(=O)NC1CCC(CCC(O)(C(F)(F)F)C=CC)CC1CCSCC#CCOC(=O)C12CC3CC(C1)CC(C2)C3C#CCCC1CC=C(C#CC(C)C1CCCC)CC(C(F)(F)F)(O)C*,129.56
*CCC(NC(=O)C(C)OC(=O)NC(Cc1cnc[nH]1)C(C(=O)NC(Cc1ccc(F)cc1)C(=O)NC(CC(=O)O)C(=O)NCCNC(=O)CCC(=O)NCC(CCCCC(=O)OC1CCC(C(C)C)C(OC(=O)CCC)C1)C(=O)NC(CC(C)C)C(=O)OCC)C(=O)OC)C(=O)OC,0,c1(C(N2CC3(C2)CCN(c2cc(C#Cc4ccccc4)cnc2)C3)=O)cc([N+](=O)[O-])cc([N+]([O-])=O)c1,CC(OC(=O)NC(Cc1cnc[nH]1)C(C(OC)=O)C(=O)NC(Cc1ccc(F)cc1)C(=O)NC(CC(=O)O)C(=O)NCCNC(=O)CCC(=O)NCC(C(NC(CC(C)C)C(=O)OCC)=O)CCCCC(OC1CCC(C(C)C)C(OC(CCC)=O)C1)=O)C(=O)NC(CC*)C(=O)OC,96.65
Cc1cc(C)c(S(=O)(=O)N2CCCC(C(=O)O)C2)c(C)c1NC(=O)CCC=CCCCC(O)(CNC(=O)CCC(NC(=O)C(F)(F)F)C(O)CCC=C1NC(C(=O)NC2CCCC2C(=O)NS(=O)(=O)C(C)C)=CC(Cl)=C1c1cncc(Cl)c1)C(F)(F)F,0,c1(N2CC3(CNC3)CC2)cncc(C#Cc2ccccc2)c1,c1(-c2cncc(Cl)c2)c(Cl)cc(C(NC2C(C(=O)NS(=O)(=O)C(C)C)CCC2)=O)[nH]c1=CCCC(O)C(NC(=O)C(F)(F)F)CCC(NCC(C(F)(F)F)(O)CCCC=CCCC(=O)Nc1c(C)cc(C)c(S(=O)(=O)N2CC(C(=O)O)CCC2)c1C)=O,96.81
CCCC(=O)N(C)C1CCC2C1CN(C(=O)C(C(O)C(CCC(NC(=O)C(Cc1ncc(Cl)cc1C(=O)O)NC(=O)C1CC1c1c(CCC)c(-c3ccc(=O)n(C)c3)cc3c(OC)nnn13)C(=O)O)C(=O)NC(CO)CC(C)C)N1C3CCC1C(=O)C(CCC(C)C)C3)C2C(=O)N(C)CC(C)C(CC(C)C)NC(=O)CC,0,C1CN(c2nc(Br)ccc2)CC12CN(C(=O)OC(C)(C)C)C2,n12c(c(OC)nn1)cc(-c1ccc(=O)n(C)c1)c(CCC)c2C1CC1C(=O)NC(Cc1ncc(Cl)cc1C(O)=O)C(=O)NC(C(O)=O)CCC(C(NC(CC(C)C)CO)=O)C(O)C(N1C2CCC1CC(CCC(C)C)C2=O)C(=O)N1CC2C(CCC2N(C(=O)CCC)C)C1C(=O)N(C)CC(C)C(NC(=O)CC)CC(C)C,133.64
c1(-c2onc(C(C)(C)N3CCC(O)(C)CC3)n2)c(F)cc(F)c(CC(=O)N2CC3(CN(CC(O)C3C(F)(F)F)C3)OC2C(F)(F)F)c1CCC1CCC(CCC(OC)=O)CC1C1C(=O)NOC1C(=O)C#CCCCCC(=O)N(C)CCC1CC1(C(C#CC)C(O)=O)COc1c(C=CCCC(=O)O)cc(F)c(CCOc2ccc(CC(C(=O)O)(C)C)cc2CCCC#C)c1CCCC(=O)NCCCCC(C(=O)O)C#N,0,c1c(-c2cncc(N3CCC4(C3)CN(C(OC(C)(C)C)=O)C4)c2)ccc(F)c1,c1(-c2onc(C(C)(C)N3CCC(O)(C)CC3)n2)c(F)cc(F)c(CC(=O)N2CC3(CN(CC(O)C3C(F)(F)F)C3)OC2C(F)(F)F)c1CCC1CCC(CCC(OC)=O)CC1C1C(=O)NOC1C(=O)C#CCCCCC(=O)N(C)CCC1CC1(C(C#CC)C(O)=O)COc1c(C=CCCC(=O)O)cc(F)c(CCOc2ccc(CC(C(=O)O)(C)C)cc2CCCC#C)c1CCCC(=O)NCCCCC(C(=O)O)C#N,169.48
CC1CN(S(=O)(=O)NC(Cc2ccc(Cl)cc2)C(=O)N)C(=O)C1CCCCn1cc(COC(CC)(CC)C(NC)=O)nn1)C=CC(=O)OCc1ccccc1,0,CC(C)(OC(=O)N1CC2(CN(c3cc(Br)cnc3)CC2)C1)C,CC1CN(S(=O)(=O)NC(Cc2ccc(Cl)cc2)C(=O)N)C(=O)C1CCCCn1cc(COC(CC)(CC)C(NC)=O)nn1)C=CC(=O)OCc1ccccc1,65.91
FC(F)(c1cc(C(F)(F)F)cc(CC(C(=O)NC)NC(=O)CCCC(C(N)=O)NC(=O)c2ccc(CCCCC#C)cc2CNC(=O)C(CCC(F)C(=O)O)(C(F)(F)F)OC(=O)CCCC#CC#CCC(C)C(=O)CCC(=O)O)c1CC(NC(COCc1ccccc1)C(NCCCCC(C(N)=O)NC(CCCNC(=O)CCC(=O)NCC(NCCOCCOCCOCCNC(=O)c1ccc(CCCC(C(=O)NCCCCC)=O)cc1)=O)=O)C,0,CC(C)(OC(N1CC2(C1)CCN(c1cncc(C#Cc3ccccc3)c1)C2)=O)C,FC(F)(c1cc(C(F)(F)F)cc(CC(C(=O)NC)NC(=O)CCCC(C(N)=O)NC(=O)c2ccc(CCCCC#C)cc2CNC(=O)C(CCC(F)C(=O)O)(C(F)(F)F)OC(=O)CCCC#CC#CCC(C)C(=O)CCC(=O)O)c1CC(NC(COCc1ccccc1)C(NCCCCC(C(N)=O)NC(CCCNC(=O)CCC(=O)NCC(NCCOCCOCCOCCNC(=O)c1ccc(CCCC(C(=O)NCCCCC)=O)cc1)=O)=O)C,127.76
*N1CCCC1C(N)=O,0,C1C(OCCCc2ccccc2)CN1c1cc(N2CC3(CN(C(OC(C)(C)C)=O)C3)CC2)cnc1,*N1C(C(=O)N)CCC1,10.74
C(C(CC)C(O)=O)CN1CCC(CCCCC)CC1CNC(C)=O)CC(NC(CC)=O)C(O)C(C#N)C*,0,C(CCCC)CC#Cc1cc(N2CC3(CC2)CN(C(=O)CCc2c4c([nH]c2)cccc4)C3)cnc1,C(C(CC)C(O)=O)CN1CCC(CCCCC)CC1CNC(C)=O)CC(NC(CC)=O)C(O)C(C#N)C*,56.36
C#CCNC(=O)CC(C(=O)O)Cc1cc(F)c(F)c(OCCCC#C)c1C#CC#CCCCC#CC#CC#CC#CC#CC#CC#CC#CC#CCC#CC#CC(C)=CCCC(C)=CC(=O)OCCOCCN(C)C(Cc1cc(OC)c(OC)c(OC)c1)=O)C#CCCC#CC#CC#CC#CC#CC#CC#CC#C|C(#C)CCOC(CC(C#C)(C)C)=O,0,c1c(C#CCCCCCC)cncc1N1CC2(CC1)CN(C(c1cc([N+](=O)[O-])cc([N+]([O-])=O)c1)=O)C2,C#CCNC(=O)CC(C(=O)O)Cc1cc(F)c(F)c(OCCCC#C)c1C#CC#CCCCC#CC#CC#CC#CC#CC#CC#CC#CC#CCC#CC#CC(C)=CCCC(C)=CC(=O)OCCOCCN(C)C(Cc1cc(OC)c(OC)c(OC)c1)=O)C#CCCC#CC#CC#CC#CC#CC#CC#CC#C|C(#C)CCOC(CC(C#C)(C)C)=O,94.74
C#CCCCC(=O)NC(C#N)CCCCNC(=O)NC(CC(=O)O)Cc1ccc(OCC(O)C(NC(=O)C(C(CC)N(C)CC#CC#CC(N)(CCCCNC(=O)c2ncccc2NC(=O)CCC(=O)OCC(C)(C#N)c2cccnc2)C(=O)O)N2CCC(CC(=O)O)C2)C(=O)O)cc1,0,C(N1CC2(C1)CCN(c1cc(C#CCCCCCC)cnc1)C2)(=O)c1cc2c(cc1[N+](=O)[O-])OCO2,c1ncccc1C(C)(C#N)COC(=O)CCC(=O)Nc1cccnc1C(=O)NCCCCC(C(O)=O)(N)C#CC#CCN(C)C(CC)C(N1CCC(CC(O)=O)C1)C(=O)NC(C(=O)O)C(O)COc1ccc(CC(CC(=O)O)NC(=O)NCCCCC(C#N)NC(=O)CCCC#C)cc1,109.65
C1C(CC)CN(C2CCN(C(=O)C)CC2)CC1C(=O)NC(C(C)C)C(N1C(C(=O)NC2CC2)CN(C(CCCCN)C(=O)N2CCC(CCCC(=O)N)CC2)C1)CC(NC(C(C)(C)C)C(=O)N)=O)C#N,0,N1(C(c2cc3c(cc2)OCO3)=O)CC2(CCN(c3cc(C#CCCCCCC)cnc3)C2)C1,C1C(CC)CN(C2CCN(C(=O)C)CC2)CC1C(=O)NC(C(C)C)C(N1C(C(=O)NC2CC2)CN(C(CCCCN)C(=O)N2CCC(CCCC(=O)N)CC2)C1)CC(NC(C(C)(C)C)C(=O)N)=O)C#N,68.78
COC(OC)CNC(C1(c2ccccc2)CCN(C(CCC(O)(C(C(=O)O)O)(C)CO)=O)CC1)CS(=O)(CC#CC#CC#CC#CCCCCC)CNC(CCC(C)C)=O,0,N1(c2cncc(C#CCCCCCC)c2)CC2(CC1)CN(Cc1cc([N+]([O-])=O)cc([N+](=O)[O-])c1)C2,COC(OC)CNC(C1(c2ccccc2)CCN(C(CCC(O)(C(C(=O)O)O)(C)CO)=O)CC1)CS(=O)(CC#CC#CC#CC#CCCCCC)CNC(CCC(C)C)=O,66.54
CC#CC#CC#CC1=C2C3=C(N(C4CC4)N=NC3=C(Nc3ccnc(NC)n3)N=C1C)C(C)(C)C2NC(=O)CCCC(NC(=O)CCCCc1onc(CCCC#Cc2ccc(CCC(=O)NC(C(=O)O)C(CCCC(N)=O)NC(=O)CCCCN3CCC(NC(C)=O)C3)cc2)c1CCCC(F)(F)F)C(=O)N1CC2CC1C2,0,O=C(OC(C)(C)C)N1CC2(CCN(c3cc(N4CC(OCCCCCC)C4)cnc3)C2)C1,C1CC1n1nnc2c(Nc3ccnc(NC)n3)nc(C)c(C#CC#CC#CC)c3c2c1C(C)(C)C3NC(=O)CCCC(C(=O)N1CC2CC1C2)NC(=O)CCCCc1onc(CCCC#Cc2ccc(CCC(=O)NC(C(CCCC(N)=O)NC(=O)CCCCN3CCC(NC(=O)C)C3)C(=O)O)cc2)c1CCCC(F)(F)F,111.68
*C(C)C,0,c1(C(N2CC3(C2)CCN(c2cc(C#Cc4ccccc4)cnc2)C3)=O)cc([N+](=O)[O-])cc([N+]([O-])=O)c1,*C(C)C,3.95
C1(C(NC2(c3ncc(Cl)nc3OC)CC2)=O)C(C(=O)N2CC(C)NC(C)C2)C(CC(C)C)CN1S(=O)(Nc1c(Cl)ncc(C#CC)c1)=O)CS(C)(=O)=O,0,c1(N2CC3(CNC3)CC2)cncc(C#Cc2ccccc2)c1,C1(C(NC2(c3ncc(Cl)nc3OC)CC2)=O)C(C(=O)N2CC(C)NC(C)C2)C(CC(C)C)CN1S(=O)(Nc1c(Cl)ncc(C#CC)c1)=O)CS(C)(=O)=O,63.61
c1c(C2(C(=O)N(C)C)CC2)ccc(C)c1N1CC2(CC2)CN1C(CCC1CC1)=O)OCC1CC1C(O)=O,0,C1CN(c2nc(Br)ccc2)CC12CN(C(=O)OC(C)(C)C)C2,c1c(C2(C(=O)N(C)C)CC2)ccc(C)c1N1CC2(CC2)CN1C(CCC1CC1)=O)OCC1CC1C(O)=O,40.96
C(O)(=O)C1CC2CC1CC2C(F)(F)CN1C(=O)C(CC)N(C(OC(C)(C)C)=O)C(=O)C1CCCCC#N)NC(=O)OC(C)(C)C)Cc1nnn(-c2ccc(CCC(=O)NCCCCC(=O)O)cc2)c1C(CC)CCC#C,0,c1c(-c2cncc(N3CCC4(C3)CN(C(OC(C)(C)C)=O)C4)c2)ccc(F)c1,C(O)(=O)C1CC2CC1CC2C(F)(F)CN1C(=O)C(CC)N(C(OC(C)(C)C)=O)C(=O)C1CCCCC#N)NC(=O)OC(C)(C)C)Cc1nnn(-c2ccc(CCC(=O)NCCCCC(=O)O)cc2)c1C(CC)CCC#C,84.64
c1c(Cc2oc(C(=O)N(C)C)nc2)ccc(OC)c1NC(=O)Cn1cc(C(O)C(C)C)nn1)CCCCOc1ccc(CC(C(C(=O)N)O)OC(C)=O)cc1CCCOC(=O)C(C)(C)C,0,CC(C)(OC(=O)N1CC2(CN(c3cc(Br)cnc3)CC2)C1)C,c1c(Cc2oc(C(=O)N(C)C)nc2)ccc(OC)c1NC(=O)Cn1cc(C(O)C(C)C)nn1)CCCCOc1ccc(CC(C(C(=O)N)O)OC(C)=O)cc1CCCOC(=O)C(C)(C)C,69.23
CC(=O)NCC#Cc1ccc(OCCCc2ccc(C#CC#Cc3c(C(C)C)n[nH]c3S(=O)(=O)C3(CN)CC3)c(C(COC(=O)CCCCC#CCCCC(N)=O)NCCO)c2)cc1,0,CC(C)(OC(N1CC2(C1)CCN(c1cncc(C#Cc3ccccc3)c1)C2)=O)C,S(C1(CN)CC1)(=O)(=O)c1[nH]nc(C(C)C)c1C#CC#Cc1ccc(CCCOc2ccc(C#CCNC(C)=O)cc2)cc1C(NCCO)COC(=O)CCCCC#CCCCC(N)=O,79.28
*C12CC3CC(CC(C3)C1)C2,0,C1C(OCCCc2ccccc2)CN1c1cc(N2CC3(CN(C(OC(C)(C)C)=O)C3)CC2)cnc1,*C12CC3CC(CC(C3)C1)C2,8.23
*CCN1CCN(CC=Cc2c(C#CCN3CCN(C)CC3)c(C(C)C)cc(NC(=O)C(C)(C)C#N)c2OC)CC1,0,C(CCCC)CC#Cc1cc(N2CC3(CC2)CN(C(=O)CCc2c4c([nH]c2)cccc4)C3)cnc1,C1CN(C)CCN1CC#Cc1c(C(C)C)cc(NC(=O)C(C#N)(C)C)c(OC)c1C=CCN1CCN(CC*)CC1,40.54
C(CCC(=O)O)(=O)CCC(NC(C(=O)N)CC(C)C)C(O)C(NC(C(F)(F)F)=O)C(C)CC#CC#CCC(N)C(C)C(C(C)C)NC(CC1CCCC1)C(=O)NCCC(=O)NC(C(=O)O)CCC(O)=O)CC#CC#Cc1c(-c2cc(C#N)ccc2)cc(C#CCCC#C)cc1C(=O)OCCOC(=O)C(C)(C)C#CC#CCCCCCC,0,c1c(C#CCCCCCC)cncc1N1CC2(CC1)CN(C(c1cc([N+](=O)[O-])cc([N+]([O-])=O)c1)=O)C2,C(CCC(=O)O)(=O)CCC(NC(C(=O)N)CC(C)C)C(O)C(NC(C(F)(F)F)=O)C(C)CC#CC#CCC(N)C(C)C(C(C)C)NC(CC1CCCC1)C(=O)NCCC(=O)NC(C(=O)O)CCC(O)=O)CC#CC#Cc1c(-c2cc(C#N)ccc2)cc(C#CCCC#C)cc1C(=O)OCCOC(=O)C(C)(C)C#CC#CCCCCCC,117.14
CC(C)(C)OC(=O)N1CCN(c2ncc(CC(C)(C(C)C)C#N)c(N(C(C)C)CCCN(C)C)n2)CC1CNC(C)=O)OCC1CC1C(CCCCN(C)C)CCOc1ccc(C#CCN(C)C)cc1CC(=O)OCCOCCOCCNC(C(C)C)=O,0,C(N1CC2(C1)CCN(c1cc(C#CCCCCCC)cnc1)C2)(=O)c1cc2c(cc1[N+](=O)[O-])OCO2,CC(C)(C)OC(=O)N1CCN(c2ncc(CC(C)(C(C)C)C#N)c(N(C(C)C)CCCN(C)C)n2)CC1CNC(C)=O)OCC1CC1C(CCCCN(C)C)CCOc1ccc(C#CCN(C)C)cc1CC(=O)OCCOCCOCCNC(C(C)C)=O,94.37
C#CCCCC(=O)N(C)C(CNC(=O)CCC(=O)NC(NC(CC1CCCCC1)C(=O)NCC(C(C)C)C(C)C(=O)NC(C)CC)C(C)CCNC(=O)C(C(C)C)C(O)C(C)NC(=O)C(CC#C)NC(=O)C(C)(C)OC(=O)NCC(Cc1ccccc1)C(C1CC(C(N)=O)(C(N)=O)NC1=O)N1CC(C(N)=O)C(C(=O)NCC2CCC(CC(=O)NCC#C)CC2)N1)C(N)=O,0,N1(C(c2cc3c(cc2)OCO3)=O)CC2(CCN(c3cc(C#CCCCCCC)cnc3)C2)C1,N1C(C(=O)N)(C(=O)N)CC(C(N2CC(C(N)=O)C(C(=O)NCC3CCC(CC(=O)NCC#C)CC3)N2)C(Cc2ccccc2)CNC(=O)OC(C)(C)C(=O)NC(CC#C)C(=O)NC(C)C(O)C(C(C)C)C(=O)NCCC(C)C(NC(CC2CCCCC2)C(NCC(C(C)C)C(C)C(NC(CC)C)=O)=O)NC(=O)CCC(NCC(C(N)=O)N(C)C(=O)CCCC#C)=O)C1=O,131.46
C(N)(=N)c1cc(C#CC#CC#CC)cc(NC(=O)CCCC#C)c1C#CCCCC(=O)OCCOCCOCCOCCOCCNC(=O)CCC(NC(=O)C)C(=O)NC(C)C(=O)NC(C(O)=O)CCC(N)=O)OCCOCC#CC#CC#CC#CC#CC#CC#CC#CC#CC(O)(C)CCCC(C)C(=O)NCCNC(CCC(C(=O)O)N)=O)CCC(=O)NCC#C,0,N1(c2cncc(C#CCCCCCC)c2)CC2(CC1)CN(Cc1cc([N+]([O-])=O)cc([N+](=O)[O-])c1)C2,C(N)(=N)c1cc(C#CC#CC#CC)cc(NC(=O)CCCC#C)c1C#CCCCC(=O)OCCOCCOCCOCCOCCNC(=O)CCC(NC(=O)C)C(=O)NC(C)C(=O)NC(C(O)=O)CCC(N)=O)OCCOCC#CC#CC#CC#CC#CC#CC#CC#CC#CC(O)(C)CCCC(C)C(=O)NCCNC(CCC(C(=O)O)N)=O)CCC(=O)NCC#C,85.19
c1cc2nc(C)oc2c(-c2ccc(OCC)c(F)c2)c1C#N)CC1CN(C(=O)OC(C)(C)C)CC1C(N1CCN(C(=O)C=Cc2ccc(OCCCCOc3c(C#N)cc(Cl)cc3)cc2)CC1C(=O)C(F)(F)F)C(C)CN*,0,O=C(OC(C)(C)C)N1CC2(CCN(c3cc(N4CC(OCCCCCC)C4)cnc3)C2)C1,c1cc2nc(C)oc2c(-c2ccc(OCC)c(F)c2)c1C#N)CC1CN(C(=O)OC(C)(C)C)CC1C(N1CCN(C(=O)C=Cc2ccc(OCCCCOc3c(C#N)cc(Cl)cc3)cc2)CC1C(=O)C(F)(F)F)C(C)CN*,85.18
C(C(=O)N)SCC(=O)Nc1c(Cl)c(C)c(C#N)c(N)c1C(NC(C(C)C)C(NC(C(=O)O)CCCCN)=O)C(O)CNC(=O)CCC(C(S)(C)C)NC(CCCCC(N)=O)=O)C(=O)NC(CC(C)C)C(O)=O,0,c1(C(N2CC3(C2)CCN(c2cc(C#Cc4ccccc4)cnc2)C3)=O)cc([N+](=O)[O-])cc([N+]([O-])=O)c1,C(C(=O)N)SCC(=O)Nc1c(Cl)c(C)c(C#N)c(N)c1C(NC(C(C)C)C(NC(C(=O)O)CCCCN)=O)C(O)CNC(=O)CCC(C(S)(C)C)NC(CCCCC(N)=O)=O)C(=O)NC(CC(C)C)C(O)=O,71.15
*CCCCC(O)C(Cc1ccccc1)NC(=O)C(N)CCC(=O)NC(CCC#CCC1CN(C(=O)c2ccc(F)c(F)n2)CCC1(CCC)c1nc(N2CC(C)(O)C(F)C2C)ncc1CO)C(N)=O,0,c1(N2CC3(CNC3)CC2)cncc(C#Cc2ccccc2)c1,c1(CO)cnc(N2C(C)C(F)C(O)(C)C2)nc1C1(CCC)CCN(C(=O)c2nc(F)c(F)cc2)CC1CC#CCCC(C(N)=O)NC(=O)CCC(N)C(=O)NC(Cc1ccccc1)C(O)CCCC*,81.82
C1CC1Oc1ncnc(N2CCC(C(=O)NC3CC3)(C#N)CC2)c1-c1ccc(NC(=O)CCC(O)=O)c(C#Cc2ccc(C#CCCCCO[N+](=O)[O-])cc2)c1CCN1CCN(CCC)C(=O)C1(c1ccc(F)cc1)CCCN(C)CC(C(F)(F)F)(O)CCN(C1CC1)CC(O)(C(F)(F)F)C(O)COc1ccc(C#CCN(C)C)cc1CCCN1CCC(C(NC(C)C)=O)C1C(=O)NCCCC(=O)N1CC(N2C(=O)CCC2)C,0,C1CN(c2nc(Br)ccc2)CC12CN(C(=O)OC(C)(C)C)C2,C1CC1Oc1ncnc(N2CCC(C(=O)NC3CC3)(C#N)CC2)c1-c1ccc(NC(=O)CCC(O)=O)c(C#Cc2ccc(C#CCCCCO[N+](=O)[O-])cc2)c1CCN1CCN(CCC)C(=O)C1(c1ccc(F)cc1)CCCN(C)CC(C(F)(F)F)(O)CCN(C1CC1)CC(O)(C(F)(F)F)C(O)COc1ccc(C#CCN(C)C)cc1CCCN1CCC(C(NC(C)C)=O)C1C(=O)NCCCC(=O)N1CC(N2C(=O)CCC2)C,150.62
*CCC(=O)NCC(=O)C(CCC(=O)O)NC(=O)CCCC1CCN(C(=O)C2C(C(=O)O)=C(CCC(N)=O)CN2C(=O)C2NC(COC(=O)NC3(C#N)CC3)CC2Oc2ncnc3c(C(F)(F)F)cn(C)c23)CC1,0,c1c(-c2cncc(N3CCC4(C3)CN(C(OC(C)(C)C)=O)C4)c2)ccc(F)c1,Cn1c2c(c(C(F)(F)F)c1)ncnc2OC1CC(COC(=O)NC2(C#N)CC2)NC1C(N1CC(CCC(=O)N)=C(C(=O)O)C1C(=O)N1CCC(CCCC(=O)NC(CCC(=O)O)C(=O)CNC(CC*)=O)CC1)=O,76.21
*Cc1ccccc1,0,CC(C)(OC(=O)N1CC2(CN(c3cc(Br)cnc3)CC2)C1)C,*Cc1ccccc1,6.39
O=S(c1cnc(N)cc1)(=O)CCC(N1Cc2cccc(C#Cc3cc(S(=O)(CCC#C)=O)cc(CCCC#N)c3CCCCOC(CCC(C(C)C)C(=O)OCC)=O)c2C1=O)C(=O)NCCNC(C)C(=O)NC(CCC(O)=O)C(NCCCCC(=O)O)=O)C(N)CC#CCC(NCCOCCOCCOCCNC(CCCC(NC(CN)=O)=O)C(C(CC)C)NC(=O)CCC(=O)NCC(C(=O)O)(C)C)=O,0,CC(C)(OC(N1CC2(C1)CCN(c1cncc(C#Cc3ccccc3)c1)C2)=O)C,O=S(c1cnc(N)cc1)(=O)CCC(N1Cc2cccc(C#Cc3cc(S(=O)(CCC#C)=O)cc(CCCC#N)c3CCCCOC(CCC(C(C)C)C(=O)OCC)=O)c2C1=O)C(=O)NCCNC(C)C(=O)NC(CCC(O)=O)C(NCCCCC(=O)O)=O)C(N)CC#CCC(NCCOCCOCCOCCNC(CCCC(NC(CN)=O)=O)C(C(CC)C)NC(=O)CCC(=O)NCC(C(=O)O)(C)C)=O,152.47
*C(C)(C)C,0,C1C(OCCCc2ccccc2)CN1c1cc(N2CC3(CN(C(OC(C)(C)C)=O)C3)CC2)cnc1,*C(C)(C)C,3.75
CS(=O)(=O)Nc1c(OC)c(F)c(NC(=O)c2c(=O)[nH]c(C)nc2)cc1NC(CC#N)=O)CC(C)CN*,0,C(CCCC)CC#Cc1cc(N2CC3(CC2)CN(C(=O)CCc2c4c([nH]c2)cccc4)C3)cnc1,CS(=O)(=O)Nc1c(OC)c(F)c(NC(=O)c2c(=O)[nH]c(C)nc2)cc1NC(CC#N)=O)CC(C)CN*,45.16
C(C(COc1cc(C#N)cc(F)c1)(C#C)C)#CC#CC#CC#CC#CC#CC#CC#CC#CC#CC#CC#CC#CC#CC(C)(C)CCC#CC#CCNC(c1c(O)cc(C)c(CCC(=O)O)c1)=O)C#CC#CC#CC#CC#CC#CC#CC(C)CCCCC(=O)NCCN(C)C(=O)C(C#N)C#CC#CC(C)CC#CCCCCC|C(N(CC)C(C)CCC#Cc1c(C#N)cnc(NCCCCC#C)n1)COC(CC#CCCCCC)=O)OCC1CCCN,0,c1c(C#CCCCCCC)cncc1N1CC2(CC1)CN(C(c1cc([N+](=O)[O-])cc([N+]([O-])=O)c1)=O)C2,C(C(COc1cc(C#N)cc(F)c1)(C#C)C)#CC#CC#CC#CC#CC#CC#CC#CC#CC#CC#CC#CC#CC#CC(C)(C)CCC#CC#CCNC(c1c(O)cc(C)c(CCC(=O)O)c1)=O)C#CC#CC#CC#CC#CC#CC#CC(C)CCCCC(=O)NCCN(C)C(=O)C(C#N)C#CC#CC(C)CC#CCCCCC|C(N(CC)C(C)CCC#Cc1c(C#N)cnc(NCCCCC#C)n1)COC(CC#CCCCCC)=O)OCC1CCCN,136.67
C#CC1(O)CCN(CCCC(C#N)CCn2cc(-c3ccc(OC)cc3F)cc(C(N)=O)c2=O)CC1(C)C#Cc1ccc(NC(=O)CCN(C)C)c(OC)c1NC(=O)CCC(=O)NC(C#N)CCCCNC(=O)OC,0,C(N1CC2(C1)CCN(c1cc(C#CCCCCCC)cnc1)C2)(=O)c1cc2c(cc1[N+](=O)[O-])OCO2,C1(C#C)(O)CCN(CCCC(CCn2c(=O)c(C(=O)N)cc(-c3c(F)cc(OC)cc3)c2)C#N)CC1(C)C#Cc1ccc(NC(CCN(C)C)=O)c(OC)c1NC(=O)CCC(NC(C#N)CCCCNC(=O)OC)=O,88.57
CC#CCC(=O)N1CCC(Oc2ccc(C#N)c(OCCCCN3CCN(C(=O)C(N)CCC(N)=O)C(C(=O)NCC(N)=O)C3C(=O)NC(C(=O)NC(CO)C(=O)NCC(O)C(NC(C)=O)C(O)C(O)C(C(C)C)C(O)CC)C(C)C)c2)C1,0,N1(C(c2cc3c(cc2)OCO3)=O)CC2(CCN(c3cc(C#CCCCCCC)cnc3)C2)C1,N#Cc1ccc(OC2CCN(C(=O)CC#CC)C2)cc1OCCCCN1CCN(C(=O)C(CCC(=O)N)N)C(C(=O)NCC(=O)N)C1C(=O)NC(C(C)C)C(NC(CO)C(=O)NCC(O)C(NC(=O)C)C(O)C(C(C(C)C)C(CC)O)O)=O,75.94
C(CC(=CC(O)=O)C)(C)(N)C#CCCCC(NCC#Cc1cc(OC)c(OC(C)(C(=O)O)C)cc1)C(C)(C)CNC(CC)=O)C(NCCN(C)C)=O,0,N1(c2cncc(C#CCCCCCC)c2)CC2(CC1)CN(Cc1cc([N+]([O-])=O)cc([N+](=O)[O-])c1)C2,C(CC(=CC(O)=O)C)(C)(N)C#CCCCC(NCC#Cc1cc(OC)c(OC(C)(C(=O)O)C)cc1)C(C)(C)CNC(CC)=O)C(NCCN(C)C)=O,65.43
CC1(C#N)CN(C(c2n(C)c(C3CC3)cn2)=O)CC1CNC(C1(N)CCN(C(=O)c2cc(NC(=O)CC#C)ccc2-c2ccc(C#CCCCC3(O)c(C#C)cc3OCCCCC(=O)N)n2)CC1)=O)CCCCOCC(=O)NCC(F)(F)F,0,O=C(OC(C)(C)C)N1CC2(CCN(c3cc(N4CC(OCCCCCC)C4)cnc3)C2)C1,CC1(C#N)CN(C(c2n(C)c(C3CC3)cn2)=O)CC1CNC(C1(N)CCN(C(=O)c2cc(NC(=O)CC#C)ccc2-c2ccc(C#CCCCC3(O)c(C#C)cc3OCCCCC(=O)N)n2)CC1)=O)CCCCOCC(=O)NCC(F)(F)F,116.66
O(C(C(NC(C(C(=O)OC)C(C)C)=O)Cc1ccccc1)=O)C(C)(C)C)CCC(NCCNC(CCC(C(N)=O)N)=O)C(C(NC(CC(C)C)C(NC)=O)=O)C(CC(C)C)NC(OCC(NC(C)=O)C(=O)NCCCCC(C(=O)N)N)=O,0,c1(C(N2CC3(C2)CCN(c2cc(C#Cc4ccccc4)cnc2)C3)=O)cc([N+](=O)[O-])cc([N+]([O-])=O)c1,O(C(C(NC(C(C(=O)OC)C(C)C)=O)Cc1ccccc1)=O)C(C)(C)C)CCC(NCCNC(CCC(C(N)=O)N)=O)C(C(NC(CC(C)C)C(NC)=O)=O)C(CC(C)C)NC(OCC(NC(C)=O)C(=O)NCCCCC(C(=O)N)N)=O,81.9
FC(F)(F)S(=O)(c1cccc(-n2ccc(C(NC(C(O)=O)C3CC(C)(C)C3)=O)c2)c1C)CCC(C(O)=O)NC(=O)CCC(C(=O)O)NC(CCC(C(NC(C(=O)N)C(C)CC)=O)N)=O)C(=O)OC(C)(C)C,0,c1(N2CC3(CNC3)CC2)cncc(C#Cc2ccccc2)c1,FC(F)(F)S(=O)(c1cccc(-n2ccc(C(NC(C(O)=O)C3CC(C)(C)C3)=O)c2)c1C)CCC(C(O)=O)NC(=O)CCC(C(=O)O)NC(CCC(C(NC(C(=O)N)C(C)CC)=O)N)=O)C(=O)OC(C)(C)C,80.41
C#CCNC(=O)C1CC(CCF)C(C(=O)OC2C(O)C(O)C(O)C(NC(=O)C(N)CCC(=O)C(=O)O)C2C(=O)CCCC=C(C)C2CC(C)(C)C2C(=O)NC(C#N)C(C)(C)C#CCC)C1C(=O)NC1CC(C)(C)CC=C1CO,0,C1CN(c2nc(Br)ccc2)CC12CN(C(=O)OC(C)(C)C)C2,OCC1=CCC(C)(C)CC1NC(=O)C1C(C(NCC#C)=O)CC(CCF)C1C(=O)OC1C(O)C(O)C(O)C(NC(=O)C(N)CCC(C(=O)O)=O)C1C(=O)CCCC=C(C)C1CC(C)(C)C1C(=O)NC(C(C)(C)C#CCC)C#N,114.04
O(C(=O)N1CC(F)C(CNC(C2CC3CC3C2)C(=O)N2CCC(CCOc3ccc(CCCC(=O)NCCCC(=O)NC(CCCCN)C(O)=O)cc3)CC2)C1)C(C(CC)C)C(NC(C#N)CCC(O)=O)=O)C#CCC(C(O)=O)Cc1cc(F)c(F)cc1CS(=O)(=O)N1CCCC1C(=O)CCC#C,0,c1c(-c2cncc(N3CCC4(C3)CN(C(OC(C)(C)C)=O)C4)c2)ccc(F)c1,O(C(=O)N1CC(F)C(CNC(C2CC3CC3C2)C(=O)N2CCC(CCOc3ccc(CCCC(=O)NCCCC(=O)NC(CCCCN)C(O)=O)cc3)CC2)C1)C(C(CC)C)C(NC(C#N)CCC(O)=O)=O)C#CCC(C(O)=O)Cc1cc(F)c(F)cc1CS(=O)(=O)N1CCCC1C(=O)CCC#C,97.76
C1CCCC1(CC(=O)O)C(OC(C)(C)C)C(NCc1oc(C(N2CCC(CC(=O)N3CCC34CC4CC4)CC2)C(O)C(NC(=O)OC(C)(C)C)=O)c(C(=O)O)c1)C(C(NC1C(O)CCC1)=O)(CC)C(=O)NC(C(=O)NC)CC(C)C(=O)NC(CCC(=O)O)C(Nc1ccc(CCCC(NC(CC(C)C)C(O)C(=O)NCC(CCCC)C(NCC#CC)=O)=O)c(CC(O)=O)c1)=O,0,CC(C)(OC(=O)N1CC2(CN(c3cc(Br)cnc3)CC2)C1)C,C1CCCC1(CC(=O)O)C(OC(C)(C)C)C(NCc1oc(C(N2CCC(CC(=O)N3CCC34CC4CC4)CC2)C(O)C(NC(=O)OC(C)(C)C)=O)c(C(=O)O)c1)C(C(NC1C(O)CCC1)=O)(CC)C(=O)NC(C(=O)NC)CC(C)C(=O)NC(CCC(=O)O)C(Nc1ccc(CCCC(NC(CC(C)C)C(O)C(=O)NCC(CCCC)C(NCC#CC)=O)=O)c(CC(O)=O)c1)=O,143.34
*c1ccc(C(=O)OCC(NC(=O)CN2CC(C)NC(C)C2)c2nnco2)cc1,0,CC(C)(OC(N1CC2(C1)CCN(c1cncc(C#Cc3ccccc3)c1)C2)=O)C,C(c1ocnn1)(NC(CN1CC(C)NC(C)C1)=O)COC(=O)c1ccc(*)cc1,42.57
C1CSc2n[nH]c(C2CC2)c1C(OC(C)(C)C)=O)NC(=O)OC(C)(C)C,0,C1C(OCCCc2ccccc2)CN1c1cc(N2CC3(CN(C(OC(C)(C)C)=O)C3)CC2)cnc1,C1CSc2n[nH]c(C2CC2)c1C(OC(C)(C)C)=O)NC(=O)OC(C)(C)C,36.51
*NCC1CN(CCN(C)C(=O)C(N)CC)CCC1CCC(=O)Nc1c(C#CCN(C)C)c(OC)c(C(=O)CC#N)c(O)c1CN1CCC(C)C(C#N)(C#N)C1,0,C(CCCC)CC#Cc1cc(N2CC3(CC2)CN(C(=O)CCc2c4c([nH]c2)cccc4)C3)cnc1,C(#CCN(C)C)c1c(OC)c(C(CC#N)=O)c(O)c(CN2CCC(C)C(C#N)(C#N)C2)c1NC(=O)CCC1CCN(CCN(C)C(=O)C(N)CC)CC1CN*,60.75
C(#N)CCC(O)(C(F)(F)F)C#CC1CCC2CN(C(=O)C(=O)C)CC2C1CCC#CCC(=O)Oc1ccc(C#CCC(C)(O)C#CC)cc1CCCC#CC#CC#CCCC(C)C(O)C(C)=CC(=O)NCCN(C)C(C)=O)CC#C,0,c1c(C#CCCCCCC)cncc1N1CC2(CC1)CN(C(c1cc([N+](=O)[O-])cc([N+]([O-])=O)c1)=O)C2,C(#N)CCC(O)(C(F)(F)F)C#CC1CCC2CN(C(=O)C(=O)C)CC2C1CCC#CCC(=O)Oc1ccc(C#CCC(C)(O)C#CC)cc1CCCC#CC#CC#CCCC(C)C(O)C(C)=CC(=O)NCCN(C)C(C)=O)CC#C,97.75
*CCOc1c(CCN(CC#C)C(=O)CCCCOc2ccc(C#CCN(C)C)cc2C(=O)O)ccc(OC)c1OC,0,C(N1CC2(C1)CCN(c1cc(C#CCCCCCC)cnc1)C2)(=O)c1cc2c(cc1[N+](=O)[O-])OCO2,c1(OC)c(OC)ccc(CCN(CC#C)C(CCCCOc2ccc(C#CCN(C)C)cc2C(O)=O)=O)c1OCC*,32.56
C(O)(=O)C(N)C1CCCCN1C(C1C2CC(C1C(=O)N)C(C#CCCCCC(=O)NC1C3CCC(C31)C2)C(OCC)=O)=O)N(C)CC(=O)N(C)C(C(CC)C)C(=O)NC(C(=O)N)CCC(=O)NC1C(O)CC(N(C(C)=O)C(C(=O)N)C)C(C(NC)=O)C1C(=O)NCC(O)C(C(C)C)C#CCC,0,N1(C(c2cc3c(cc2)OCO3)=O)CC2(CCN(c3cc(C#CCCCCCC)cnc3)C2)C1,C(O)(=O)C(N)C1CCCCN1C(C1C2CC(C1C(=O)N)C(C#CCCCCC(=O)NC1C3CCC(C31)C2)C(OCC)=O)=O)N(C)CC(=O)N(C)C(C(CC)C)C(=O)NC(C(=O)N)CCC(=O)NC1C(O)CC(N(C(C)=O)C(C(=O)N)C)C(C(NC)=O)C1C(=O)NCC(O)C(C(C)C)C#CCC,125.82
c1nccc(N2CCN(C(=O)CC#C)CC2)c1[N+](=O)[O-])CCC(=O)NCCNC(=O)c1[nH]nc(CCCC(C(=O)NC)(C)C)c1OCCNC(NCCC#C)=O,0,N1(c2cncc(C#CCCCCCC)c2)CC2(CC1)CN(Cc1cc([N+]([O-])=O)cc([N+](=O)[O-])c1)C2,c1nccc(N2CCN(C(=O)CC#C)CC2)c1[N+](=O)[O-])CCC(=O)NCCNC(=O)c1[nH]nc(CCCC(C(=O)NC)(C)C)c1OCCNC(NCCC#C)=O,56.84
C#CCCCc1ccc(C(=O)Nc2ccc(CNC(=O)CCC(=O)OCC(=O)NCCCCC(NC(=O)CCC(C(=O)NCC(O)C(C)N3CC4CC3C4C=CCCCC(=O)NCCCCC(N)=O)N(C)CC3CC3CNC(=O)C(CC=C)CCC#CC#CC(CCC(=O)NC3C(CC#CC4(O)CC5CC6CC(C5)CC(C6)C4)CC3(F)F)NCCCC#Cc3ccc(C#CC#CCCCCC#Cc4cnc(N)nc4)cc3)C(N)=O)cc2)cc1F,0,O=C(OC(C)(C)C)N1CC2(CCN(c3cc(N4CC(OCCCCCC)C4)cnc3)C2)C1,C1C2CC3CC1CC(CC(C3)C2)(O)C#CCC1CC(F)(F)C1NC(=O)CCC(NCCCC#Cc1ccc(C#CC#CCCCCC#Cc2cnc(N)nc2)cc1)C#CC#CCCC(CC=C)C(=O)NCC1CC1CN(C)C(CCC(=O)NC(C(=O)N)CCCCNC(=O)COC(=O)CCC(=O)NCc1ccc(NC(=O)c2ccc(CCCC#C)c(F)c2)cc1)C(=O)NCC(O)C(N1C2CC(C1)C2C=CCCCC(=O)NCCCCC(N)=O)C,134.65
CC(C)=CCCC(C)=CCCC(C)=CCCC(C)=CCCC(N)C(C)C(=O)NCCC(C(O)=O)NC(CNC(CCC(N)=O)=O)C(=O)NCC(=O)NCCC(O)=O)C(O)C(C(C)C)C(=O)NCCCC(C(O)=O)NC(CCC(C(C*)O)O)=O,0,c1(C(N2CC3(C2)CCN(c2cc(C#Cc4ccccc4)cnc2)C3)=O)cc([N+](=O)[O-])cc([N+]([O-])=O)c1,CC(C)=CCCC(C)=CCCC(C)=CCCC(C)=CCCC(N)C(C)C(=O)NCCC(C(O)=O)NC(CNC(CCC(N)=O)=O)C(=O)NCC(=O)NCCC(O)=O)C(O)C(C(C)C)C(=O)NCCCC(C(O)=O)NC(CCC(C(C*)O)O)=O,65.72
c1c2ccccc2nc(C(F)(F)F)c1C(N1CC(C(F)(F)F)C(CCC)C1)=O)CCC(=O)NC(CC(C)C)C(=O)N1CCCC(CCS(C)(=O)=O)C1C(O)CC*,0,c1(N2CC3(CNC3)CC2)cncc(C#Cc2ccccc2)c1,c1c2ccccc2nc(C(F)(F)F)c1C(N1CC(C(F)(F)F)C(CCC)C1)=O)CCC(=O)NC(CC(C)C)C(=O)N1CCCC(CCS(C)(=O)=O)C1C(O)CC*,61.91
*CC(=O)OCCC(=O)NC(CC1CCC(CCCC2CCCN2C(=O)C(CCC=C)CC2C(CC(=O)N3CCC(C)N(C(=O)CC#N)CC3)CCN2C(=O)c2c(C(F)(F)F)noc2-c2ccc(C(F)(F)F)cc2CN)CC1)C(C)C1CCCC1,0,C1CN(c2nc(Br)ccc2)CC12CN(C(=O)OC(C)(C)C)C2,c1cc(C(F)(F)F)cc(CN)c1-c1onc(C(F)(F)F)c1C(=O)N1CCC(CC(=O)N2CCC(C)N(C(=O)CC#N)CC2)C(CC(CCC=C)C(=O)N2CCCC2CCCC2CCC(CC(C(C)C3CCCC3)NC(CCOC(C*)=O)=O)CC2)1,107.2
C1(CCC)(C#CC)CC(C(N2CCC(F)(F)C2)=O)N(C(=O)CCCC)C1=O)Oc1ccc(C(N)=O)c(O)c1CCC(C1CC1)C(NS(=O)(c1ccc(C)cc1)=O)C(=O)NCCCCC(=O)NC(C(=O)O)CCCC(=O)NC(C(=O)O)CCCCNC(CCCC(NCC(C(N)=O)NC(=O)CCC(C(=O)O)NC(=O)CCCC(=O)N)=O)=O,0,c1c(-c2cncc(N3CCC4(C3)CN(C(OC(C)(C)C)=O)C4)c2)ccc(F)c1,C1(CCC)(C#CC)CC(C(N2CCC(F)(F)C2)=O)N(C(=O)CCCC)C1=O)Oc1ccc(C(N)=O)c(O)c1CCC(C1CC1)C(NS(=O)(c1ccc(C)cc1)=O)C(=O)NCCCCC(=O)NC(C(=O)O)CCCC(=O)NC(C(=O)O)CCCCNC(CCCC(NCC(C(N)=O)NC(=O)CCC(C(=O)O)NC(=O)CCCC(=O)N)=O)=O,112.93
C(C)(C)(C)OC(=O)N1CCCC1CNC(C)(CCc1ccc(C#N)cc1)C(CCCC)C(=O)N1C(C(NC(C(=O)NC)C#N)CC2CCCCC2)=NC12CC2C(C(C)C)C(NC(C(O)=O)Cc1ccc(OCCCCOc2ccc(C(C(=O)NC)=O)cc2)cc1CCC(N)=O)C(NCCCCC(C(=O)NCCC)C(C)C)=O)NC(Cc1ccccc1)C(O)CCCCN(C)C(=O)OC(C)(C)C,0,CC(C)(OC(=O)N1CC2(CN(c3cc(Br)cnc3)CC2)C1)C,C(C)(C)(C)OC(=O)N1CCCC1CNC(C)(CCc1ccc(C#N)cc1)C(CCCC)C(=O)N1C(C(NC(C(=O)NC)C#N)CC2CCCCC2)=NC12CC2C(C(C)C)C(NC(C(O)=O)Cc1ccc(OCCCCOc2ccc(C(C(=O)NC)=O)cc2)cc1CCC(N)=O)C(NCCCCC(C(=O)NCCC)C(C)C)=O)NC(Cc1ccccc1)C(O)CCCCN(C)C(=O)OC(C)(C)C,122.31
C(=O)(C(CCSC)N)Nc1nc(C)c(S(=O)(=O)NC(C(C)C)C(OC(C)(C)C)=O)nc1CCCCOC(=O)CCCCn1nnc(CNC(C(C)CS(=O)(=O)COC(=O)C(C(CC)C)NC(=O)OC(C)(C)C)=O)c1COC(=O)CCC(C(N)=O)NC(=O)CCC(O)=O)C(C)C,0,CC(C)(OC(N1CC2(C1)CCN(c1cncc(C#Cc3ccccc3)c1)C2)=O)C,C(=O)(C(CCSC)N)Nc1nc(C)c(S(=O)(=O)NC(C(C)C)C(OC(C)(C)C)=O)nc1CCCCOC(=O)CCCCn1nnc(CNC(C(C)CS(=O)(=O)COC(=O)C(C(CC)C)NC(=O)OC(C)(C)C)=O)c1COC(=O)CCC(C(N)=O)NC(=O)CCC(O)=O)C(C)C,82.9
CCOC(=O)C(CCC(=O)OCCN(CC1CC12C(C)NC(C)CN2c1cc(C(N)=O)c2c(cnn2C)c1)C(=O)C#CC#Cc1ccc(OC(CC)C(C)=O)cc1C)NC(=O)c1ccc(C#CCCCCC(=O)NC(C)(C)C)cc1C(=O)CCC(CC(C)C(=O)C(C)(C)C(=O)NCCC(C)C(=O)CCC(=O)OC1C2CC3CC(C2)C2(C=CC(CCCC(C)=O)C(C)N2C=O)C1C3)C(=O)N1C2CCC1CC2,0,C1C(OCCCc2ccccc2)CN1c1cc(N2CC3(CN(C(OC(C)(C)C)=O)C3)CC2)cnc1,C1(C)NC(C)CN(c2cc3c(c(C(=O)N)c2)n(C)nc3)C12CC2CN(C(=O)C#CC#Cc1ccc(OC(CC)C(C)=O)cc1C)CCOC(=O)CCC(C(OCC)=O)NC(=O)c1ccc(C#CCCCCC(=O)NC(C)(C)C)cc1C(=O)CCC(C(N1C2CCC1CC2)=O)CC(C)C(=O)C(C)(C)C(=O)NCCC(C)C(=O)CCC(=O)OC1C2CC3CC(C2)CC1C31C=CC(CCCC(=O)C)C(C)N1C(=O),151.93
*NC1CCN(CC#Cc2c(O)c(C(N)=O)cc(OCC(C)C)c2C#N)CC1,0,C(CCCC)CC#Cc1cc(N2CC3(CC2)CN(C(=O)CCc2c4c([nH]c2)cccc4)C3)cnc1,C(#N)c1c(OCC(C)C)cc(C(=O)N)c(O)c1C#CCN1CCC(N*)CC1,33.02
*CC(NCCOC(=O)CC#CC(O)CCC#CCCCCC)C1CN(CCC#CC#CC#CC#CC#CC#CC#CCCCCC)CCN1c1cc(NC(=O)CC#C)ccc1C#N,0,c1c(C#CCCCCCC)cncc1N1CC2(CC1)CN(C(c1cc([N+](=O)[O-])cc([N+]([O-])=O)c1)=O)C2,C(#N)c1ccc(NC(CC#C)=O)cc1N1CCN(CCC#CC#CC#CC#CC#CC#CC#CCCCCC)CC1C(NCCOC(=O)CC#CC(O)CCC#CCCCCC)C*,58.63
*C(C)C,0,C(N1CC2(C1)CCN(c1cc(C#CCCCCCC)cnc1)C2)(=O)c1cc2c(cc1[N+](=O)[O-])OCO2,*C(C)C,4.33
c1ccccc1NC(CCC(=O)N(C)C)=O)C(O)C(C)(C)CC(C(NCCCCN)=O)NC(=O)C=CC(=O)OCCC(C)C,0,N1(C(c2cc3c(cc2)OCO3)=O)CC2(CCN(c3cc(C#CCCCCCC)cnc3)C2)C1,c1ccccc1NC(CCC(=O)N(C)C)=O)C(O)C(C)(C)CC(C(NCCCCN)=O)NC(=O)C=CC(=O)OCCC(C)C,55.27
C1CC1C(N)C(C(NCC#N)=O)NC(=O)CC#CC#CC#CCCCC(=O)NCC#CC#CC#CC(C)(C)CNC(=O)CCCOCCNC(CCC(C(O)=O)N)=O)CCCC#CC#CCO,0,N1(c2cncc(C#CCCCCCC)c2)CC2(CC1)CN(Cc1cc([N+]([O-])=O)cc([N+](=O)[O-])c1)C2,C1CC1C(N)C(C(NCC#N)=O)NC(=O)CC#CC#CC#CCCCC(=O)NCC#CC#CC#CC(C)(C)CNC(=O)CCCOCCNC(CCC(C(O)=O)N)=O)CCCC#CC#CCO,58.39
C12(NC(=O)c3n(-c4sc(C)nn4)ccc3)c2nc(Cl)nc1SCCCCC(C)C(=O)N1CC(C)(C(F)(F)F)C1C(=O)Nc1ccc(C)c(C(=O)N2C(C(=O)NC(C(N)=O)CCCCN)CC2C#N)c1C#Cc1ccc(NC(C(CCCCN)NC(=O)CCCC(=O)O)=O)cc1,0,O=C(OC(C)(C)C)N1CC2(CCN(c3cc(N4CC(OCCCCCC)C4)cnc3)C2)C1,C12(NC(=O)c3n(-c4sc(C)nn4)ccc3)c2nc(Cl)nc1SCCCCC(C)C(=O)N1CC(C)(C(F)(F)F)C1C(=O)Nc1ccc(C)c(C(=O)N2C(C(=O)NC(C(N)=O)CCCCN)CC2C#N)c1C#Cc1ccc(NC(C(CCCCN)NC(=O)CCCC(=O)O)=O)cc1,106.56
CCCC(=O)N(C)Cc1ccc(CCC(NC(=O)CCCC(NC(=O)CCCC(=O)NC(C(=O)O)C(C)CCCC(N)=O)C(=O)O)C(C)C)c(C(O)C(C#N)C(NC(=O)CCC(N)C(N)=O)C(C)C)c1,0,c1(C(N2CC3(C2)CCN(c2cc(C#Cc4ccccc4)cnc2)C3)=O)cc([N+](=O)[O-])cc([N+]([O-])=O)c1,c1cc(CN(C)C(CCC)=O)cc(C(O)C(C#N)C(C(C)C)NC(=O)CCC(N)C(=O)N)c1CCC(C(C)C)NC(=O)CCCC(C(O)=O)NC(=O)CCCC(=O)NC(C(=O)O)C(C)CCCC(N)=O,64.02
CCCN(C(=O)C(=O)Cc1cc(CCCC(NCCCCC(N)C(=O)NCC(=O)NC(Cc2ccc(OCCCCS(=O)(=O)O)cc2)C(=O)O)C(=O)NCC(C)C)cc(OCCCCC(=O)C(=O)N[SH](=O)(Cc2ccccc2)NC(=O)C(=O)O)c1)C1CC1C(=O)NOCC(F)(F)F,0,c1(N2CC3(CNC3)CC2)cncc(C#Cc2ccccc2)c1,c1c(CC(C(=O)N(C2CC2C(=O)NOCC(F)(F)F)CCC)=O)cc(OCCCCC(C(=O)NS(=O)(NC(=O)C(=O)O)Cc2ccccc2)=O)cc1CCCC(NCCCCC(N)C(NCC(=O)NC(C(O)=O)Cc1ccc(OCCCCS(=O)(O)=O)cc1)=O)C(=O)NCC(C)C,99.11
CC1CC(Cc2cc(C(=O)NC3(C#N)CC3)ccc2N2CCOCC2C)C(COc2ccc(-c3nc(CCC4CC4)no3)nc2C(CC(O)C(=O)N2CCOC2=O)C(C)C)N(C(CC#N)C(C)(C)C)C1,0,C1CN(c2nc(Br)ccc2)CC12CN(C(=O)OC(C)(C)C)C2,C1COCC(C)N1c1ccc(C(NC2(C#N)CC2)=O)cc1CC1CC(C)CN(C(CC#N)C(C)(C)C)C1COc1ccc(-c2onc(CCC3CC3)n2)nc1C(C(C)C)CC(O)C(=O)N1CCOC1=O,89.11
*CCC(F)(F)CNC(=O)C(C)(CCC#CC(C)(C)CC(N)C(=O)N1CCN(c2cnc(F)c(C(=O)NC3CCOCC3OC)c2)CC1)NC(=O)OCOC(=O)CCC(=O)NCc1ccc(NC(=O)CC(CC(F)F)C(=O)O)cc1,0,c1c(-c2cncc(N3CCC4(C3)CN(C(OC(C)(C)C)=O)C4)c2)ccc(F)c1,CC(C)(CC(N)C(=O)N1CCN(c2cnc(F)c(C(NC3C(OC)COCC3)=O)c2)CC1)C#CCCC(C)(NC(=O)OCOC(=O)CCC(=O)NCc1ccc(NC(CC(CC(F)F)C(=O)O)=O)cc1)C(=O)NCC(F)(F)CC*,88.63
[N-]=[N+]=NCCOCCOCCOCOC(=O)C=CC(=O)N(CC1CC1)CC(N)C(N)Cc1c[nH]cn1,0,CC(C)(OC(=O)N1CC2(CN(c3cc(Br)cnc3)CC2)C1)C,O=C(C=CC(=O)N(CC(C(N)Cc1nc[nH]c1)N)CC1CC1)OCOCCOCCOCCN=[N+]=[N-],51.41
N(CC(C)C)S(=O)(=O)c1ccc(NC(=O)CCC(=O)O)c(OCCO)c1CCCCC(C(=O)O)NC(=O)C(C(C)CC)NC(=O)CCC(O)=O)COCCOCCNC(=O)CCC(NC(=O)CCCC1SCC2NC(=O)NC21)C(NCCCCC(NC(=O)OCc1ccccc1)C(=O)C(NCC(CC)C)=O)=O,0,CC(C)(OC(N1CC2(C1)CCN(c1cncc(C#Cc3ccccc3)c1)C2)=O)C,N(CC(C)C)S(=O)(=O)c1ccc(NC(=O)CCC(=O)O)c(OCCO)c1CCCCC(C(=O)O)NC(=O)C(C(C)CC)NC(=O)CCC(O)=O)COCCOCCNC(=O)CCC(NC(=O)CCCC1SCC2NC(=O)NC21)C(NCCCCC(NC(=O)OCc1ccccc1)C(=O)C(NCC(CC)C)=O)=O,82.74
CC(C)OC(=O)NC(CCC(=O)C(CC(C)C(=O)N1CCCC1C(=O)OC1C(C(C)C)NC(=O)C1C(C)C)NC(=O)OC(C)(C)C)C(=O)C(C)CC1CN2CC(C(CNC(=O)C3CCCN3C(=O)CCCC(=O)CCC(=O)N3CCC(CC4CC4)C(CCC(C)(C)C(=O)O)C3)CC(CCC(=O)NC3CCC=C3C(N)=O)OCC2=O)N1C(=O)OC(C)(C)C,0,C1C(OCCCc2ccccc2)CN1c1cc(N2CC3(CN(C(OC(C)(C)C)=O)C3)CC2)cnc1,CC(C)(C)OC(=O)N1C2CN(C(=O)COC(CCC(NC3C(C(=O)N)=CCC3)=O)CC2CNC(=O)C3CCCN3C(=O)CCCC(=O)CCC(=O)N2CCC(CC3CC3)C(CCC(C(=O)O)(C)C)C2)CC1CC(C)C(=O)C(NC(=O)OC(C)C)CCC(=O)C(NC(=O)OC(C)(C)C)CC(C)C(=O)N1CCCC1C(=O)OC1C(C(C)C)C(=O)NC1C(C)C,122.96
C#CCCCC(=O)NCCOCCOCC#CC#CC#CCONC(=O)C(CCCC#C)NCCOCCOCC#CCCC(=O)OCCCCOc1cc(C2(NC(C)=O)CCN(CC#C)CC2)ccc1OCCCC#CCC(C#N)c1ccc(-n2ccnc2C)c(OC(C)C(C)(C=C)CN2CCCC2)c1,0,C(CCCC)CC#Cc1cc(N2CC3(CC2)CN(C(=O)CCc2c4c([nH]c2)cccc4)C3)cnc1,C(C#N)(c1ccc(-n2c(C)ncc2)c(OC(C)C(C)(CN2CCCC2)C=C)c1)CC#CCCCOc1ccc(C2(NC(C)=O)CCN(CC#C)CC2)cc1OCCCCOC(=O)CCC#CCOCCOCCNC(CCCC#C)C(=O)NOCC#CC#CC#CCOCCOCCNC(CCCC#C)=O,95.83
C#CCCCC(COCCCCNC(=O)CCCCC#CC#CC#CCCCCC)OCC(O)C(NCC#CC#CC#CCCCCC)c1cc(OC)c(OC)c(OC)c1C#CC#CCOCCOCCNC(=O)CCC#CC#CC(CO)C(O)CCCC(C#C)C(O)C(C)CC#CC#CC#CC#CC#CC#CC#CCCC(O)C(C(C)C)C(O)CCC(=O)C1CCC(CC(=O)O)CC1,0,c1c(C#CCCCCCC)cncc1N1CC2(CC1)CN(C(c1cc([N+](=O)[O-])cc([N+]([O-])=O)c1)=O)C2,C1CC(CC(=O)O)CCC1C(=O)CCC(O)C(C(C)C)C(O)CCC#CC#CC#CC#CC#CC#CC#CCC(C)C(O)C(C#C)CCCC(O)C(CO)C#CC#CCCC(=O)NCCOCCOCC#CC#Cc1c(OC)c(OC)c(OC)cc1C(NCC#CC#CC#CCCCCC)C(O)COC(CCCC#C)COCCCCNC(=O)CCCCC#CC#CC#CCCCCC,104.46
O=C(C1(C#N)CC1)N1C(=O)C(C(C)C)NC1=O)CCC(NC(CCC)C(=O)OC)C(CCC(N*)=O)O,0,C(N1CC2(C1)CCN(c1cc(C#CCCCCCC)cnc1)C2)(=O)c1cc2c(cc1[N+](=O)[O-])OCO2,O=C(C1(C#N)CC1)N1C(=O)C(C(C)C)NC1=O)CCC(NC(CCC)C(=O)OC)C(CCC(N*)=O)O,45.83
C1NC(=O)CN(C(=O)Cc2cccc(C#N)c2)C1C(N1CCN(C(C(CC2COC2)N)=O)CC1)CCN1CCC(CCOc2ccc(C#CCN(C)C)nn2)C(C(=O)CCC#C)C1OCC(C(C(C)C)NC(=O)C)=O)OC,0,N1(C(c2cc3c(cc2)OCO3)=O)CC2(CCN(c3cc(C#CCCCCCC)cnc3)C2)C1,C1NC(=O)CN(C(=O)Cc2cccc(C#N)c2)C1C(N1CCN(C(C(CC2COC2)N)=O)CC1)CCN1CCC(CCOc2ccc(C#CCN(C)C)nn2)C(C(=O)CCC#C)C1OCC(C(C(C)C)NC(=O)C)=O)OC,86.12
C=CCC(C)(CNC(=O)C(C)(C)CCC(=O)NC(CNC(=O)c1cc(CS(C)(C)(=O)CC#CCC#CC)cc(OC)c1C(NCC(Cc1ccc(OCC2(CO)CCC(C#N)(C(C)=O)CC2)cc1OCCCN(C)C)C(N)=O)C(CCC(N)=O)NCC(C)(C)C#CC(C)(O)C(C)C)C(=O)O)C(N)=O,0,N1(c2cncc(C#CCCCCCC)c2)CC2(CC1)CN(Cc1cc([N+]([O-])=O)cc([N+](=O)[O-])c1)C2,C(C)(C(C)C)(O)C#CC(C)(C)CNC(CCC(=O)N)C(NCC(C(N)=O)Cc1ccc(OCC2(CO)CCC(C(=O)C)(C#N)CC2)cc1OCCCN(C)C)c1c(OC)cc(CS(=O)(CC#CCC#CC)(C)C)cc1C(=O)NCC(C(=O)O)NC(=O)CCC(C)(C)C(=O)NCC(C(=O)N)(C)CC=C,119.74
C(C12C3CC(CC3)C1C2(C)C)(N1CCC(N2C(=O)CC(C(=O)N)(CS(=O)(=O)N)C2)CC1)C(=O)NC1C(C(=O)NC(C(C)C)C(=O)NC(C(=O)N)CCCCN)C2NC(=O)NC2C1CCCCC(NCCOCCOCCOCC#C)=O)Oc1ccc(C#CC#Cc2ccc(OCC3CC3)c(C#CC)c2)cc1C#CC(O)CCCC(O)=O,0,O=C(OC(C)(C)C)N1CC2(CCN(c3cc(N4CC(OCCCCCC)C4)cnc3)C2)C1,C(C12C3CC(CC3)C1C2(C)C)(N1CCC(N2C(=O)CC(C(=O)N)(CS(=O)(=O)N)C2)CC1)C(=O)NC1C(C(=O)NC(C(C)C)C(=O)NC(C(=O)N)CCCCN)C2NC(=O)NC2C1CCCCC(NCCOCCOCCOCC#C)=O)Oc1ccc(C#CC#Cc2ccc(OCC3CC3)c(C#CC)c2)cc1C#CC(O)CCCC(O)=O,94.93
C(N)(=O)CCC(NC(c1c(C)cc(C)cc1C)=O)C(NCCCC(C(=O)O)NC(=O)C(N)Cc1c(C)cc(O)cc1CCCC)=O)C(=O)NCCCC(C(=O)O)NC(=O)CCCC(C(=O)O)NC(CCCCNCC(N)C(CC(C)C)NC(CCCC(=O)NC(CC(C)C)C(=O)N)=O)=O,0,c1(C(N2CC3(C2)CCN(c2cc(C#Cc4ccccc4)cnc2)C3)=O)cc([N+](=O)[O-])cc([N+]([O-])=O)c1,C(N)(=O)CCC(NC(c1c(C)cc(C)cc1C)=O)C(NCCCC(C(=O)O)NC(=O)C(N)Cc1c(C)cc(O)cc1CCCC)=O)C(=O)NCCCC(C(=O)O)NC(=O)CCCC(C(=O)O)NC(CCCCNCC(N)C(CC(C)C)NC(CCCC(=O)NC(CC(C)C)C(=O)N)=O)=O,70.93
